{"type":"FeatureCollection","name":"faskes","crs":{"type":"name","properties":{"name":"urn:ogc:def:crs:OGC:1.3:CRS84"}},"features":[{"type":"Feature","properties":{"name":"Kinder- und Jugendmedizin (P\u00e4diatrie)","amenity":"Klinik"},"geometry":{"type":"Point","coordinates":[11.58027,48.17099]}},{"type":"Feature","properties":{"name":"Mund-, Kiefer-, Gesichtschirurgie","amenity":"Klinik"},"geometry":{"type":"Point","coordinates":[11.56052,48.131]}},{"type":"Feature","properties":{"name":"Dr. von Haunersches Kinderspital","amenity":"Klinik"},"geometry":{"type":"Point","coordinates":[11.55921,48.13028]}},{"type":"Feature","properties":{"name":"Poliklinik Zahn\u00e4rztliche Prothetik","amenity":"Klinik"},"geometry":{"type":"Point","coordinates":[11.5582,48.13168]}},{"type":"Feature","properties":{"name":"Poliklinik Zahnerhaltung und Parodontologie","amenity":"Klinik"},"geometry":{"type":"Point","coordinates":[11.55819,48.13133]}},{"type":"Feature","properties":{"name":"Poliklinik Kieferorthop\u00e4die","amenity":"Klinik"},"geometry":{"type":"Point","coordinates":[11.55818,48.13098]}},{"type":"Feature","properties":{"name":"Olympia-Apotheke","amenity":"Puskesmas"},"geometry":{"type":"Point","coordinates":[11.51984,48.09926]}},{"type":"Feature","properties":{"name":"Rondell Apotheke","amenity":"Puskesmas"},"geometry":{"type":"Point","coordinates":[11.55627,48.09071]}},{"type":"Feature","properties":{"name":"Apotheke am Josephsplatz","amenity":"Puskesmas"},"geometry":{"type":"Point","coordinates":[11.56681,48.15485]}},{"type":"Feature","properties":{"name":"City-Apotheke","amenity":"Puskesmas"},"geometry":{"type":"Point","coordinates":[11.56121,48.13808]}},{"type":"Feature","properties":{"name":"Hellenstein Apotheke","amenity":"Puskesmas"},"geometry":{"type":"Point","coordinates":[11.43536,48.151]}},{"type":"Feature","properties":{"name":"Angerloh-Apotheke","amenity":"Puskesmas"},"geometry":{"type":"Point","coordinates":[11.47594,48.18164]}},{"type":"Feature","properties":{"name":"Westkreuz-Apotheke","amenity":"Puskesmas"},"geometry":{"type":"Point","coordinates":[11.43454,48.14923]}},{"type":"Feature","properties":{"name":"Bahnhofapotheke","amenity":"Puskesmas"},"geometry":{"type":"Point","coordinates":[11.46022,48.14873]}},{"type":"Feature","properties":{"name":"Walpurgis-Apotheke","amenity":"Puskesmas"},"geometry":{"type":"Point","coordinates":[11.57328,48.18195]}},{"type":"Feature","properties":{"name":"Sibelius-Apotheke","amenity":"Puskesmas"},"geometry":{"type":"Point","coordinates":[11.47581,48.15157]}},{"type":"Feature","properties":{"name":"Ubo Apotheke","amenity":"Puskesmas"},"geometry":{"type":"Point","coordinates":[11.42025,48.15133]}},{"type":"Feature","properties":{"name":"Spitzweg Apotheke","amenity":"Puskesmas"},"geometry":{"type":"Point","coordinates":[11.56892,48.16109]}},{"type":"Feature","properties":{"name":"Kilian Apotheke","amenity":"Puskesmas"},"geometry":{"type":"Point","coordinates":[11.56784,48.16153]}},{"type":"Feature","properties":{"name":"Tassilo Apotheke","amenity":"Puskesmas"},"geometry":{"type":"Point","coordinates":[11.61602,48.14256]}},{"type":"Feature","properties":{"name":"Freisch\u00fctz-Apotheke","amenity":"Puskesmas"},"geometry":{"type":"Point","coordinates":[11.64442,48.16511]}},{"type":"Feature","properties":{"name":"Schyrenapotheke","amenity":"Puskesmas"},"geometry":{"type":"Point","coordinates":[11.57093,48.11465]}},{"type":"Feature","properties":{"name":"Rathaus-Apotheke","amenity":"Puskesmas"},"geometry":{"type":"Point","coordinates":[11.57597,48.13741]}},{"type":"Feature","properties":{"name":"Apotheke am G\u00e4rtnerplatz","amenity":"Puskesmas"},"geometry":{"type":"Point","coordinates":[11.57631,48.13133]}},{"type":"Feature","properties":{"name":"Rumford Apotheke","amenity":"Puskesmas"},"geometry":{"type":"Point","coordinates":[11.57646,48.13364]}},{"type":"Feature","properties":{"name":"Apotheke am Hart","amenity":"Puskesmas"},"geometry":{"type":"Point","coordinates":[11.57201,48.20482]}},{"type":"Feature","properties":{"name":"Domos","amenity":"Puskesmas"},"geometry":{"type":"Point","coordinates":[11.56361,48.21219]}},{"type":"Feature","properties":{"name":"Lilienapotheke","amenity":"Puskesmas"},"geometry":{"type":"Point","coordinates":[11.556,48.21243]}},{"type":"Feature","properties":{"name":"Gundermann-Apotheke","amenity":"Puskesmas"},"geometry":{"type":"Point","coordinates":[11.5531,48.20399]}},{"type":"Feature","properties":{"name":"Apotheke im Franziskanerhof","amenity":"Puskesmas"},"geometry":{"type":"Point","coordinates":[11.59137,48.12676]}},{"type":"Feature","properties":{"name":"Hall'sche Apotheke","amenity":"Puskesmas"},"geometry":{"type":"Point","coordinates":[11.59299,48.12871]}},{"type":"Feature","properties":{"name":"Chiemgau Apotheke","amenity":"Puskesmas"},"geometry":{"type":"Point","coordinates":[11.60337,48.10831]}},{"type":"Feature","properties":{"name":"Bernhard-Apotheke","amenity":"Puskesmas"},"geometry":{"type":"Point","coordinates":[11.60354,48.10967]}},{"type":"Feature","properties":{"name":"Heide-Markt-Apotheke","amenity":"Puskesmas"},"geometry":{"type":"Point","coordinates":[11.6066,48.20183]}},{"type":"Feature","properties":{"name":"Klosterapotheke","amenity":"Puskesmas"},"geometry":{"type":"Point","coordinates":[11.59771,48.13584]}},{"type":"Feature","properties":{"name":"Ostbahnhof Apotheke","amenity":"Puskesmas"},"geometry":{"type":"Point","coordinates":[11.60371,48.12897]}},{"type":"Feature","properties":{"name":"Wei\u00dfenburger Apotheke","amenity":"Puskesmas"},"geometry":{"type":"Point","coordinates":[11.59935,48.12852]}},{"type":"Feature","properties":{"name":"Dr. med. Dorothee Westenhuber","amenity":"Klinik"},"geometry":{"type":"Point","coordinates":[11.61498,48.11368]}},{"type":"Feature","properties":{"name":"St. Johannis Apotheke","amenity":"Puskesmas"},"geometry":{"type":"Point","coordinates":[11.60207,48.1295]}},{"type":"Feature","properties":{"name":"Kugelapotheke","amenity":"Puskesmas"},"geometry":{"type":"Point","coordinates":[11.54455,48.1339]}},{"type":"Feature","properties":{"name":"Preysing-Apotheke","amenity":"Puskesmas"},"geometry":{"type":"Point","coordinates":[11.5984,48.13194]}},{"type":"Feature","properties":{"name":"WW Studio","amenity":"Puskesmas"},"geometry":{"type":"Point","coordinates":[11.59817,48.13495]}},{"type":"Feature","properties":{"name":"fit & gesund Apotheke","amenity":"Puskesmas"},"geometry":{"type":"Point","coordinates":[11.56675,48.18442]}},{"type":"Feature","properties":{"name":"Linden-Apotheke","amenity":"Puskesmas"},"geometry":{"type":"Point","coordinates":[11.46098,48.14428]}},{"type":"Feature","properties":{"name":"Neptun-Apotheke","amenity":"Puskesmas"},"geometry":{"type":"Point","coordinates":[11.70085,48.1131]}},{"type":"Feature","properties":{"name":"Medizinischer Bereitschaftsdienst Elisenhof","amenity":"Klinik"},"geometry":{"type":"Point","coordinates":[11.56191,48.14096]}},{"type":"Feature","properties":{"name":"Apotheke am Marx-Zentrum","amenity":"Puskesmas"},"geometry":{"type":"Point","coordinates":[11.65655,48.10734]}},{"type":"Feature","properties":{"name":"Gesundbrunnen-Apotheke","amenity":"Puskesmas"},"geometry":{"type":"Point","coordinates":[11.46131,48.14838]}},{"type":"Feature","properties":{"name":"Maria-Eich-Apotheke","amenity":"Puskesmas"},"geometry":{"type":"Point","coordinates":[11.44508,48.13851]}},{"type":"Feature","properties":{"name":"Solalinden-Apotheke","amenity":"Puskesmas"},"geometry":{"type":"Point","coordinates":[11.66966,48.12196]}},{"type":"Feature","properties":{"name":"Libellen-Apotheke","amenity":"Puskesmas"},"geometry":{"type":"Point","coordinates":[11.65529,48.12483]}},{"type":"Feature","properties":{"name":"Ursus-Apotheke","amenity":"Puskesmas"},"geometry":{"type":"Point","coordinates":[11.6719,48.08132]}},{"type":"Feature","properties":{"name":"Apotheke am Bonner Platz","amenity":"Puskesmas"},"geometry":{"type":"Point","coordinates":[11.57803,48.16716]}},{"type":"Feature","properties":{"name":"Perlen Apotheke am Pfanzeltplatz","amenity":"Puskesmas"},"geometry":{"type":"Point","coordinates":[11.63129,48.09995]}},{"type":"Feature","properties":{"name":"Podologie","amenity":"Puskesmas"},"geometry":{"type":"Point","coordinates":[11.64113,48.15181]}},{"type":"Feature","properties":{"name":"Apotheke West 4","amenity":"Puskesmas"},"geometry":{"type":"Point","coordinates":[11.52284,48.1372]}},{"type":"Feature","properties":{"name":"Atrium Apotheke","amenity":"Puskesmas"},"geometry":{"type":"Point","coordinates":[11.64067,48.14619]}},{"type":"Feature","properties":{"name":"Josephsburg-Apotheke","amenity":"Puskesmas"},"geometry":{"type":"Point","coordinates":[11.63522,48.12558]}},{"type":"Feature","properties":{"name":"Liebig-Apotheke","amenity":"Puskesmas"},"geometry":{"type":"Point","coordinates":[11.58651,48.14157]}},{"type":"Feature","properties":{"name":"Apotheke am Thierschplatz","amenity":"Puskesmas"},"geometry":{"type":"Point","coordinates":[11.58846,48.13955]}},{"type":"Feature","properties":{"name":"avi Lehel","amenity":"Klinik"},"geometry":{"type":"Point","coordinates":[11.58666,48.13985]}},{"type":"Feature","properties":{"name":"Frauenklinik Dr. Geisenhofer","amenity":"Rumah Sakit"},"geometry":{"type":"Point","coordinates":[11.59605,48.15151]}},{"type":"Feature","properties":{"name":"Dr. med. dent. Engl","amenity":"Puskesmas"},"geometry":{"type":"Point","coordinates":[11.5911,48.13981]}},{"type":"Feature","properties":{"name":"Dentalcarr\u00e9 Zahntechnisches Labor","amenity":"Puskesmas"},"geometry":{"type":"Point","coordinates":[11.59119,48.14012]}},{"type":"Feature","properties":{"name":"Quellen-Apotheke","amenity":"Puskesmas"},"geometry":{"type":"Point","coordinates":[11.64038,48.14672]}},{"type":"Feature","properties":{"name":"Dante-Apotheke","amenity":"Puskesmas"},"geometry":{"type":"Point","coordinates":[11.52919,48.16364]}},{"type":"Feature","properties":{"name":"Zweibr\u00fccken-Apotheke","amenity":"Puskesmas"},"geometry":{"type":"Point","coordinates":[11.58286,48.1335]}},{"type":"Feature","properties":{"name":"L\u00f6wenapotheke","amenity":"Puskesmas"},"geometry":{"type":"Point","coordinates":[11.57559,48.13459]}},{"type":"Feature","properties":{"name":"Stern-Apotheke","amenity":"Puskesmas"},"geometry":{"type":"Point","coordinates":[11.63079,48.12909]}},{"type":"Feature","properties":{"name":"Physiotherapie im Lehel","amenity":"Puskesmas"},"geometry":{"type":"Point","coordinates":[11.58574,48.14188]}},{"type":"Feature","properties":{"name":"Naturheilpraxis","amenity":"Puskesmas"},"geometry":{"type":"Point","coordinates":[11.58799,48.13683]}},{"type":"Feature","properties":{"name":"Akazien Apotheke","amenity":"Puskesmas"},"geometry":{"type":"Point","coordinates":[11.64026,48.08819]}},{"type":"Feature","properties":{"name":"Flora Apotheke","amenity":"Puskesmas"},"geometry":{"type":"Point","coordinates":[11.57584,48.10948]}},{"type":"Feature","properties":{"name":"Viktoria-Apotheke","amenity":"Puskesmas"},"geometry":{"type":"Point","coordinates":[11.54478,48.19856]}},{"type":"Feature","properties":{"name":"Zahnmedizin-Nymphenburg","amenity":"Puskesmas"},"geometry":{"type":"Point","coordinates":[11.51122,48.15419]}},{"type":"Feature","properties":{"name":"Lassalle Apotheke","amenity":"Puskesmas"},"geometry":{"type":"Point","coordinates":[11.53491,48.19835]}},{"type":"Feature","properties":{"name":"Nikolaus-Apotheke","amenity":"Puskesmas"},"geometry":{"type":"Point","coordinates":[11.64196,48.09405]}},{"type":"Feature","properties":{"name":"Salvator Apotheke","amenity":"Puskesmas"},"geometry":{"type":"Point","coordinates":[11.58342,48.11935]}},{"type":"Feature","properties":{"name":"Bio-Apotheke","amenity":"Puskesmas"},"geometry":{"type":"Point","coordinates":[11.57878,48.13459]}},{"type":"Feature","properties":{"name":"Isartor Apotheke","amenity":"Puskesmas"},"geometry":{"type":"Point","coordinates":[11.58341,48.13399]}},{"type":"Feature","properties":{"name":"Mocho Apotheke","amenity":"Puskesmas"},"geometry":{"type":"Point","coordinates":[11.53085,48.21502]}},{"type":"Feature","properties":{"name":"Rosenapotheke","amenity":"Puskesmas"},"geometry":{"type":"Point","coordinates":[11.57384,48.1365]}},{"type":"Feature","properties":{"name":"Regenbogenapotheke","amenity":"Puskesmas"},"geometry":{"type":"Point","coordinates":[11.56622,48.13466]}},{"type":"Feature","properties":{"name":"Marien Apotheke","amenity":"Puskesmas"},"geometry":{"type":"Point","coordinates":[11.56526,48.1337]}},{"type":"Feature","properties":{"name":"Isar-Apotheke","amenity":"Puskesmas"},"geometry":{"type":"Point","coordinates":[11.57017,48.12825]}},{"type":"Feature","properties":{"name":"Fraunhofer Apotheke","amenity":"Puskesmas"},"geometry":{"type":"Point","coordinates":[11.5752,48.12848]}},{"type":"Feature","properties":{"name":"Apotheke am Perlacher Forst","amenity":"Puskesmas"},"geometry":{"type":"Point","coordinates":[11.59466,48.10408]}},{"type":"Feature","properties":{"name":"Apotheke Hans Mielich","amenity":"Puskesmas"},"geometry":{"type":"Point","coordinates":[11.56993,48.11494]}},{"type":"Feature","properties":{"name":"Troger Apotheke","amenity":"Puskesmas"},"geometry":{"type":"Point","coordinates":[11.6016,48.14021]}},{"type":"Feature","properties":{"name":"Kurf\u00fcrsten Apotheke","amenity":"Puskesmas"},"geometry":{"type":"Point","coordinates":[11.57513,48.15778]}},{"type":"Feature","properties":{"name":"Isartal-Apotheke","amenity":"Puskesmas"},"geometry":{"type":"Point","coordinates":[11.54464,48.10521]}},{"type":"Feature","properties":{"name":"Grillparzer-Apotheke","amenity":"Puskesmas"},"geometry":{"type":"Point","coordinates":[11.60881,48.1364]}},{"type":"Feature","properties":{"name":"Apotheke Schwabing Nord","amenity":"Puskesmas"},"geometry":{"type":"Point","coordinates":[11.60199,48.17839]}},{"type":"Feature","properties":{"name":"Elektra-Apotheke","amenity":"Puskesmas"},"geometry":{"type":"Point","coordinates":[11.62038,48.15137]}},{"type":"Feature","properties":{"name":"B\u00e4ren-Apotheke","amenity":"Puskesmas"},"geometry":{"type":"Point","coordinates":[11.52796,48.12072]}},{"type":"Feature","properties":{"name":"Eichendorff-Apotheke","amenity":"Puskesmas"},"geometry":{"type":"Point","coordinates":[11.52715,48.11619]}},{"type":"Feature","properties":{"name":"Kant Apotheke","amenity":"Puskesmas"},"geometry":{"type":"Point","coordinates":[11.55811,48.21994]}},{"type":"Feature","properties":{"name":"Pharao Apotheke","amenity":"Puskesmas"},"geometry":{"type":"Point","coordinates":[11.63591,48.17332]}},{"type":"Feature","properties":{"name":"Centaurus Apotheke","amenity":"Puskesmas"},"geometry":{"type":"Point","coordinates":[11.63479,48.16857]}},{"type":"Feature","properties":{"name":"Cosima-Apotheke","amenity":"Puskesmas"},"geometry":{"type":"Point","coordinates":[11.63033,48.15502]}},{"type":"Feature","properties":{"name":"Dr. med. Wolfgang Hofmeister","amenity":"Klinik"},"geometry":{"type":"Point","coordinates":[11.66207,48.12273]}},{"type":"Feature","properties":{"name":"St. Rupertus-Apotheke","amenity":"Puskesmas"},"geometry":{"type":"Point","coordinates":[11.53481,48.1375]}},{"type":"Feature","properties":{"name":"Lori-Apotheke","amenity":"Puskesmas"},"geometry":{"type":"Point","coordinates":[11.54924,48.14959]}},{"type":"Feature","properties":{"name":"Nordstern Apotheke","amenity":"Puskesmas"},"geometry":{"type":"Point","coordinates":[11.54534,48.15039]}},{"type":"Feature","properties":{"name":"Alpha Apotheke","amenity":"Puskesmas"},"geometry":{"type":"Point","coordinates":[11.53933,48.15102]}},{"type":"Feature","properties":{"name":"St. Blasius Apotheke","amenity":"Puskesmas"},"geometry":{"type":"Point","coordinates":[11.56005,48.14508]}},{"type":"Feature","properties":{"name":"St. Antonius Apotheke","amenity":"Puskesmas"},"geometry":{"type":"Point","coordinates":[11.56029,48.1448]}},{"type":"Feature","properties":{"name":"von Mendelsche Apotheke","amenity":"Puskesmas"},"geometry":{"type":"Point","coordinates":[11.58571,48.15928]}},{"type":"Feature","properties":{"name":"kbo-Klinik f\u00fcr Psychiatrie und Psychotherapie Haar | Atriumhaus","amenity":"Klinik"},"geometry":{"type":"Point","coordinates":[11.54516,48.12368]}},{"type":"Feature","properties":{"name":"St. Veit Apotheke","amenity":"Puskesmas"},"geometry":{"type":"Point","coordinates":[11.64627,48.12825]}},{"type":"Feature","properties":{"name":"Bienen-Apotheke","amenity":"Puskesmas"},"geometry":{"type":"Point","coordinates":[11.54803,48.12098]}},{"type":"Feature","properties":{"name":"Engel Apotheke","amenity":"Puskesmas"},"geometry":{"type":"Point","coordinates":[11.57608,48.1396]}},{"type":"Feature","properties":{"name":"Links der Isar","amenity":"Puskesmas"},"geometry":{"type":"Point","coordinates":[11.54526,48.12238]}},{"type":"Feature","properties":{"name":"Ost-Apotheke","amenity":"Puskesmas"},"geometry":{"type":"Point","coordinates":[11.6387,48.12527]}},{"type":"Feature","properties":{"name":"Nauplia-Apotheke","amenity":"Puskesmas"},"geometry":{"type":"Point","coordinates":[11.57318,48.09473]}},{"type":"Feature","properties":{"name":"Melusinen-Apotheke","amenity":"Puskesmas"},"geometry":{"type":"Point","coordinates":[11.6108,48.11925]}},{"type":"Feature","properties":{"name":"ABC-Apotheke","amenity":"Puskesmas"},"geometry":{"type":"Point","coordinates":[11.60012,48.08749]}},{"type":"Feature","properties":{"name":"Alpen-Apotheke","amenity":"Puskesmas"},"geometry":{"type":"Point","coordinates":[11.61254,48.11663]}},{"type":"Feature","properties":{"name":"Prinz-Eugen-Apotheke","amenity":"Puskesmas"},"geometry":{"type":"Point","coordinates":[11.57397,48.16889]}},{"type":"Feature","properties":{"name":"Walchensee-Apotheke","amenity":"Puskesmas"},"geometry":{"type":"Point","coordinates":[11.57938,48.11479]}},{"type":"Feature","properties":{"name":"Heilig-Kreuz-Apotheke","amenity":"Puskesmas"},"geometry":{"type":"Point","coordinates":[11.58067,48.11608]}},{"type":"Feature","properties":{"name":"Arabella-Apotheke","amenity":"Puskesmas"},"geometry":{"type":"Point","coordinates":[11.61847,48.15133]}},{"type":"Feature","properties":{"name":"St. Gabriel Apotheke","amenity":"Puskesmas"},"geometry":{"type":"Point","coordinates":[11.60639,48.14029]}},{"type":"Feature","properties":{"name":"Internationale Ludwigs-Apotheke","amenity":"Puskesmas"},"geometry":{"type":"Point","coordinates":[11.57046,48.13824]}},{"type":"Feature","properties":{"name":"Stadt-Apotheke","amenity":"Puskesmas"},"geometry":{"type":"Point","coordinates":[11.55839,48.13842]}},{"type":"Feature","properties":{"name":"Winthir Apotheke","amenity":"Puskesmas"},"geometry":{"type":"Point","coordinates":[11.53402,48.15299]}},{"type":"Feature","properties":{"name":"Dr. San Nicol\u00f2 Overbeck","amenity":"Klinik"},"geometry":{"type":"Point","coordinates":[11.54497,48.19838]}},{"type":"Feature","properties":{"name":"St. Emmeram Apotheke","amenity":"Puskesmas"},"geometry":{"type":"Point","coordinates":[11.62422,48.16722]}},{"type":"Feature","properties":{"name":"TIBEZ","amenity":"Klinik"},"geometry":{"type":"Point","coordinates":[11.58836,48.14232]}},{"type":"Feature","properties":{"name":"Physiotherapie Gudrun Mayer","amenity":"Puskesmas"},"geometry":{"type":"Point","coordinates":[11.58835,48.14241]}},{"type":"Feature","properties":{"name":"Anton Gaissinger","amenity":"Klinik"},"geometry":{"type":"Point","coordinates":[11.58839,48.13872]}},{"type":"Feature","properties":{"name":"Physiotherapie Griesbach","amenity":"Puskesmas"},"geometry":{"type":"Point","coordinates":[11.55779,48.09046]}},{"type":"Feature","properties":{"name":"ISAR Klinikum","amenity":"Rumah Sakit"},"geometry":{"type":"Point","coordinates":[11.56502,48.1347]}},{"type":"Feature","properties":{"name":"St. Anna Apotheke 1828","amenity":"Puskesmas"},"geometry":{"type":"Point","coordinates":[11.57921,48.13624]}},{"type":"Feature","properties":{"name":"Augenzentrum Rosenheimer Platz","amenity":"Klinik"},"geometry":{"type":"Point","coordinates":[11.59439,48.1288]}},{"type":"Feature","properties":{"name":"Max-Weber-Platz-Apotheke","amenity":"Puskesmas"},"geometry":{"type":"Point","coordinates":[11.59781,48.13439]}},{"type":"Feature","properties":{"name":"Park-Apotheke","amenity":"Puskesmas"},"geometry":{"type":"Point","coordinates":[11.54006,48.13402]}},{"type":"Feature","properties":{"name":"Tanpa Nama","amenity":"Klinik"},"geometry":{"type":"Point","coordinates":[11.53943,48.13904]}},{"type":"Feature","properties":{"name":"Leonrod Apotheke","amenity":"Puskesmas"},"geometry":{"type":"Point","coordinates":[11.54751,48.15842]}},{"type":"Feature","properties":{"name":"Nibelungen Apotheke","amenity":"Puskesmas"},"geometry":{"type":"Point","coordinates":[11.51191,48.15508]}},{"type":"Feature","properties":{"name":"Orlando-Apotheke","amenity":"Puskesmas"},"geometry":{"type":"Point","coordinates":[11.57879,48.13707]}},{"type":"Feature","properties":{"name":"Feilitzsch-Apotheke","amenity":"Puskesmas"},"geometry":{"type":"Point","coordinates":[11.58569,48.16207]}},{"type":"Feature","properties":{"name":"Oleander Apotheke","amenity":"Puskesmas"},"geometry":{"type":"Point","coordinates":[11.55624,48.12831]}},{"type":"Feature","properties":{"name":"St. Mauritius-Apotheke","amenity":"Puskesmas"},"geometry":{"type":"Point","coordinates":[11.57417,48.17578]}},{"type":"Feature","properties":{"name":"Britta Vrieslander","amenity":"Klinik"},"geometry":{"type":"Point","coordinates":[11.58767,48.14141]}},{"type":"Feature","properties":{"name":"Wolfgang-Amadeus-Apotheke","amenity":"Puskesmas"},"geometry":{"type":"Point","coordinates":[11.64459,48.16806]}},{"type":"Feature","properties":{"name":"Tanpa Nama","amenity":"Klinik"},"geometry":{"type":"Point","coordinates":[11.65662,48.16622]}},{"type":"Feature","properties":{"name":"Arnika-Apotheke","amenity":"Puskesmas"},"geometry":{"type":"Point","coordinates":[11.60899,48.15111]}},{"type":"Feature","properties":{"name":"aquila Apotheke","amenity":"Puskesmas"},"geometry":{"type":"Point","coordinates":[11.59509,48.11105]}},{"type":"Feature","properties":{"name":"Apotheke an der Berliner Stra\u00dfe","amenity":"Puskesmas"},"geometry":{"type":"Point","coordinates":[11.59498,48.17322]}},{"type":"Feature","properties":{"name":"Bl\u00fcten Apotheke","amenity":"Puskesmas"},"geometry":{"type":"Point","coordinates":[11.58537,48.17369]}},{"type":"Feature","properties":{"name":"Zahnarztpraxis Dr. Rudolf Sperber","amenity":"Puskesmas"},"geometry":{"type":"Point","coordinates":[11.55152,48.19569]}},{"type":"Feature","properties":{"name":"Silberhorn-Apotheke","amenity":"Puskesmas"},"geometry":{"type":"Point","coordinates":[11.57935,48.11532]}},{"type":"Feature","properties":{"name":"Neureuther-Apotheke","amenity":"Puskesmas"},"geometry":{"type":"Point","coordinates":[11.57525,48.15387]}},{"type":"Feature","properties":{"name":"Barbara Apotheke","amenity":"Puskesmas"},"geometry":{"type":"Point","coordinates":[11.5626,48.15772]}},{"type":"Feature","properties":{"name":"Karlstadt Apotheke","amenity":"Puskesmas"},"geometry":{"type":"Point","coordinates":[11.56327,48.15962]}},{"type":"Feature","properties":{"name":"Bienen Apotheke","amenity":"Puskesmas"},"geometry":{"type":"Point","coordinates":[11.59402,48.18265]}},{"type":"Feature","properties":{"name":"Hohenzollern Apotheke","amenity":"Puskesmas"},"geometry":{"type":"Point","coordinates":[11.58088,48.16]}},{"type":"Feature","properties":{"name":"Apotheke am Forum","amenity":"Puskesmas"},"geometry":{"type":"Point","coordinates":[11.55292,48.18239]}},{"type":"Feature","properties":{"name":"Ungerer-Bad-Apotheke","amenity":"Puskesmas"},"geometry":{"type":"Point","coordinates":[11.5936,48.16939]}},{"type":"Feature","properties":{"name":"Drs. med. Herold","amenity":"Klinik"},"geometry":{"type":"Point","coordinates":[11.59363,48.1694]}},{"type":"Feature","properties":{"name":"Dr. med. Ch. M\u00fchlbacher-Nickl","amenity":"Klinik"},"geometry":{"type":"Point","coordinates":[11.59364,48.16941]}},{"type":"Feature","properties":{"name":"SaniPlus","amenity":"Puskesmas"},"geometry":{"type":"Point","coordinates":[11.52912,48.18228]}},{"type":"Feature","properties":{"name":"Peters Fahrschule","amenity":"Puskesmas"},"geometry":{"type":"Point","coordinates":[11.57436,48.10922]}},{"type":"Feature","properties":{"name":"Kaiser Apotheke","amenity":"Puskesmas"},"geometry":{"type":"Point","coordinates":[11.58243,48.16108]}},{"type":"Feature","properties":{"name":"Baum-Apotheke","amenity":"Puskesmas"},"geometry":{"type":"Point","coordinates":[11.56789,48.20965]}},{"type":"Feature","properties":{"name":"Dr. Abdullah Zuka","amenity":"Puskesmas"},"geometry":{"type":"Point","coordinates":[11.56721,48.2019]}},{"type":"Feature","properties":{"name":"Barer Apotheke","amenity":"Puskesmas"},"geometry":{"type":"Point","coordinates":[11.57422,48.15227]}},{"type":"Feature","properties":{"name":"Dr. Anneliese Klaus","amenity":"Klinik"},"geometry":{"type":"Point","coordinates":[11.57416,48.15095]}},{"type":"Feature","properties":{"name":"Dr. med. Wilhelm Baldauf","amenity":"Klinik"},"geometry":{"type":"Point","coordinates":[11.57304,48.15124]}},{"type":"Feature","properties":{"name":"Apotheke Maxvorstadt","amenity":"Puskesmas"},"geometry":{"type":"Point","coordinates":[11.5751,48.14871]}},{"type":"Feature","properties":{"name":"Hirschgarten-Apotheke","amenity":"Puskesmas"},"geometry":{"type":"Point","coordinates":[11.50735,48.15245]}},{"type":"Feature","properties":{"name":"Clinic Dr. Decker","amenity":"Klinik"},"geometry":{"type":"Point","coordinates":[11.58971,48.15865]}},{"type":"Feature","properties":{"name":"Blumenapotheke","amenity":"Puskesmas"},"geometry":{"type":"Point","coordinates":[11.56675,48.13262]}},{"type":"Feature","properties":{"name":"Balde-Apotheke","amenity":"Puskesmas"},"geometry":{"type":"Point","coordinates":[11.56688,48.12374]}},{"type":"Feature","properties":{"name":"Menzinger Apotheke","amenity":"Puskesmas"},"geometry":{"type":"Point","coordinates":[11.46791,48.16491]}},{"type":"Feature","properties":{"name":"Conradia","amenity":"Klinik"},"geometry":{"type":"Point","coordinates":[11.566,48.15474]}},{"type":"Feature","properties":{"name":"Sch\u00fctzen-Apotheke","amenity":"Puskesmas"},"geometry":{"type":"Point","coordinates":[11.56299,48.13964]}},{"type":"Feature","properties":{"name":"St. Raphael-Apotheke","amenity":"Puskesmas"},"geometry":{"type":"Point","coordinates":[11.57299,48.16064]}},{"type":"Feature","properties":{"name":"farma-plus","amenity":"Puskesmas"},"geometry":{"type":"Point","coordinates":[11.57605,48.16016]}},{"type":"Feature","properties":{"name":"Dr. Kim R. Grabosch","amenity":"Puskesmas"},"geometry":{"type":"Point","coordinates":[11.56988,48.17995]}},{"type":"Feature","properties":{"name":"St. Sebastian-Apotheke","amenity":"Puskesmas"},"geometry":{"type":"Point","coordinates":[11.5645,48.16651]}},{"type":"Feature","properties":{"name":"Herzog Apotheke","amenity":"Puskesmas"},"geometry":{"type":"Point","coordinates":[11.5638,48.16328]}},{"type":"Feature","properties":{"name":"Lerchenapotheke","amenity":"Puskesmas"},"geometry":{"type":"Point","coordinates":[11.56416,48.17087]}},{"type":"Feature","properties":{"name":"Blutenburg Apotheke","amenity":"Puskesmas"},"geometry":{"type":"Point","coordinates":[11.46441,48.16464]}},{"type":"Feature","properties":{"name":"Mary's Apotheke","amenity":"Puskesmas"},"geometry":{"type":"Point","coordinates":[11.52773,48.09999]}},{"type":"Feature","properties":{"name":"Sendlinger Apotheke","amenity":"Puskesmas"},"geometry":{"type":"Point","coordinates":[11.54131,48.1246]}},{"type":"Feature","properties":{"name":"Behring-Apotheke","amenity":"Puskesmas"},"geometry":{"type":"Point","coordinates":[11.54029,48.11851]}},{"type":"Feature","properties":{"name":"Schwanen Apotheke","amenity":"Puskesmas"},"geometry":{"type":"Point","coordinates":[11.62111,48.12798]}},{"type":"Feature","properties":{"name":"Wensauer Apotheke","amenity":"Puskesmas"},"geometry":{"type":"Point","coordinates":[11.4625,48.15062]}},{"type":"Feature","properties":{"name":"Urban-Apotheke","amenity":"Puskesmas"},"geometry":{"type":"Point","coordinates":[11.61775,48.11088]}},{"type":"Feature","properties":{"name":"aquila Apotheke","amenity":"Puskesmas"},"geometry":{"type":"Point","coordinates":[11.62401,48.12036]}},{"type":"Feature","properties":{"name":"Walter-Apotheke","amenity":"Puskesmas"},"geometry":{"type":"Point","coordinates":[11.58591,48.11308]}},{"type":"Feature","properties":{"name":"Dr. Soppa, Dr. Welcker","amenity":"Klinik"},"geometry":{"type":"Point","coordinates":[11.52049,48.088]}},{"type":"Feature","properties":{"name":"Max-Weber-Platz-Apotheke","amenity":"Puskesmas"},"geometry":{"type":"Point","coordinates":[11.59746,48.13451]}},{"type":"Feature","properties":{"name":"Brienner Apotheke","amenity":"Puskesmas"},"geometry":{"type":"Point","coordinates":[11.57483,48.14329]}},{"type":"Feature","properties":{"name":"Dres. med. Zenkel & Ulbrich","amenity":"Klinik"},"geometry":{"type":"Point","coordinates":[11.55652,48.09078]}},{"type":"Feature","properties":{"name":"Delphin Apotheke","amenity":"Puskesmas"},"geometry":{"type":"Point","coordinates":[11.57299,48.18659]}},{"type":"Feature","properties":{"name":"Heimeran-Apotheke","amenity":"Puskesmas"},"geometry":{"type":"Point","coordinates":[11.53439,48.13376]}},{"type":"Feature","properties":{"name":"Domos Apotheke","amenity":"Puskesmas"},"geometry":{"type":"Point","coordinates":[11.5977,48.19431]}},{"type":"Feature","properties":{"name":"Humboldt-Apotheke","amenity":"Puskesmas"},"geometry":{"type":"Point","coordinates":[11.57384,48.12022]}},{"type":"Feature","properties":{"name":"Mary's Apotheke","amenity":"Puskesmas"},"geometry":{"type":"Point","coordinates":[11.61771,48.1485]}},{"type":"Feature","properties":{"name":"Fontane Apotheke","amenity":"Puskesmas"},"geometry":{"type":"Point","coordinates":[11.49697,48.14323]}},{"type":"Feature","properties":{"name":"Dom-Pedro-Apotheke","amenity":"Puskesmas"},"geometry":{"type":"Point","coordinates":[11.54336,48.1598]}},{"type":"Feature","properties":{"name":"OZMO","amenity":"Klinik"},"geometry":{"type":"Point","coordinates":[11.61562,48.14923]}},{"type":"Feature","properties":{"name":"Kranich-Apotheke","amenity":"Puskesmas"},"geometry":{"type":"Point","coordinates":[11.53195,48.15294]}},{"type":"Feature","properties":{"name":"Hahnen Apotheke","amenity":"Puskesmas"},"geometry":{"type":"Point","coordinates":[11.50338,48.13496]}},{"type":"Feature","properties":{"name":"Hofapotheke in der Residenz","amenity":"Puskesmas"},"geometry":{"type":"Point","coordinates":[11.5778,48.14152]}},{"type":"Feature","properties":{"name":"Dr. Hermann-Weisser","amenity":"Klinik"},"geometry":{"type":"Point","coordinates":[11.67742,48.11035]}},{"type":"Feature","properties":{"name":"Dr. Maria Lang","amenity":"Klinik"},"geometry":{"type":"Point","coordinates":[11.52246,48.10629]}},{"type":"Feature","properties":{"name":"Dr. Anne-Kathrin Heine","amenity":"Puskesmas"},"geometry":{"type":"Point","coordinates":[11.61582,48.1906]}},{"type":"Feature","properties":{"name":"Dr. Maya Kober;Dr. Claudia Stecher","amenity":"Puskesmas"},"geometry":{"type":"Point","coordinates":[11.52284,48.12148]}},{"type":"Feature","properties":{"name":"Dr. med. Friedrich Ebeling und Dr. med. Petra Engleitner","amenity":"Klinik"},"geometry":{"type":"Point","coordinates":[11.52672,48.12188]}},{"type":"Feature","properties":{"name":"Stachus-Apotheke","amenity":"Puskesmas"},"geometry":{"type":"Point","coordinates":[11.56671,48.13986]}},{"type":"Feature","properties":{"name":"Dr. med. Kristina Radmann","amenity":"Klinik"},"geometry":{"type":"Point","coordinates":[11.54692,48.20123]}},{"type":"Feature","properties":{"name":"Michael Achatz;Johannes Postrach;Orest Marko Mialkowskyi","amenity":"Klinik"},"geometry":{"type":"Point","coordinates":[11.53458,48.19803]}},{"type":"Feature","properties":{"name":"ergonomic care mein sanit\u00e4tshaus","amenity":"Puskesmas"},"geometry":{"type":"Point","coordinates":[11.56532,48.13262]}},{"type":"Feature","properties":{"name":"Garmischer Apotheke","amenity":"Puskesmas"},"geometry":{"type":"Point","coordinates":[11.51645,48.11809]}},{"type":"Feature","properties":{"name":"Senftenauer Apotheke","amenity":"Puskesmas"},"geometry":{"type":"Point","coordinates":[11.48819,48.12994]}},{"type":"Feature","properties":{"name":"Richard-Wagner-Apotheke","amenity":"Puskesmas"},"geometry":{"type":"Point","coordinates":[11.50336,48.11192]}},{"type":"Feature","properties":{"name":"Physioimpuls","amenity":"Puskesmas"},"geometry":{"type":"Point","coordinates":[11.50974,48.11305]}},{"type":"Feature","properties":{"name":"Pasteur Apotheke","amenity":"Puskesmas"},"geometry":{"type":"Point","coordinates":[11.47883,48.11365]}},{"type":"Feature","properties":{"name":"St.-Heinrich-Apotheke","amenity":"Puskesmas"},"geometry":{"type":"Point","coordinates":[11.51089,48.11322]}},{"type":"Feature","properties":{"name":"Goethe Apotheke","amenity":"Puskesmas"},"geometry":{"type":"Point","coordinates":[11.55838,48.13673]}},{"type":"Feature","properties":{"name":"Privatpraxis am Dom","amenity":"Klinik"},"geometry":{"type":"Point","coordinates":[11.57387,48.13791]}},{"type":"Feature","properties":{"name":"Freimann-Apotheke","amenity":"Puskesmas"},"geometry":{"type":"Point","coordinates":[11.61475,48.193]}},{"type":"Feature","properties":{"name":"Ahorn-Apotheke","amenity":"Puskesmas"},"geometry":{"type":"Point","coordinates":[11.56212,48.13924]}},{"type":"Feature","properties":{"name":"Frachpraxis Frauenplatz","amenity":"Puskesmas"},"geometry":{"type":"Point","coordinates":[11.57466,48.13876]}},{"type":"Feature","properties":{"name":"Labor Dental X","amenity":"Puskesmas"},"geometry":{"type":"Point","coordinates":[11.57466,48.13873]}},{"type":"Feature","properties":{"name":"Dr M. Engelschalk","amenity":"Puskesmas"},"geometry":{"type":"Point","coordinates":[11.57466,48.13878]}},{"type":"Feature","properties":{"name":"Cristopher Ofenstein MFT","amenity":"Klinik"},"geometry":{"type":"Point","coordinates":[11.57466,48.13868]}},{"type":"Feature","properties":{"name":"Dr. Med. Trapmann","amenity":"Klinik"},"geometry":{"type":"Point","coordinates":[11.57386,48.13789]}},{"type":"Feature","properties":{"name":"Hechler","amenity":"Klinik"},"geometry":{"type":"Point","coordinates":[11.57386,48.13787]}},{"type":"Feature","properties":{"name":"St. Morus Apotheke","amenity":"Puskesmas"},"geometry":{"type":"Point","coordinates":[11.52593,48.1114]}},{"type":"Feature","properties":{"name":"Gerner-Apotheke","amenity":"Puskesmas"},"geometry":{"type":"Point","coordinates":[11.52398,48.16091]}},{"type":"Feature","properties":{"name":"Apotheke am Ratzingerplatz","amenity":"Puskesmas"},"geometry":{"type":"Point","coordinates":[11.52348,48.09888]}},{"type":"Feature","properties":{"name":"Fu\u00dfpflege und Kosmetik","amenity":"Puskesmas"},"geometry":{"type":"Point","coordinates":[11.5346,48.17044]}},{"type":"Feature","properties":{"name":"Einhorn-Apotheke","amenity":"Puskesmas"},"geometry":{"type":"Point","coordinates":[11.53444,48.17009]}},{"type":"Feature","properties":{"name":"Ludwigsh\u00f6her Apotheke","amenity":"Puskesmas"},"geometry":{"type":"Point","coordinates":[11.52799,48.08095]}},{"type":"Feature","properties":{"name":"Schworm Apotheke","amenity":"Puskesmas"},"geometry":{"type":"Point","coordinates":[11.51302,48.17992]}},{"type":"Feature","properties":{"name":"Zahn Zentrum Moosach","amenity":"Puskesmas"},"geometry":{"type":"Point","coordinates":[11.51967,48.18206]}},{"type":"Feature","properties":{"name":"Allacher Apotheke","amenity":"Puskesmas"},"geometry":{"type":"Point","coordinates":[11.4627,48.18921]}},{"type":"Feature","properties":{"name":"Mutabor","amenity":"Klinik"},"geometry":{"type":"Point","coordinates":[11.53978,48.12185]}},{"type":"Feature","properties":{"name":"St. Vitus Apotheke","amenity":"Puskesmas"},"geometry":{"type":"Point","coordinates":[11.54036,48.11725]}},{"type":"Feature","properties":{"name":"Orthop\u00e4die Elisenhof","amenity":"Klinik"},"geometry":{"type":"Point","coordinates":[11.56252,48.141]}},{"type":"Feature","properties":{"name":"Lungen\u00e4rzte am Rundfunkplatz","amenity":"Klinik"},"geometry":{"type":"Point","coordinates":[11.55519,48.14362]}},{"type":"Feature","properties":{"name":"Sankt Kosmas Apotheke","amenity":"Puskesmas"},"geometry":{"type":"Point","coordinates":[11.50276,48.11673]}},{"type":"Feature","properties":{"name":"Lachner Apotheke","amenity":"Puskesmas"},"geometry":{"type":"Point","coordinates":[11.53044,48.15661]}},{"type":"Feature","properties":{"name":"Nymphenburger Apotheke","amenity":"Puskesmas"},"geometry":{"type":"Point","coordinates":[11.51262,48.15584]}},{"type":"Feature","properties":{"name":"St. Ursula Apotheke","amenity":"Puskesmas"},"geometry":{"type":"Point","coordinates":[11.58716,48.1624]}},{"type":"Feature","properties":{"name":"St. Quirin Apotheke","amenity":"Puskesmas"},"geometry":{"type":"Point","coordinates":[11.41357,48.16202]}},{"type":"Feature","properties":{"name":"Techniker Krankenkasse, \u00c4rztehaus","amenity":"Klinik"},"geometry":{"type":"Point","coordinates":[11.56321,48.1413]}},{"type":"Feature","properties":{"name":"Dr. med. Margit S\u00fc\u00dfmann","amenity":"Klinik"},"geometry":{"type":"Point","coordinates":[11.56617,48.16043]}},{"type":"Feature","properties":{"name":"Domagk-Apotheke","amenity":"Puskesmas"},"geometry":{"type":"Point","coordinates":[11.57905,48.18385]}},{"type":"Feature","properties":{"name":"Dr. Med. H.-P. Stillenmunkes","amenity":"Klinik"},"geometry":{"type":"Point","coordinates":[11.64014,48.15933]}},{"type":"Feature","properties":{"name":"Efeu Apotheke","amenity":"Puskesmas"},"geometry":{"type":"Point","coordinates":[11.58635,48.20236]}},{"type":"Feature","properties":{"name":"Apotheke Hartmannshofen","amenity":"Puskesmas"},"geometry":{"type":"Point","coordinates":[11.48644,48.18077]}},{"type":"Feature","properties":{"name":"Hausarztpraxis Fasanerie","amenity":"Klinik"},"geometry":{"type":"Point","coordinates":[11.52435,48.19853]}},{"type":"Feature","properties":{"name":"ST Hedwig Apotheke","amenity":"Puskesmas"},"geometry":{"type":"Point","coordinates":[11.50311,48.12727]}},{"type":"Feature","properties":{"name":"Agnes-Bernauer-Apotheke","amenity":"Puskesmas"},"geometry":{"type":"Point","coordinates":[11.51209,48.13936]}},{"type":"Feature","properties":{"name":"Ines Oheim","amenity":"Puskesmas"},"geometry":{"type":"Point","coordinates":[11.67847,48.14001]}},{"type":"Feature","properties":{"name":"Staroscik & Staroscik","amenity":"Puskesmas"},"geometry":{"type":"Point","coordinates":[11.56706,48.16056]}},{"type":"Feature","properties":{"name":"Rotkreuzplatz-Apotheke","amenity":"Puskesmas"},"geometry":{"type":"Point","coordinates":[11.5328,48.15201]}},{"type":"Feature","properties":{"name":"Naturheilpraxis Ina Bergner","amenity":"Puskesmas"},"geometry":{"type":"Point","coordinates":[11.53105,48.14001]}},{"type":"Feature","properties":{"name":"Wittelsbacher Apotheke","amenity":"Puskesmas"},"geometry":{"type":"Point","coordinates":[11.55681,48.12858]}},{"type":"Feature","properties":{"name":"St. Thomas Apotheke","amenity":"Puskesmas"},"geometry":{"type":"Point","coordinates":[11.4973,48.18151]}},{"type":"Feature","properties":{"name":"Dr. Tarloz","amenity":"Puskesmas"},"geometry":{"type":"Point","coordinates":[11.52852,48.11802]}},{"type":"Feature","properties":{"name":"Physiotherapie Neuhausen","amenity":"Puskesmas"},"geometry":{"type":"Point","coordinates":[11.53386,48.15036]}},{"type":"Feature","properties":{"name":"Dr. Alschibaja","amenity":"Klinik"},"geometry":{"type":"Point","coordinates":[11.56288,48.13964]}},{"type":"Feature","properties":{"name":"Dr. Vogel","amenity":"Klinik"},"geometry":{"type":"Point","coordinates":[11.58809,48.13137]}},{"type":"Feature","properties":{"name":"Dr. Med. Dent- Thomas Jehle","amenity":"Puskesmas"},"geometry":{"type":"Point","coordinates":[11.54262,48.1495]}},{"type":"Feature","properties":{"name":"Mary's Apotheke","amenity":"Puskesmas"},"geometry":{"type":"Point","coordinates":[11.5071,48.18047]}},{"type":"Feature","properties":{"name":"Praxisteam Giesing","amenity":"Klinik"},"geometry":{"type":"Point","coordinates":[11.57936,48.11536]}},{"type":"Feature","properties":{"name":"Zahn\u00e4rztliche Gemeinschaftspraxis Giesing","amenity":"Puskesmas"},"geometry":{"type":"Point","coordinates":[11.57942,48.11465]}},{"type":"Feature","properties":{"name":"\u00c4rztezentrum am OEZ","amenity":"Klinik"},"geometry":{"type":"Point","coordinates":[11.52977,48.18122]}},{"type":"Feature","properties":{"name":"Tanpa Nama","amenity":"Puskesmas"},"geometry":{"type":"Point","coordinates":[11.52036,48.19557]}},{"type":"Feature","properties":{"name":"Karin Ott","amenity":"Puskesmas"},"geometry":{"type":"Point","coordinates":[11.517,48.19785]}},{"type":"Feature","properties":{"name":"Privatpraxis am Kosttor","amenity":"Klinik"},"geometry":{"type":"Point","coordinates":[11.58129,48.13845]}},{"type":"Feature","properties":{"name":"Privatpraxis f\u00fcr Kardiologie und Innere Medizin - Dr. Hierl","amenity":"Klinik"},"geometry":{"type":"Point","coordinates":[11.53877,48.11706]}},{"type":"Feature","properties":{"name":"Munich Dental Clinic","amenity":"Puskesmas"},"geometry":{"type":"Point","coordinates":[11.58646,48.15754]}},{"type":"Feature","properties":{"name":"Dr. med. Tina Lindermaier","amenity":"Klinik"},"geometry":{"type":"Point","coordinates":[11.60007,48.13102]}},{"type":"Feature","properties":{"name":"Orthop\u00e4dische Praxis am Isartor","amenity":"Klinik"},"geometry":{"type":"Point","coordinates":[11.58343,48.13393]}},{"type":"Feature","properties":{"name":"Apotheke am Hauptzollamt","amenity":"Puskesmas"},"geometry":{"type":"Point","coordinates":[11.53272,48.1399]}},{"type":"Feature","properties":{"name":"Naturheilpraxis","amenity":"Puskesmas"},"geometry":{"type":"Point","coordinates":[11.5673,48.13168]}},{"type":"Feature","properties":{"name":"SportTherapieZentrum","amenity":"Puskesmas"},"geometry":{"type":"Point","coordinates":[11.58118,48.11654]}},{"type":"Feature","properties":{"name":"TELA-Apotheke","amenity":"Puskesmas"},"geometry":{"type":"Point","coordinates":[11.58153,48.11687]}},{"type":"Feature","properties":{"name":"Helios-Apotheke","amenity":"Puskesmas"},"geometry":{"type":"Point","coordinates":[11.54338,48.163]}},{"type":"Feature","properties":{"name":"Tanpa Nama","amenity":"Puskesmas"},"geometry":{"type":"Point","coordinates":[11.56477,48.13173]}},{"type":"Feature","properties":{"name":"Tanpa Nama","amenity":"Klinik"},"geometry":{"type":"Point","coordinates":[11.56416,48.13203]}},{"type":"Feature","properties":{"name":"Dr. med. Werner Zeintl","amenity":"Klinik"},"geometry":{"type":"Point","coordinates":[11.56539,48.13266]}},{"type":"Feature","properties":{"name":"Dr. Daniel Balan","amenity":"Puskesmas"},"geometry":{"type":"Point","coordinates":[11.56592,48.13157]}},{"type":"Feature","properties":{"name":"Gemeinschaftspraxis Sendlinger Tor","amenity":"Klinik"},"geometry":{"type":"Point","coordinates":[11.56595,48.13163]}},{"type":"Feature","properties":{"name":"Dr. med. Robert Stampfer","amenity":"Puskesmas"},"geometry":{"type":"Point","coordinates":[11.56982,48.13078]}},{"type":"Feature","properties":{"name":"Dr. med. Anja Gumplinger","amenity":"Puskesmas"},"geometry":{"type":"Point","coordinates":[11.56591,48.13155]}},{"type":"Feature","properties":{"name":"Dipl.-Psych. Sabine Herold","amenity":"Puskesmas"},"geometry":{"type":"Point","coordinates":[11.56862,48.13117]}},{"type":"Feature","properties":{"name":"Alice Boetsch","amenity":"Puskesmas"},"geometry":{"type":"Point","coordinates":[11.56862,48.13118]}},{"type":"Feature","properties":{"name":"M. Sc.-Psych. Bastian Steinbauer","amenity":"Puskesmas"},"geometry":{"type":"Point","coordinates":[11.56594,48.13161]}},{"type":"Feature","properties":{"name":"Gabriele Schmude","amenity":"Puskesmas"},"geometry":{"type":"Point","coordinates":[11.56999,48.13058]}},{"type":"Feature","properties":{"name":"Dr. med. Andrea Boeltzig","amenity":"Puskesmas"},"geometry":{"type":"Point","coordinates":[11.56982,48.1308]}},{"type":"Feature","properties":{"name":"Dr. Christina Neuholz","amenity":"Puskesmas"},"geometry":{"type":"Point","coordinates":[11.51744,48.18202]}},{"type":"Feature","properties":{"name":"Ganghofer-Apotheke","amenity":"Puskesmas"},"geometry":{"type":"Point","coordinates":[11.5401,48.13575]}},{"type":"Feature","properties":{"name":"orthophys","amenity":"Klinik"},"geometry":{"type":"Point","coordinates":[11.63031,48.15497]}},{"type":"Feature","properties":{"name":"Dr. Judith Krack","amenity":"Puskesmas"},"geometry":{"type":"Point","coordinates":[11.63075,48.16602]}},{"type":"Feature","properties":{"name":"Diabeteszentrum Bogenhausen","amenity":"Klinik"},"geometry":{"type":"Point","coordinates":[11.63043,48.15424]}},{"type":"Feature","properties":{"name":"Agricola Apotheke","amenity":"Puskesmas"},"geometry":{"type":"Point","coordinates":[11.49594,48.14006]}},{"type":"Feature","properties":{"name":"Petuel-Apotheke","amenity":"Puskesmas"},"geometry":{"type":"Point","coordinates":[11.58427,48.17617]}},{"type":"Feature","properties":{"name":"\u00c4rztepunkt Pasing","amenity":"Klinik"},"geometry":{"type":"Point","coordinates":[11.45931,48.14959]}},{"type":"Feature","properties":{"name":"Zahn\u00e4rztliche Tagesklinik Praxis M\u00fcnchen","amenity":"Puskesmas"},"geometry":{"type":"Point","coordinates":[11.58596,48.17817]}},{"type":"Feature","properties":{"name":"Praxiszentrum St.Bonifazuis-Stra\u00dfe 5","amenity":"Klinik"},"geometry":{"type":"Point","coordinates":[11.58362,48.11943]}},{"type":"Feature","properties":{"name":"Minerva Apotheke","amenity":"Puskesmas"},"geometry":{"type":"Point","coordinates":[11.57657,48.18628]}},{"type":"Feature","properties":{"name":"Guardini-Apotheke","amenity":"Puskesmas"},"geometry":{"type":"Point","coordinates":[11.48944,48.11812]}},{"type":"Feature","properties":{"name":"Moosacher Apotheke","amenity":"Puskesmas"},"geometry":{"type":"Point","coordinates":[11.52156,48.17803]}},{"type":"Feature","properties":{"name":"Christian Sitek M.A.","amenity":"Puskesmas"},"geometry":{"type":"Point","coordinates":[11.55229,48.18637]}},{"type":"Feature","properties":{"name":"Markus Buchmaier","amenity":"Puskesmas"},"geometry":{"type":"Point","coordinates":[11.48873,48.14041]}},{"type":"Feature","properties":{"name":"Dr. Schlamminger","amenity":"Puskesmas"},"geometry":{"type":"Point","coordinates":[11.70306,48.11294]}},{"type":"Feature","properties":{"name":"Arabella-Klinik","amenity":"Rumah Sakit"},"geometry":{"type":"Point","coordinates":[11.61848,48.1506]}},{"type":"Feature","properties":{"name":"Selbsthilfezentrum M\u00fcnchen","amenity":"Puskesmas"},"geometry":{"type":"Point","coordinates":[11.53628,48.13813]}},{"type":"Feature","properties":{"name":"Fleming Apotheke","amenity":"Puskesmas"},"geometry":{"type":"Point","coordinates":[11.59557,48.12837]}},{"type":"Feature","properties":{"name":"Med. Fu\u00dfpflege","amenity":"Puskesmas"},"geometry":{"type":"Point","coordinates":[11.59505,48.1285]}},{"type":"Feature","properties":{"name":"Dr. med. Ayman Mahdi-Joest","amenity":"Klinik"},"geometry":{"type":"Point","coordinates":[11.52639,48.11619]}},{"type":"Feature","properties":{"name":"Tanpa Nama","amenity":"Puskesmas"},"geometry":{"type":"Point","coordinates":[11.52491,48.1162]}},{"type":"Feature","properties":{"name":"Gelenkzentrum M\u00fcnchen","amenity":"Klinik"},"geometry":{"type":"Point","coordinates":[11.62055,48.15182]}},{"type":"Feature","properties":{"name":"Andreas Roth","amenity":"Puskesmas"},"geometry":{"type":"Point","coordinates":[11.6371,48.15547]}},{"type":"Feature","properties":{"name":"Harthof Apotheke","amenity":"Puskesmas"},"geometry":{"type":"Point","coordinates":[11.56398,48.207]}},{"type":"Feature","properties":{"name":"Energy & Lounge","amenity":"Puskesmas"},"geometry":{"type":"Point","coordinates":[11.58599,48.16689]}},{"type":"Feature","properties":{"name":"Hausarztpraxis","amenity":"Klinik"},"geometry":{"type":"Point","coordinates":[11.58041,48.15889]}},{"type":"Feature","properties":{"name":"GESUND. Physiotherapie M\u00fcnchen","amenity":"Puskesmas"},"geometry":{"type":"Point","coordinates":[11.60077,48.13458]}},{"type":"Feature","properties":{"name":"GESUND. Reha rechts der Isar","amenity":"Puskesmas"},"geometry":{"type":"Point","coordinates":[11.60096,48.13453]}},{"type":"Feature","properties":{"name":"KiB Kardiologie in Bogenhausen","amenity":"Klinik"},"geometry":{"type":"Point","coordinates":[11.60451,48.1433]}},{"type":"Feature","properties":{"name":"Schwabinger Reha Sport","amenity":"Puskesmas"},"geometry":{"type":"Point","coordinates":[11.60206,48.17845]}},{"type":"Feature","properties":{"name":"SaniPep Apotheke","amenity":"Puskesmas"},"geometry":{"type":"Point","coordinates":[11.64425,48.10114]}},{"type":"Feature","properties":{"name":"Hiltensperger-Apotheke","amenity":"Puskesmas"},"geometry":{"type":"Point","coordinates":[11.56587,48.15553]}},{"type":"Feature","properties":{"name":"Herzensort","amenity":"Puskesmas"},"geometry":{"type":"Point","coordinates":[11.41372,48.16244]}},{"type":"Feature","properties":{"name":"Ines Scholl","amenity":"Puskesmas"},"geometry":{"type":"Point","coordinates":[11.56557,48.15552]}},{"type":"Feature","properties":{"name":"Christiane Siedenburg","amenity":"Puskesmas"},"geometry":{"type":"Point","coordinates":[11.56543,48.15529]}},{"type":"Feature","properties":{"name":"Apotheke am Englischen Garten","amenity":"Puskesmas"},"geometry":{"type":"Point","coordinates":[11.58419,48.15399]}},{"type":"Feature","properties":{"name":"Zahn\u00e4rztin Dr. Gillich","amenity":"Puskesmas"},"geometry":{"type":"Point","coordinates":[11.58363,48.15682]}},{"type":"Feature","properties":{"name":"Augenarztpraxis Leopoldstra\u00dfe","amenity":"Klinik"},"geometry":{"type":"Point","coordinates":[11.58505,48.15753]}},{"type":"Feature","properties":{"name":"Dr. Butenberg","amenity":"Klinik"},"geometry":{"type":"Point","coordinates":[11.58648,48.20238]}},{"type":"Feature","properties":{"name":"Tanpa Nama","amenity":"Klinik"},"geometry":{"type":"Point","coordinates":[11.46267,48.1506]}},{"type":"Feature","properties":{"name":"Urologe Dr. Matalon","amenity":"Klinik"},"geometry":{"type":"Point","coordinates":[11.59833,48.13587]}},{"type":"Feature","properties":{"name":"Dr. med. Denis Gr\u00fcndel","amenity":"Klinik"},"geometry":{"type":"Point","coordinates":[11.58701,48.16216]}},{"type":"Feature","properties":{"name":"Radiologisches Zentrum f\u00fcr Diagnostik und Therapie M\u00fcnchen (RDTM)","amenity":"Klinik"},"geometry":{"type":"Point","coordinates":[11.60893,48.15118]}},{"type":"Feature","properties":{"name":"Apotheke am Kufsteiner Platz","amenity":"Puskesmas"},"geometry":{"type":"Point","coordinates":[11.60184,48.14969]}},{"type":"Feature","properties":{"name":"Hochschulambulanz f\u00fcr Tropenmedizin, Infektiologie und Reisemedizin","amenity":"Klinik"},"geometry":{"type":"Point","coordinates":[11.58235,48.15405]}},{"type":"Feature","properties":{"name":"ZiP Zahnarzt in Pasing","amenity":"Puskesmas"},"geometry":{"type":"Point","coordinates":[11.45804,48.14686]}},{"type":"Feature","properties":{"name":"Otto-Apotheke in der Maxburg","amenity":"Puskesmas"},"geometry":{"type":"Point","coordinates":[11.57058,48.14041]}},{"type":"Feature","properties":{"name":"Praxis f\u00fcr Physiotherapie","amenity":"Puskesmas"},"geometry":{"type":"Point","coordinates":[11.6489,48.14294]}},{"type":"Feature","properties":{"name":"Zahnarztpraxis Bettina Gerber-Harant","amenity":"Puskesmas"},"geometry":{"type":"Point","coordinates":[11.64932,48.14294]}},{"type":"Feature","properties":{"name":"Dr. Stephan Seidel","amenity":"Klinik"},"geometry":{"type":"Point","coordinates":[11.59604,48.17854]}},{"type":"Feature","properties":{"name":"Hausarztpraxis","amenity":"Klinik"},"geometry":{"type":"Point","coordinates":[11.55932,48.14783]}},{"type":"Feature","properties":{"name":"J\u00fcrgen Ankermann","amenity":"Puskesmas"},"geometry":{"type":"Point","coordinates":[11.57531,48.12763]}},{"type":"Feature","properties":{"name":"Dr. med. Florian Vogel","amenity":"Puskesmas"},"geometry":{"type":"Point","coordinates":[11.57539,48.1277]}},{"type":"Feature","properties":{"name":"Prof. Dr. Schindler und Kollegen","amenity":"Puskesmas"},"geometry":{"type":"Point","coordinates":[11.57531,48.12761]}},{"type":"Feature","properties":{"name":"Stefans Apotheke","amenity":"Puskesmas"},"geometry":{"type":"Point","coordinates":[11.50268,48.13677]}},{"type":"Feature","properties":{"name":"Gloria Apotheke","amenity":"Puskesmas"},"geometry":{"type":"Point","coordinates":[11.50338,48.13843]}},{"type":"Feature","properties":{"name":"St. Ulrichs Apotheke","amenity":"Puskesmas"},"geometry":{"type":"Point","coordinates":[11.50286,48.14003]}},{"type":"Feature","properties":{"name":"Physiotherapie Pariser Platz, F&K","amenity":"Puskesmas"},"geometry":{"type":"Point","coordinates":[11.60034,48.12733]}},{"type":"Feature","properties":{"name":"Dr. Franz Xaver Wack, Dr. Markus Regensburger","amenity":"Puskesmas"},"geometry":{"type":"Point","coordinates":[11.61753,48.15558]}},{"type":"Feature","properties":{"name":"PD Dr. med. Maximilian Eder","amenity":"Klinik"},"geometry":{"type":"Point","coordinates":[11.62091,48.15034]}},{"type":"Feature","properties":{"name":"Praxisgemeinschaft Dr. med. Ute Welsch-Eckhard & Veronika Henselmann","amenity":"Klinik"},"geometry":{"type":"Point","coordinates":[11.58959,48.1116]}},{"type":"Feature","properties":{"name":"Widder-Apotheke","amenity":"Puskesmas"},"geometry":{"type":"Point","coordinates":[11.7039,48.11233]}},{"type":"Feature","properties":{"name":"Robert-Koch-Apotheke","amenity":"Puskesmas"},"geometry":{"type":"Point","coordinates":[11.56401,48.15129]}},{"type":"Feature","properties":{"name":"Augusten Apotheke","amenity":"Puskesmas"},"geometry":{"type":"Point","coordinates":[11.56314,48.14912]}},{"type":"Feature","properties":{"name":"Meiersche Apotheke","amenity":"Puskesmas"},"geometry":{"type":"Point","coordinates":[11.64434,48.12636]}},{"type":"Feature","properties":{"name":"Wappen-Apotheke","amenity":"Puskesmas"},"geometry":{"type":"Point","coordinates":[11.54635,48.14961]}},{"type":"Feature","properties":{"name":"Klinik mednord","amenity":"Rumah Sakit"},"geometry":{"type":"Point","coordinates":[11.58726,48.2019]}},{"type":"Feature","properties":{"name":"Tagesklinik M\u00fcnchen-Nord","amenity":"Klinik"},"geometry":{"type":"Point","coordinates":[11.58647,48.20246]}},{"type":"Feature","properties":{"name":"Belegklinikf\u00fcr Neurochirurgie, plastisch-\u00e4sthetische Chirurgie,Chirurgie und Orthop\u00e4die","amenity":"Rumah Sakit"},"geometry":{"type":"Point","coordinates":[11.58725,48.20184]}},{"type":"Feature","properties":{"name":"N.M.Salgin","amenity":"Puskesmas"},"geometry":{"type":"Point","coordinates":[11.4721,48.14505]}},{"type":"Feature","properties":{"name":"Apotheke am Pasinger Markt","amenity":"Puskesmas"},"geometry":{"type":"Point","coordinates":[11.46122,48.14775]}},{"type":"Feature","properties":{"name":"Marienstern Apotheke","amenity":"Puskesmas"},"geometry":{"type":"Point","coordinates":[11.51997,48.07744]}},{"type":"Feature","properties":{"name":"Dr. H. Maurer, Dr. S Rau, J. Rau","amenity":"Klinik"},"geometry":{"type":"Point","coordinates":[11.6064,48.20229]}},{"type":"Feature","properties":{"name":"Dr. Tassilo Schilling","amenity":"Klinik"},"geometry":{"type":"Point","coordinates":[11.60647,48.20221]}},{"type":"Feature","properties":{"name":"Dr. Thomas Haas","amenity":"Puskesmas"},"geometry":{"type":"Point","coordinates":[11.60654,48.20214]}},{"type":"Feature","properties":{"name":"Dr. med. Matzku-Schwarz","amenity":"Klinik"},"geometry":{"type":"Point","coordinates":[11.60621,48.20253]}},{"type":"Feature","properties":{"name":"REALEYES","amenity":"Klinik"},"geometry":{"type":"Point","coordinates":[11.60621,48.20245]}},{"type":"Feature","properties":{"name":"Logop\u00e4dische Praxis Dialog","amenity":"Puskesmas"},"geometry":{"type":"Point","coordinates":[11.46989,48.15027]}},{"type":"Feature","properties":{"name":"Z70","amenity":"Puskesmas"},"geometry":{"type":"Point","coordinates":[11.51182,48.13526]}},{"type":"Feature","properties":{"name":"Dr. med. D. Dobias","amenity":"Klinik"},"geometry":{"type":"Point","coordinates":[11.52373,48.16113]}},{"type":"Feature","properties":{"name":"Regina Birlinger","amenity":"Klinik"},"geometry":{"type":"Point","coordinates":[11.52376,48.16108]}},{"type":"Feature","properties":{"name":"Tell-Apotheke","amenity":"Puskesmas"},"geometry":{"type":"Point","coordinates":[11.47931,48.08811]}},{"type":"Feature","properties":{"name":"Dr. med. dent. Johannes Stern","amenity":"Puskesmas"},"geometry":{"type":"Point","coordinates":[11.41444,48.1599]}},{"type":"Feature","properties":{"name":"Praxis am Schlo\u00dfgarten","amenity":"Puskesmas"},"geometry":{"type":"Point","coordinates":[11.51185,48.15631]}},{"type":"Feature","properties":{"name":"Blumenau Apotheke","amenity":"Puskesmas"},"geometry":{"type":"Point","coordinates":[11.47661,48.12586]}},{"type":"Feature","properties":{"name":"Dr. med. stom. Gabriela Zastran","amenity":"Puskesmas"},"geometry":{"type":"Point","coordinates":[11.5656,48.13435]}},{"type":"Feature","properties":{"name":"Apotheke am Guardinipark","amenity":"Puskesmas"},"geometry":{"type":"Point","coordinates":[11.48365,48.1193]}},{"type":"Feature","properties":{"name":"Ambigon Apotheke","amenity":"Puskesmas"},"geometry":{"type":"Point","coordinates":[11.50285,48.14605]}},{"type":"Feature","properties":{"name":"Dr. M. Tugurlan","amenity":"Puskesmas"},"geometry":{"type":"Point","coordinates":[11.57416,48.18733]}},{"type":"Feature","properties":{"name":"Hellas Apotheke","amenity":"Puskesmas"},"geometry":{"type":"Point","coordinates":[11.53333,48.11649]}},{"type":"Feature","properties":{"name":"Kristall Apotheke","amenity":"Puskesmas"},"geometry":{"type":"Point","coordinates":[11.4986,48.09425]}},{"type":"Feature","properties":{"name":"S\u00fcd-Apotheke","amenity":"Puskesmas"},"geometry":{"type":"Point","coordinates":[11.50425,48.08221]}},{"type":"Feature","properties":{"name":"Engadin-Apotheke","amenity":"Puskesmas"},"geometry":{"type":"Point","coordinates":[11.48463,48.08736]}},{"type":"Feature","properties":{"name":"Marienstern Apotheke","amenity":"Puskesmas"},"geometry":{"type":"Point","coordinates":[11.52001,48.08887]}},{"type":"Feature","properties":{"name":"SaniPlus-Apotheke","amenity":"Puskesmas"},"geometry":{"type":"Point","coordinates":[11.69043,48.13189]}},{"type":"Feature","properties":{"name":"Projekt Vier","amenity":"Puskesmas"},"geometry":{"type":"Point","coordinates":[11.61592,48.14258]}},{"type":"Feature","properties":{"name":"Podologische Praxis R.P. Spielmann","amenity":"Puskesmas"},"geometry":{"type":"Point","coordinates":[11.66668,48.12351]}},{"type":"Feature","properties":{"name":"Dr. med. Michael Richter","amenity":"Klinik"},"geometry":{"type":"Point","coordinates":[11.66489,48.12449]}},{"type":"Feature","properties":{"name":"Dr. med. Opitz","amenity":"Klinik"},"geometry":{"type":"Point","coordinates":[11.66498,48.12447]}},{"type":"Feature","properties":{"name":"Dr. med Astrid Lippert","amenity":"Klinik"},"geometry":{"type":"Point","coordinates":[11.66482,48.12451]}},{"type":"Feature","properties":{"name":"Pelkoven Apotheke","amenity":"Puskesmas"},"geometry":{"type":"Point","coordinates":[11.50871,48.18123]}},{"type":"Feature","properties":{"name":"Dr. Anja Wunderlich, Dr. Ulrich Weinert","amenity":"Puskesmas"},"geometry":{"type":"Point","coordinates":[11.66483,48.12445]}},{"type":"Feature","properties":{"name":"Dr. G\u00fcnter Reisinger","amenity":"Klinik"},"geometry":{"type":"Point","coordinates":[11.66492,48.12443]}},{"type":"Feature","properties":{"name":"Physioline","amenity":"Puskesmas"},"geometry":{"type":"Point","coordinates":[11.66502,48.1244]}},{"type":"Feature","properties":{"name":"CentrospOrth - Markus Olivier","amenity":"Klinik"},"geometry":{"type":"Point","coordinates":[11.66506,48.12444]}},{"type":"Feature","properties":{"name":"Christoph Bock","amenity":"Puskesmas"},"geometry":{"type":"Point","coordinates":[11.61862,48.13947]}},{"type":"Feature","properties":{"name":"\u00c4rzte im Schwabikum","amenity":"Klinik"},"geometry":{"type":"Point","coordinates":[11.55977,48.16348]}},{"type":"Feature","properties":{"name":"Johannes Apotheke","amenity":"Puskesmas"},"geometry":{"type":"Point","coordinates":[11.51669,48.08056]}},{"type":"Feature","properties":{"name":"Sudermann Apotheke","amenity":"Puskesmas"},"geometry":{"type":"Point","coordinates":[11.65332,48.09926]}},{"type":"Feature","properties":{"name":"Radiologie Nuklearmedizin","amenity":"Klinik"},"geometry":{"type":"Point","coordinates":[11.52045,48.09871]}},{"type":"Feature","properties":{"name":"Zahnarztpraxis Dr. Silvio Bopp & Dr. Claudia Egerer","amenity":"Puskesmas"},"geometry":{"type":"Point","coordinates":[11.53227,48.09978]}},{"type":"Feature","properties":{"name":"Zahn\u00e4rzte in der Au \nDr. med. dent. Hirscham Sadek & Kollegen","amenity":"Puskesmas"},"geometry":{"type":"Point","coordinates":[11.58217,48.12628]}},{"type":"Feature","properties":{"name":"Tanpa Nama","amenity":"Puskesmas"},"geometry":{"type":"Point","coordinates":[11.53515,48.15523]}},{"type":"Feature","properties":{"name":"MVZ Humangenetik","amenity":"Puskesmas"},"geometry":{"type":"Point","coordinates":[11.56299,48.13147]}},{"type":"Feature","properties":{"name":"Praxis Guggenberger","amenity":"Puskesmas"},"geometry":{"type":"Point","coordinates":[11.56283,48.13136]}},{"type":"Feature","properties":{"name":"Goetheplatz-Apotheke","amenity":"Puskesmas"},"geometry":{"type":"Point","coordinates":[11.55856,48.12896]}},{"type":"Feature","properties":{"name":"Apotheke im Karl-Albrecht-Hof","amenity":"Puskesmas"},"geometry":{"type":"Point","coordinates":[11.53558,48.15237]}},{"type":"Feature","properties":{"name":"Dr. Oliver Weidlich","amenity":"Klinik"},"geometry":{"type":"Point","coordinates":[11.57551,48.13449]}},{"type":"Feature","properties":{"name":"sanvivo Apotheke","amenity":"Puskesmas"},"geometry":{"type":"Point","coordinates":[11.46002,48.14926]}},{"type":"Feature","properties":{"name":"Igel und Hasen Apotheke","amenity":"Puskesmas"},"geometry":{"type":"Point","coordinates":[11.45948,48.1921]}},{"type":"Feature","properties":{"name":"Allgemein\u00e4rzte Dr. Schmidt - Dr. Schultze-Stadhouders","amenity":"Klinik"},"geometry":{"type":"Point","coordinates":[11.64084,48.08786]}},{"type":"Feature","properties":{"name":"Bauchladen","amenity":"Puskesmas"},"geometry":{"type":"Point","coordinates":[11.57651,48.16013]}},{"type":"Feature","properties":{"name":"smildent","amenity":"Puskesmas"},"geometry":{"type":"Point","coordinates":[11.50919,48.18085]}},{"type":"Feature","properties":{"name":"Dr. Johanna Kuhn","amenity":"Puskesmas"},"geometry":{"type":"Point","coordinates":[11.50895,48.18115]}},{"type":"Feature","properties":{"name":"Tanpa Nama","amenity":"Klinik"},"geometry":{"type":"Point","coordinates":[11.51058,48.18123]}},{"type":"Feature","properties":{"name":"Truderinger Gesundheits Zentrum","amenity":"Puskesmas"},"geometry":{"type":"Point","coordinates":[11.66478,48.12447]}},{"type":"Feature","properties":{"name":"Dr. Andrea Beier-Lenko","amenity":"Klinik"},"geometry":{"type":"Point","coordinates":[11.53003,48.15189]}},{"type":"Feature","properties":{"name":"Prienamed","amenity":"Klinik"},"geometry":{"type":"Point","coordinates":[11.53138,48.13127]}},{"type":"Feature","properties":{"name":"Dr. med. Sandra Mau","amenity":"Klinik"},"geometry":{"type":"Point","coordinates":[11.46086,48.14855]}},{"type":"Feature","properties":{"name":"Cleemann-Apotheke","amenity":"Puskesmas"},"geometry":{"type":"Point","coordinates":[11.56541,48.13387]}},{"type":"Feature","properties":{"name":"Riesenburg Apotheke","amenity":"Puskesmas"},"geometry":{"type":"Point","coordinates":[11.41352,48.15026]}},{"type":"Feature","properties":{"name":"Dr. Michael Uecker - Fachzahnarzt f\u00fcr Kieferorthop\u00e4die","amenity":"Puskesmas"},"geometry":{"type":"Point","coordinates":[11.43457,48.14925]}},{"type":"Feature","properties":{"name":"Little by Little","amenity":"Puskesmas"},"geometry":{"type":"Point","coordinates":[11.57625,48.15379]}},{"type":"Feature","properties":{"name":"Oberl\u00e4nder Apotheke","amenity":"Puskesmas"},"geometry":{"type":"Point","coordinates":[11.54404,48.1194]}},{"type":"Feature","properties":{"name":"Tanpa Nama","amenity":"Puskesmas"},"geometry":{"type":"Point","coordinates":[11.46546,48.18971]}},{"type":"Feature","properties":{"name":"Bienen-Apotheke","amenity":"Puskesmas"},"geometry":{"type":"Point","coordinates":[11.61347,48.13643]}},{"type":"Feature","properties":{"name":"Sani PEP","amenity":"Puskesmas"},"geometry":{"type":"Point","coordinates":[11.64504,48.10722]}},{"type":"Feature","properties":{"name":"Bienen Apotheke","amenity":"Puskesmas"},"geometry":{"type":"Point","coordinates":[11.44456,48.16094]}},{"type":"Feature","properties":{"name":"Dr. Schmelzer","amenity":"Puskesmas"},"geometry":{"type":"Point","coordinates":[11.60671,48.13587]}},{"type":"Feature","properties":{"name":"Elvira-Apotheke","amenity":"Puskesmas"},"geometry":{"type":"Point","coordinates":[11.54436,48.14998]}},{"type":"Feature","properties":{"name":"Dr.med. Sabisch","amenity":"Klinik"},"geometry":{"type":"Point","coordinates":[11.64035,48.08835]}},{"type":"Feature","properties":{"name":"Adler Apotheke","amenity":"Puskesmas"},"geometry":{"type":"Point","coordinates":[11.57179,48.13554]}},{"type":"Feature","properties":{"name":"Volpini-Apotheke","amenity":"Puskesmas"},"geometry":{"type":"Point","coordinates":[11.51154,48.16515]}},{"type":"Feature","properties":{"name":"Med Natural - Praxis f\u00fcr ganzheitliche Medizin","amenity":"Puskesmas"},"geometry":{"type":"Point","coordinates":[11.49509,48.0852]}},{"type":"Feature","properties":{"name":"Dr. Bernd G\u00f6rgner","amenity":"Puskesmas"},"geometry":{"type":"Point","coordinates":[11.6199,48.15204]}},{"type":"Feature","properties":{"name":"Nierenzentrum M\u00fcnchen-Bogenhausen Arabellapark","amenity":"Klinik"},"geometry":{"type":"Point","coordinates":[11.61987,48.15265]}},{"type":"Feature","properties":{"name":"Therapie- und Trainingszentrum Solln","amenity":"Puskesmas"},"geometry":{"type":"Point","coordinates":[11.52636,48.07396]}},{"type":"Feature","properties":{"name":"F&R Hypnotherapeutische Praxis","amenity":"Klinik"},"geometry":{"type":"Point","coordinates":[11.57464,48.11482]}},{"type":"Feature","properties":{"name":"Gemeinschaftspraxis f\u00fcr innere und Allgemeinmedizin","amenity":"Klinik"},"geometry":{"type":"Point","coordinates":[11.47586,48.11371]}},{"type":"Feature","properties":{"name":"Dr. Detlef Hirte","amenity":"Puskesmas"},"geometry":{"type":"Point","coordinates":[11.531,48.21499]}},{"type":"Feature","properties":{"name":"Dr. Henrike S\u00fcdkamp & Beate Brungsberg","amenity":"Klinik"},"geometry":{"type":"Point","coordinates":[11.50821,48.07812]}},{"type":"Feature","properties":{"name":"Ursula Martha Elster & Kollegen","amenity":"Klinik"},"geometry":{"type":"Point","coordinates":[11.50821,48.07815]}},{"type":"Feature","properties":{"name":"Hahn Apotheke","amenity":"Puskesmas"},"geometry":{"type":"Point","coordinates":[11.66444,48.12468]}},{"type":"Feature","properties":{"name":"Riesenfeld-Apotheke","amenity":"Puskesmas"},"geometry":{"type":"Point","coordinates":[11.56316,48.18365]}},{"type":"Feature","properties":{"name":"LichtOase Gesundheitszentrum","amenity":"Puskesmas"},"geometry":{"type":"Point","coordinates":[11.63721,48.15468]}},{"type":"Feature","properties":{"name":"Inter-Apotheke","amenity":"Puskesmas"},"geometry":{"type":"Point","coordinates":[11.56112,48.1419]}},{"type":"Feature","properties":{"name":"Dr. Annette Obster","amenity":"Klinik"},"geometry":{"type":"Point","coordinates":[11.52324,48.09878]}},{"type":"Feature","properties":{"name":"Dr. Axel Hildebrandt","amenity":"Klinik"},"geometry":{"type":"Point","coordinates":[11.52314,48.0988]}},{"type":"Feature","properties":{"name":"Dr. Christoph J. Nobis","amenity":"Klinik"},"geometry":{"type":"Point","coordinates":[11.52336,48.09882]}},{"type":"Feature","properties":{"name":"Dr. Csaba Szinte Dr. Gabriella Gajdos","amenity":"Puskesmas"},"geometry":{"type":"Point","coordinates":[11.52333,48.09875]}},{"type":"Feature","properties":{"name":"Dr. Thomas Bachhuber","amenity":"Klinik"},"geometry":{"type":"Point","coordinates":[11.52326,48.09883]}},{"type":"Feature","properties":{"name":"Dr. Ingo Scheunemann","amenity":"Klinik"},"geometry":{"type":"Point","coordinates":[11.52313,48.09884]}},{"type":"Feature","properties":{"name":"Dr. Christian Wiegand","amenity":"Klinik"},"geometry":{"type":"Point","coordinates":[11.52345,48.09883]}},{"type":"Feature","properties":{"name":"Bereitschaftspraxis M\u00fcnchen S\u00fcd","amenity":"Klinik"},"geometry":{"type":"Point","coordinates":[11.52796,48.09998]}},{"type":"Feature","properties":{"name":"Dr. Georg Gusbeth","amenity":"Klinik"},"geometry":{"type":"Point","coordinates":[11.52796,48.09992]}},{"type":"Feature","properties":{"name":"Dr. Udo Hesse;Dr. med. Ariadne Kritikos","amenity":"Klinik"},"geometry":{"type":"Point","coordinates":[11.57702,48.14126]}},{"type":"Feature","properties":{"name":"Praxis Dr. Grassl","amenity":"Klinik"},"geometry":{"type":"Point","coordinates":[11.52796,48.09994]}},{"type":"Feature","properties":{"name":"Dr. Eichenseer und Kollegen Tagesklinik Zahn\u00e4rztliche","amenity":"Puskesmas"},"geometry":{"type":"Point","coordinates":[11.52794,48.1]}},{"type":"Feature","properties":{"name":"Hausarztpraxis Dr. Hamann","amenity":"Klinik"},"geometry":{"type":"Point","coordinates":[11.45588,48.15284]}},{"type":"Feature","properties":{"name":"Eversbusch Apotheke","amenity":"Puskesmas"},"geometry":{"type":"Point","coordinates":[11.46094,48.18805]}},{"type":"Feature","properties":{"name":"Forellen-Apotheke","amenity":"Puskesmas"},"geometry":{"type":"Point","coordinates":[11.52561,48.07767]}},{"type":"Feature","properties":{"name":"Frauenarztpraxis Sabine Liebig","amenity":"Klinik"},"geometry":{"type":"Point","coordinates":[11.63205,48.16639]}},{"type":"Feature","properties":{"name":"Physiotherapie Steffen G\u00fcnther","amenity":"Puskesmas"},"geometry":{"type":"Point","coordinates":[11.63214,48.16637]}},{"type":"Feature","properties":{"name":"Schweiger Apotheke","amenity":"Puskesmas"},"geometry":{"type":"Point","coordinates":[11.58285,48.12657]}},{"type":"Feature","properties":{"name":"Praxis f\u00fcr Frauen","amenity":"Klinik"},"geometry":{"type":"Point","coordinates":[11.58204,48.12656]}},{"type":"Feature","properties":{"name":"Angertor Apotheke","amenity":"Puskesmas"},"geometry":{"type":"Point","coordinates":[11.5704,48.1307]}},{"type":"Feature","properties":{"name":"Schwabinger Fu\u00dfpflege","amenity":"Puskesmas"},"geometry":{"type":"Point","coordinates":[11.56531,48.1524]}},{"type":"Feature","properties":{"name":"Angelika Werkstetter","amenity":"Puskesmas"},"geometry":{"type":"Point","coordinates":[11.5731,48.15186]}},{"type":"Feature","properties":{"name":"Psychologische Praxis Hakan Evcin","amenity":"Puskesmas"},"geometry":{"type":"Point","coordinates":[11.54531,48.10033]}},{"type":"Feature","properties":{"name":"Reiki Studio","amenity":"Puskesmas"},"geometry":{"type":"Point","coordinates":[11.54787,48.11195]}},{"type":"Feature","properties":{"name":"St. Korbinian","amenity":"Puskesmas"},"geometry":{"type":"Point","coordinates":[11.54841,48.1123]}},{"type":"Feature","properties":{"name":"Praxis am Tor","amenity":"Puskesmas"},"geometry":{"type":"Point","coordinates":[11.56792,48.13438]}},{"type":"Feature","properties":{"name":"Dr. S. Sch\u00f6nbach","amenity":"Puskesmas"},"geometry":{"type":"Point","coordinates":[11.57618,48.14179]}},{"type":"Feature","properties":{"name":"Aurora Apotheke","amenity":"Puskesmas"},"geometry":{"type":"Point","coordinates":[11.45556,48.14965]}},{"type":"Feature","properties":{"name":"Mary's Apotheke S\u00fcdseite","amenity":"Puskesmas"},"geometry":{"type":"Point","coordinates":[11.53081,48.09259]}},{"type":"Feature","properties":{"name":"Kinder- und Jugendarztpraxis Dr. Norbert Salih","amenity":"Klinik"},"geometry":{"type":"Point","coordinates":[11.60667,48.13317]}},{"type":"Feature","properties":{"name":"Medicenter am OEZ","amenity":"Klinik"},"geometry":{"type":"Point","coordinates":[11.52938,48.18229]}},{"type":"Feature","properties":{"name":"Sani Plus","amenity":"Puskesmas"},"geometry":{"type":"Point","coordinates":[11.53451,48.18334]}},{"type":"Feature","properties":{"name":"Benno Apotheke","amenity":"Puskesmas"},"geometry":{"type":"Point","coordinates":[11.52608,48.15302]}},{"type":"Feature","properties":{"name":"Mary's Apotheke Gro\u00dfhadern","amenity":"Puskesmas"},"geometry":{"type":"Point","coordinates":[11.47867,48.11488]}},{"type":"Feature","properties":{"name":"Dr. med. dent Ala Eddin Ali","amenity":"Puskesmas"},"geometry":{"type":"Point","coordinates":[11.45966,48.14586]}},{"type":"Feature","properties":{"name":"Dr. Mantel","amenity":"Puskesmas"},"geometry":{"type":"Point","coordinates":[11.45633,48.14014]}},{"type":"Feature","properties":{"name":"Dr. Kronwitter","amenity":"Klinik"},"geometry":{"type":"Point","coordinates":[11.45079,48.13835]}},{"type":"Feature","properties":{"name":"Apotheke am Willibaldplatz","amenity":"Puskesmas"},"geometry":{"type":"Point","coordinates":[11.48871,48.14109]}},{"type":"Feature","properties":{"name":"Aiman Deek","amenity":"Puskesmas"},"geometry":{"type":"Point","coordinates":[11.58392,48.19629]}},{"type":"Feature","properties":{"name":"Marie-Johanna Apotheke","amenity":"Puskesmas"},"geometry":{"type":"Point","coordinates":[11.56918,48.13798]}},{"type":"Feature","properties":{"name":"Renate Spindler","amenity":"Puskesmas"},"geometry":{"type":"Point","coordinates":[11.59418,48.13062]}},{"type":"Feature","properties":{"name":"Dr. Kim Grabosch","amenity":"Puskesmas"},"geometry":{"type":"Point","coordinates":[11.50304,48.1647]}},{"type":"Feature","properties":{"name":"Strahlentherapie Nymphenburg","amenity":"Klinik"},"geometry":{"type":"Point","coordinates":[11.50295,48.16473]}},{"type":"Feature","properties":{"name":"Dr. Sophia Krause","amenity":"Puskesmas"},"geometry":{"type":"Point","coordinates":[11.52508,48.11628]}},{"type":"Feature","properties":{"name":"Kurbard Waldtrudering","amenity":"Puskesmas"},"geometry":{"type":"Point","coordinates":[11.70844,48.10979]}},{"type":"Feature","properties":{"name":"Neurozentrum Pasing II","amenity":"Klinik"},"geometry":{"type":"Point","coordinates":[11.46065,48.14835]}},{"type":"Feature","properties":{"name":"Dr. C. Scharf","amenity":"Klinik"},"geometry":{"type":"Point","coordinates":[11.57779,48.13025]}},{"type":"Feature","properties":{"name":"Dr. med. Axel Kaben","amenity":"Klinik"},"geometry":{"type":"Point","coordinates":[11.63706,48.15543]}},{"type":"Feature","properties":{"name":"Eckert, Nicole","amenity":"Klinik"},"geometry":{"type":"Point","coordinates":[11.5161,48.07599]}},{"type":"Feature","properties":{"name":"Bavaria Apotheke","amenity":"Puskesmas"},"geometry":{"type":"Point","coordinates":[11.4767,48.16449]}},{"type":"Feature","properties":{"name":"Joachim Grote","amenity":"Klinik"},"geometry":{"type":"Point","coordinates":[11.51602,48.07821]}},{"type":"Feature","properties":{"name":"M\u00fcnchner Kindl Apotheke","amenity":"Puskesmas"},"geometry":{"type":"Point","coordinates":[11.4236,48.1438]}},{"type":"Feature","properties":{"name":"Fidelio Apotheke","amenity":"Puskesmas"},"geometry":{"type":"Point","coordinates":[11.64152,48.15809]}},{"type":"Feature","properties":{"name":"Dr.med. Kumpermond","amenity":"Klinik"},"geometry":{"type":"Point","coordinates":[11.58317,48.12053]}},{"type":"Feature","properties":{"name":"Monika Wild","amenity":"Puskesmas"},"geometry":{"type":"Point","coordinates":[11.61376,48.1384]}},{"type":"Feature","properties":{"name":"MVZ Prof. Neuhann","amenity":"Klinik"},"geometry":{"type":"Point","coordinates":[11.54316,48.16292]}},{"type":"Feature","properties":{"name":"Hausarztpraxis-Harlaching Angela Vogel","amenity":"Klinik"},"geometry":{"type":"Point","coordinates":[11.57316,48.09476]}},{"type":"Feature","properties":{"name":"Dres. Ingo & Nora Scheile","amenity":"Puskesmas"},"geometry":{"type":"Point","coordinates":[11.67398,48.12557]}},{"type":"Feature","properties":{"name":"Internistische Gemeinschaftspraxis Waldtrudering","amenity":"Klinik"},"geometry":{"type":"Point","coordinates":[11.70448,48.11288]}},{"type":"Feature","properties":{"name":"Urologie Trudering","amenity":"Klinik"},"geometry":{"type":"Point","coordinates":[11.70431,48.1129]}},{"type":"Feature","properties":{"name":"Dr. med. dent. Denis Novakovic","amenity":"Puskesmas"},"geometry":{"type":"Point","coordinates":[11.55146,48.08051]}},{"type":"Feature","properties":{"name":"Zanharzthochzwei","amenity":"Puskesmas"},"geometry":{"type":"Point","coordinates":[11.52018,48.13586]}},{"type":"Feature","properties":{"name":"Praxis Dr. Shaw Psychotherapie- & Psychologie-Praxis M\u00fcnchen","amenity":"Klinik"},"geometry":{"type":"Point","coordinates":[11.61132,48.15314]}},{"type":"Feature","properties":{"name":"Physiotherapie & Osteopathie","amenity":"Puskesmas"},"geometry":{"type":"Point","coordinates":[11.50407,48.15165]}},{"type":"Feature","properties":{"name":"Hautarztpraxis Dr. med. Juliane Habig","amenity":"Klinik"},"geometry":{"type":"Point","coordinates":[11.57173,48.14105]}},{"type":"Feature","properties":{"name":"Dr. Michael Wilschowitz","amenity":"Klinik"},"geometry":{"type":"Point","coordinates":[11.70421,48.11124]}},{"type":"Feature","properties":{"name":"Elke Hussel, M.A., HP","amenity":"Klinik"},"geometry":{"type":"Point","coordinates":[11.70419,48.11118]}},{"type":"Feature","properties":{"name":"B. Degenhardt","amenity":"Puskesmas"},"geometry":{"type":"Point","coordinates":[11.64279,48.08955]}},{"type":"Feature","properties":{"name":"Dr. Babrak Kasi","amenity":"Klinik"},"geometry":{"type":"Point","coordinates":[11.50367,48.08581]}},{"type":"Feature","properties":{"name":"Zahnarztpraxis Neuperlach S\u00fcd Ruben Begemeier","amenity":"Puskesmas"},"geometry":{"type":"Point","coordinates":[11.63991,48.08779]}},{"type":"Feature","properties":{"name":"Gemeinschaftspraxis Blankenfeld & V\u00f6lkl","amenity":"Klinik"},"geometry":{"type":"Point","coordinates":[11.56211,48.16733]}},{"type":"Feature","properties":{"name":"Zahn\u00e4rzte Solln","amenity":"Puskesmas"},"geometry":{"type":"Point","coordinates":[11.50435,48.08249]}},{"type":"Feature","properties":{"name":"kbo-Institutsambulanz f\u00fcr Psychiatrie und Psychotherapie am kbo-Kinderzentrum M\u00fcnchen","amenity":"Klinik"},"geometry":{"type":"Point","coordinates":[11.50267,48.11064]}},{"type":"Feature","properties":{"name":"Mamiflow","amenity":"Puskesmas"},"geometry":{"type":"Point","coordinates":[11.57397,48.16883]}},{"type":"Feature","properties":{"name":"Podologie","amenity":"Puskesmas"},"geometry":{"type":"Point","coordinates":[11.57398,48.16879]}},{"type":"Feature","properties":{"name":"Praxis f\u00fcr \u00c4sthetische Medizin","amenity":"Puskesmas"},"geometry":{"type":"Point","coordinates":[11.56163,48.14902]}},{"type":"Feature","properties":{"name":"Georg Mathauser","amenity":"Puskesmas"},"geometry":{"type":"Point","coordinates":[11.56064,48.16378]}},{"type":"Feature","properties":{"name":"Die Familienpraxis","amenity":"Klinik"},"geometry":{"type":"Point","coordinates":[11.64153,48.15761]}},{"type":"Feature","properties":{"name":"Gef\u00e4ssmedizin M\u00fcnchen S\u00fcd","amenity":"Klinik"},"geometry":{"type":"Point","coordinates":[11.58356,48.1194]}},{"type":"Feature","properties":{"name":"Medizinisches Versorgungszentrum im Kloster","amenity":"Klinik"},"geometry":{"type":"Point","coordinates":[11.4586,48.1452]}},{"type":"Feature","properties":{"name":"Tanpa Nama","amenity":"Klinik"},"geometry":{"type":"Point","coordinates":[11.47714,48.16445]}},{"type":"Feature","properties":{"name":"Dr. med. Claudia Brand und Dr. med. Giselher Brand","amenity":"Klinik"},"geometry":{"type":"Point","coordinates":[11.47072,48.16488]}},{"type":"Feature","properties":{"name":"MVZ Med 360 Grad","amenity":"Klinik"},"geometry":{"type":"Point","coordinates":[11.57761,48.13861]}},{"type":"Feature","properties":{"name":"MW Praxis f\u00fcr Orthop\u00e4die & Sportmedizin","amenity":"Klinik"},"geometry":{"type":"Point","coordinates":[11.57755,48.13861]}},{"type":"Feature","properties":{"name":"Jacobi Fendt","amenity":"Puskesmas"},"geometry":{"type":"Point","coordinates":[11.54722,48.14318]}},{"type":"Feature","properties":{"name":"Dr. Nicola Eickmann","amenity":"Puskesmas"},"geometry":{"type":"Point","coordinates":[11.70065,48.11289]}},{"type":"Feature","properties":{"name":"Logop\u00e4die Messestadt Riem","amenity":"Puskesmas"},"geometry":{"type":"Point","coordinates":[11.7024,48.13252]}},{"type":"Feature","properties":{"name":"Praxis f\u00fcr Allgemeinmedizin","amenity":"Klinik"},"geometry":{"type":"Point","coordinates":[11.58367,48.17894]}},{"type":"Feature","properties":{"name":"Physiotherapie Sheikh","amenity":"Puskesmas"},"geometry":{"type":"Point","coordinates":[11.49552,48.13916]}},{"type":"Feature","properties":{"name":"Andreas Diesmann","amenity":"Puskesmas"},"geometry":{"type":"Point","coordinates":[11.47894,48.08766]}},{"type":"Feature","properties":{"name":"Zahnarztpraxis Dr. Senst / Dr. Zimmermann","amenity":"Puskesmas"},"geometry":{"type":"Point","coordinates":[11.48128,48.17526]}},{"type":"Feature","properties":{"name":"Praxis Dr. med. Oliver Heinemann","amenity":"Klinik"},"geometry":{"type":"Point","coordinates":[11.47959,48.08821]}},{"type":"Feature","properties":{"name":"Hasen-Apotheke","amenity":"Puskesmas"},"geometry":{"type":"Point","coordinates":[11.55733,48.21426]}},{"type":"Feature","properties":{"name":"Orthop\u00e4dische Praxisgemeinschaft","amenity":"Klinik"},"geometry":{"type":"Point","coordinates":[11.60166,48.13929]}},{"type":"Feature","properties":{"name":"Dr.med. J. Schleimer","amenity":"Klinik"},"geometry":{"type":"Point","coordinates":[11.57967,48.10644]}},{"type":"Feature","properties":{"name":"Gabriele Arpino","amenity":"Puskesmas"},"geometry":{"type":"Point","coordinates":[11.64075,48.14871]}},{"type":"Feature","properties":{"name":"Dr. med. Claudia Frisch","amenity":"Klinik"},"geometry":{"type":"Point","coordinates":[11.4418,48.14844]}},{"type":"Feature","properties":{"name":"Kardiologie M\u00fcnchen West","amenity":"Klinik"},"geometry":{"type":"Point","coordinates":[11.46424,48.15]}},{"type":"Feature","properties":{"name":"PAT Therapiezentrum","amenity":"Klinik"},"geometry":{"type":"Point","coordinates":[11.54815,48.12141]}},{"type":"Feature","properties":{"name":"Internist Praxis M.D. Daadoush","amenity":"Klinik"},"geometry":{"type":"Point","coordinates":[11.59588,48.17838]}},{"type":"Feature","properties":{"name":"Hebammenpraxis Reisinger (Naturheilkunde)","amenity":"Puskesmas"},"geometry":{"type":"Point","coordinates":[11.63775,48.12543]}},{"type":"Feature","properties":{"name":"Robert J. E. Rauch","amenity":"Klinik"},"geometry":{"type":"Point","coordinates":[11.51679,48.07542]}},{"type":"Feature","properties":{"name":"Urologie im Glockenbach","amenity":"Klinik"},"geometry":{"type":"Point","coordinates":[11.5659,48.13152]}},{"type":"Feature","properties":{"name":"Dr. med. Verner Hallmen","amenity":"Klinik"},"geometry":{"type":"Point","coordinates":[11.55193,48.20765]}},{"type":"Feature","properties":{"name":"Dr. Armin Raster","amenity":"Puskesmas"},"geometry":{"type":"Point","coordinates":[11.52661,48.07646]}},{"type":"Feature","properties":{"name":"St. Alto Apotheke","amenity":"Puskesmas"},"geometry":{"type":"Point","coordinates":[11.41574,48.15753]}},{"type":"Feature","properties":{"name":"Praxis f\u00fcr Physiotherapie V.M\u00fcller","amenity":"Puskesmas"},"geometry":{"type":"Point","coordinates":[11.58046,48.09831]}},{"type":"Feature","properties":{"name":"Neurologische Praxis am Ostbahnhof","amenity":"Klinik"},"geometry":{"type":"Point","coordinates":[11.60334,48.12963]}},{"type":"Feature","properties":{"name":"Praxis f\u00fcr Logop\u00e4die","amenity":"Puskesmas"},"geometry":{"type":"Point","coordinates":[11.49591,48.09529]}},{"type":"Feature","properties":{"name":"Gabriele M\u00fcller","amenity":"Klinik"},"geometry":{"type":"Point","coordinates":[11.57207,48.1002]}},{"type":"Feature","properties":{"name":"Dr. med. dent. Alexander B\u00f6hm","amenity":"Puskesmas"},"geometry":{"type":"Point","coordinates":[11.56328,48.09031]}},{"type":"Feature","properties":{"name":"Gastropraxis Harlaching","amenity":"Klinik"},"geometry":{"type":"Point","coordinates":[11.56157,48.08598]}},{"type":"Feature","properties":{"name":"Zahnarztpraxis Brigitte Hornberger","amenity":"Puskesmas"},"geometry":{"type":"Point","coordinates":[11.46188,48.17723]}},{"type":"Feature","properties":{"name":"Zahnarztpraxis im st\u00e4dtischen Klinikum Harlaching","amenity":"Puskesmas"},"geometry":{"type":"Point","coordinates":[11.55897,48.08646]}},{"type":"Feature","properties":{"name":"Dr. Charlotte Blasini","amenity":"Klinik"},"geometry":{"type":"Point","coordinates":[11.52816,48.0806]}},{"type":"Feature","properties":{"name":"Dr. Wolfgang Heinemann","amenity":"Puskesmas"},"geometry":{"type":"Point","coordinates":[11.52051,48.07789]}},{"type":"Feature","properties":{"name":"Dr. Berz, Dr. Dech","amenity":"Klinik"},"geometry":{"type":"Point","coordinates":[11.51925,48.07699]}},{"type":"Feature","properties":{"name":"Dr. med. Heidrun Malze","amenity":"Klinik"},"geometry":{"type":"Point","coordinates":[11.52677,48.08178]}},{"type":"Feature","properties":{"name":"Dr. Julian Kalasch","amenity":"Puskesmas"},"geometry":{"type":"Point","coordinates":[11.51976,48.08835]}},{"type":"Feature","properties":{"name":"MVZ M\u00fcnchen Nord","amenity":"Klinik"},"geometry":{"type":"Point","coordinates":[11.56454,48.20233]}},{"type":"Feature","properties":{"name":"Amelie & Christian Jabbusch","amenity":"Puskesmas"},"geometry":{"type":"Point","coordinates":[11.60044,48.0874]}},{"type":"Feature","properties":{"name":"Dr. med. Stephan u. Claudia Martini","amenity":"Klinik"},"geometry":{"type":"Point","coordinates":[11.60034,48.08738]}},{"type":"Feature","properties":{"name":"Sturm","amenity":"Klinik"},"geometry":{"type":"Point","coordinates":[11.60764,48.12069]}},{"type":"Feature","properties":{"name":"Dr. med. Eberhard Koll","amenity":"Klinik"},"geometry":{"type":"Point","coordinates":[11.58025,48.10111]}},{"type":"Feature","properties":{"name":"Sonnenschein-Apotheke","amenity":"Puskesmas"},"geometry":{"type":"Point","coordinates":[11.59538,48.11034]}},{"type":"Feature","properties":{"name":"Dr. Anke Burkhardt","amenity":"Puskesmas"},"geometry":{"type":"Point","coordinates":[11.55991,48.08882]}},{"type":"Feature","properties":{"name":"Uta Strunkmann-Meister","amenity":"Puskesmas"},"geometry":{"type":"Point","coordinates":[11.60046,48.14892]}},{"type":"Feature","properties":{"name":"Dr. med. Beate Sauer","amenity":"Klinik"},"geometry":{"type":"Point","coordinates":[11.59605,48.11065]}},{"type":"Feature","properties":{"name":"Dr. med. Peter Borlinghaus","amenity":"Klinik"},"geometry":{"type":"Point","coordinates":[11.59602,48.1107]}},{"type":"Feature","properties":{"name":"Dr. med. Rudolf Ra\u00dfhofer","amenity":"Klinik"},"geometry":{"type":"Point","coordinates":[11.59599,48.11075]}},{"type":"Feature","properties":{"name":"Andreas Liedloff","amenity":"Puskesmas"},"geometry":{"type":"Point","coordinates":[11.62484,48.11728]}},{"type":"Feature","properties":{"name":"Helmut Gammel","amenity":"Puskesmas"},"geometry":{"type":"Point","coordinates":[11.57274,48.11621]}},{"type":"Feature","properties":{"name":"Privatsph\u00e4re Studio","amenity":"Puskesmas"},"geometry":{"type":"Point","coordinates":[11.54382,48.10031]}},{"type":"Feature","properties":{"name":"Kinderzahnarztpraxis Kinderl\u00e4cheln","amenity":"Puskesmas"},"geometry":{"type":"Point","coordinates":[11.51117,48.17999]}},{"type":"Feature","properties":{"name":"Dr. med. Stephan Maschauer","amenity":"Klinik"},"geometry":{"type":"Point","coordinates":[11.57858,48.10945]}},{"type":"Feature","properties":{"name":"Zahnarztpraxis Dr. Stefan Waas & Kollegen","amenity":"Puskesmas"},"geometry":{"type":"Point","coordinates":[11.57856,48.10946]}},{"type":"Feature","properties":{"name":"Dr. (IMF Bukarest) Ileana Grigorescu","amenity":"Klinik"},"geometry":{"type":"Point","coordinates":[11.61316,48.09047]}},{"type":"Feature","properties":{"name":"Dr. med. Katrin Biebach","amenity":"Klinik"},"geometry":{"type":"Point","coordinates":[11.48319,48.1149]}},{"type":"Feature","properties":{"name":"Dr. Caro","amenity":"Klinik"},"geometry":{"type":"Point","coordinates":[11.69878,48.11381]}},{"type":"Feature","properties":{"name":"Dr. Kurzidym","amenity":"Puskesmas"},"geometry":{"type":"Point","coordinates":[11.68971,48.11642]}},{"type":"Feature","properties":{"name":"Dr. Deindl","amenity":"Klinik"},"geometry":{"type":"Point","coordinates":[11.57476,48.13793]}},{"type":"Feature","properties":{"name":"Hautarzt Gemeinschaftspraxis Schwab-Przybilla, Roser-Maas, Garcia-Gutierrez","amenity":"Klinik"},"geometry":{"type":"Point","coordinates":[11.67103,48.12182]}},{"type":"Feature","properties":{"name":"Heidemarie Schmutterer","amenity":"Klinik"},"geometry":{"type":"Point","coordinates":[11.65645,48.12202]}},{"type":"Feature","properties":{"name":"Orthop\u00e4disches Zentrum M\u00fcnchen-Ost","amenity":"Puskesmas"},"geometry":{"type":"Point","coordinates":[11.65498,48.12441]}},{"type":"Feature","properties":{"name":"Dr. med. Bruno Sch\u00f6pfer","amenity":"Klinik"},"geometry":{"type":"Point","coordinates":[11.66852,48.12334]}},{"type":"Feature","properties":{"name":"Dr. Beicht","amenity":"Klinik"},"geometry":{"type":"Point","coordinates":[11.56456,48.13791]}},{"type":"Feature","properties":{"name":"Haus\u00e4rztliche Gemeinschaftspraxis","amenity":"Klinik"},"geometry":{"type":"Point","coordinates":[11.67164,48.10862]}},{"type":"Feature","properties":{"name":"Dr. Tin Spaji\u0107","amenity":"Puskesmas"},"geometry":{"type":"Point","coordinates":[11.67137,48.08046]}},{"type":"Feature","properties":{"name":"Max-Planck-Tagklinik f\u00fcr Psychiatrie und Psychotherapie","amenity":"Klinik"},"geometry":{"type":"Point","coordinates":[11.56684,48.17996]}},{"type":"Feature","properties":{"name":"Haidhauser Praxis","amenity":"Puskesmas"},"geometry":{"type":"Point","coordinates":[11.60906,48.13595]}},{"type":"Feature","properties":{"name":"OZMO - Orthopaediezentrum","amenity":"Puskesmas"},"geometry":{"type":"Point","coordinates":[11.56623,48.13492]}},{"type":"Feature","properties":{"name":"Dr. Eberhard Riedel","amenity":"Puskesmas"},"geometry":{"type":"Point","coordinates":[11.52374,48.0753]}},{"type":"Feature","properties":{"name":"Manfred Werner","amenity":"Puskesmas"},"geometry":{"type":"Point","coordinates":[11.57875,48.13105]}},{"type":"Feature","properties":{"name":"Dr. med. Edeltraud Engl","amenity":"Klinik"},"geometry":{"type":"Point","coordinates":[11.57879,48.12666]}},{"type":"Feature","properties":{"name":"Dr. Mohandessi","amenity":"Puskesmas"},"geometry":{"type":"Point","coordinates":[11.5265,48.07756]}},{"type":"Feature","properties":{"name":"Haus\u00e4rzte an der Regerstra\u00dfe","amenity":"Klinik"},"geometry":{"type":"Point","coordinates":[11.58722,48.12385]}},{"type":"Feature","properties":{"name":"Tanpa Nama","amenity":"Klinik"},"geometry":{"type":"Point","coordinates":[11.50844,48.13042]}},{"type":"Feature","properties":{"name":"Ergotherapie Westend","amenity":"Puskesmas"},"geometry":{"type":"Point","coordinates":[11.54433,48.13451]}},{"type":"Feature","properties":{"name":"Dr. med.dent. Ludwig Riedl","amenity":"Puskesmas"},"geometry":{"type":"Point","coordinates":[11.48041,48.11599]}},{"type":"Feature","properties":{"name":"Dr. K\u00fcster","amenity":"Puskesmas"},"geometry":{"type":"Point","coordinates":[11.52929,48.16308]}},{"type":"Feature","properties":{"name":"Podologie Janine Walz","amenity":"Puskesmas"},"geometry":{"type":"Point","coordinates":[11.5752,48.15374]}},{"type":"Feature","properties":{"name":"Orthop\u00e4die am Gasteig","amenity":"Klinik"},"geometry":{"type":"Point","coordinates":[11.5913,48.13005]}},{"type":"Feature","properties":{"name":"Dr. Herold","amenity":"Klinik"},"geometry":{"type":"Point","coordinates":[11.58584,48.16251]}},{"type":"Feature","properties":{"name":"Haus\u00e4rzte Gollierplatz","amenity":"Klinik"},"geometry":{"type":"Point","coordinates":[11.53755,48.13639]}},{"type":"Feature","properties":{"name":"Praxis Peterke & Paul","amenity":"Puskesmas"},"geometry":{"type":"Point","coordinates":[11.53762,48.13873]}},{"type":"Feature","properties":{"name":"Eva Peuckert","amenity":"Puskesmas"},"geometry":{"type":"Point","coordinates":[11.65673,48.11575]}},{"type":"Feature","properties":{"name":"Dr. med. Alexandra Reinboth","amenity":"Klinik"},"geometry":{"type":"Point","coordinates":[11.65758,48.11483]}},{"type":"Feature","properties":{"name":"Dr. Regner","amenity":"Puskesmas"},"geometry":{"type":"Point","coordinates":[11.57352,48.16584]}},{"type":"Feature","properties":{"name":"Michael Skambraks","amenity":"Klinik"},"geometry":{"type":"Point","coordinates":[11.54423,48.13618]}},{"type":"Feature","properties":{"name":"Dr. Thomas Weber","amenity":"Puskesmas"},"geometry":{"type":"Point","coordinates":[11.52273,48.07883]}},{"type":"Feature","properties":{"name":"Dr. med. dent. Dietmar Hellebrand","amenity":"Puskesmas"},"geometry":{"type":"Point","coordinates":[11.55622,48.13265]}},{"type":"Feature","properties":{"name":"Praxis f\u00fcr Radiologie und Nuklearmedizin Gro\u00dfhadern","amenity":"Klinik"},"geometry":{"type":"Point","coordinates":[11.48262,48.11496]}},{"type":"Feature","properties":{"name":"Dr. Hilke Schneider","amenity":"Puskesmas"},"geometry":{"type":"Point","coordinates":[11.48278,48.11501]}},{"type":"Feature","properties":{"name":"Dr. Dr. Bernd Kemmerich","amenity":"Klinik"},"geometry":{"type":"Point","coordinates":[11.58612,48.16397]}},{"type":"Feature","properties":{"name":"Deutsches Hyperhidrosezentrum DHHZ","amenity":"Klinik"},"geometry":{"type":"Point","coordinates":[11.58337,48.11942]}},{"type":"Feature","properties":{"name":"Little by Little","amenity":"Puskesmas"},"geometry":{"type":"Point","coordinates":[11.57623,48.15388]}},{"type":"Feature","properties":{"name":"Apotheke am Bunzlauer Platz","amenity":"Puskesmas"},"geometry":{"type":"Point","coordinates":[11.50608,48.17904]}},{"type":"Feature","properties":{"name":"Hausarzt Dr. med. Andrea Weisser","amenity":"Klinik"},"geometry":{"type":"Point","coordinates":[11.50333,48.13706]}},{"type":"Feature","properties":{"name":"Charlotte Averdieck","amenity":"Puskesmas"},"geometry":{"type":"Point","coordinates":[11.59052,48.13954]}},{"type":"Feature","properties":{"name":"Zahnmedizin in M\u00fcnchen Hadern","amenity":"Puskesmas"},"geometry":{"type":"Point","coordinates":[11.47973,48.11552]}},{"type":"Feature","properties":{"name":"Praxis Aventinstra\u00dfe","amenity":"Klinik"},"geometry":{"type":"Point","coordinates":[11.57962,48.13291]}},{"type":"Feature","properties":{"name":"Dr. Eichner","amenity":"Puskesmas"},"geometry":{"type":"Point","coordinates":[11.58597,48.13354]}},{"type":"Feature","properties":{"name":"Thomas Koch / Peter Hilgenstock","amenity":"Puskesmas"},"geometry":{"type":"Point","coordinates":[11.57258,48.15221]}},{"type":"Feature","properties":{"name":"G\u00fcnther Philipp, Sebastian Philipp","amenity":"Puskesmas"},"geometry":{"type":"Point","coordinates":[11.63586,48.12734]}},{"type":"Feature","properties":{"name":"Dr. Andreas Schroll & Dr. Simone Schroll Zahnmedizin Parkviertel Giesing","amenity":"Puskesmas"},"geometry":{"type":"Point","coordinates":[11.58111,48.10998]}},{"type":"Feature","properties":{"name":"Dr. Annette von Zumbusch","amenity":"Klinik"},"geometry":{"type":"Point","coordinates":[11.52803,48.08067]}},{"type":"Feature","properties":{"name":"Dr. Rudolf Blasini","amenity":"Klinik"},"geometry":{"type":"Point","coordinates":[11.52816,48.08064]}},{"type":"Feature","properties":{"name":"Dr. Kirsten Schebitz-Walter","amenity":"Klinik"},"geometry":{"type":"Point","coordinates":[11.52803,48.08064]}},{"type":"Feature","properties":{"name":"Dr. med. Ralf Wuttge, Radiologe","amenity":"Klinik"},"geometry":{"type":"Point","coordinates":[11.56706,48.1399]}},{"type":"Feature","properties":{"name":"Robert Manghofer","amenity":"Klinik"},"geometry":{"type":"Point","coordinates":[11.53913,48.13908]}},{"type":"Feature","properties":{"name":"Dr. Susi Diernberger","amenity":"Puskesmas"},"geometry":{"type":"Point","coordinates":[11.57646,48.1515]}},{"type":"Feature","properties":{"name":"Zahnarztpraxis Debi\u00e9 & Sch\u00e4tzl","amenity":"Puskesmas"},"geometry":{"type":"Point","coordinates":[11.58261,48.15789]}},{"type":"Feature","properties":{"name":"Internistische Gemeinschaftspraxis","amenity":"Klinik"},"geometry":{"type":"Point","coordinates":[11.5407,48.11865]}},{"type":"Feature","properties":{"name":"Orthop\u00e4die Dr. Groll","amenity":"Klinik"},"geometry":{"type":"Point","coordinates":[11.541,48.11852]}},{"type":"Feature","properties":{"name":"Praxis f\u00fcr Allgemeinmedizin und Arbeitsmedizin in Laim","amenity":"Klinik"},"geometry":{"type":"Point","coordinates":[11.50254,48.13337]}},{"type":"Feature","properties":{"name":"Dr. med. Peter Friedrich","amenity":"Klinik"},"geometry":{"type":"Point","coordinates":[11.61526,48.14417]}},{"type":"Feature","properties":{"name":"Dr. Rosalynn Gall","amenity":"Puskesmas"},"geometry":{"type":"Point","coordinates":[11.53938,48.10041]}},{"type":"Feature","properties":{"name":"Praxis TCM","amenity":"Klinik"},"geometry":{"type":"Point","coordinates":[11.51295,48.07991]}},{"type":"Feature","properties":{"name":"ASAM praevent GmbH, Institut f\u00fcr Arbeitssicherheit, Arbeitsmedizin und Pr\u00e4vention","amenity":"Klinik"},"geometry":{"type":"Point","coordinates":[11.50269,48.11113]}},{"type":"Feature","properties":{"name":"Dr. Klauser","amenity":"Klinik"},"geometry":{"type":"Point","coordinates":[11.55332,48.20401]}},{"type":"Feature","properties":{"name":"Merkur-Apotheke","amenity":"Puskesmas"},"geometry":{"type":"Point","coordinates":[11.62928,48.10105]}},{"type":"Feature","properties":{"name":"Psychotherapie Zentrum R\u00f6merstra\u00dfe","amenity":"Puskesmas"},"geometry":{"type":"Point","coordinates":[11.5774,48.16221]}},{"type":"Feature","properties":{"name":"Sabine Vera Stolzenbach, Praxis f\u00fcr Physiotherapie","amenity":"Puskesmas"},"geometry":{"type":"Point","coordinates":[11.47686,48.11524]}},{"type":"Feature","properties":{"name":"Augenlaser Team M\u00fcnchen","amenity":"Klinik"},"geometry":{"type":"Point","coordinates":[11.44182,48.14844]}},{"type":"Feature","properties":{"name":"Dr. med. Claudia Rehfue\u00df","amenity":"Klinik"},"geometry":{"type":"Point","coordinates":[11.44182,48.14843]}},{"type":"Feature","properties":{"name":"Dr. med. Hyun Kyung Lee","amenity":"Klinik"},"geometry":{"type":"Point","coordinates":[11.4418,48.14845]}},{"type":"Feature","properties":{"name":"Dr. med. Dieter Koch","amenity":"Klinik"},"geometry":{"type":"Point","coordinates":[11.4418,48.14846]}},{"type":"Feature","properties":{"name":"Dr. med. Thomas Sikezsdy","amenity":"Klinik"},"geometry":{"type":"Point","coordinates":[11.44224,48.14815]}},{"type":"Feature","properties":{"name":"Orthop\u00e4die M\u00fcnchen am Altheimer Eck & am Westkreuz","amenity":"Klinik"},"geometry":{"type":"Point","coordinates":[11.44224,48.14813]}},{"type":"Feature","properties":{"name":"Dr. Hans Sch\u00fcrk\u00e4mper, Dr. Manuel Sch\u00fcrk\u00e4mper","amenity":"Puskesmas"},"geometry":{"type":"Point","coordinates":[11.442,48.14829]}},{"type":"Feature","properties":{"name":"Dr. Myska","amenity":"Puskesmas"},"geometry":{"type":"Point","coordinates":[11.56536,48.15095]}},{"type":"Feature","properties":{"name":"Dres. Gr\u00fcnwald","amenity":"Puskesmas"},"geometry":{"type":"Point","coordinates":[11.56647,48.15063]}},{"type":"Feature","properties":{"name":"Radiologie M\u00fcnchen Ost","amenity":"Klinik"},"geometry":{"type":"Point","coordinates":[11.69481,48.11542]}},{"type":"Feature","properties":{"name":"Praxis f\u00fcr Zahnheilkunde Dr. Manuel Menzel","amenity":"Puskesmas"},"geometry":{"type":"Point","coordinates":[11.47685,48.11582]}},{"type":"Feature","properties":{"name":"Tanpa Nama","amenity":"Puskesmas"},"geometry":{"type":"Point","coordinates":[11.50196,48.13593]}},{"type":"Feature","properties":{"name":"Dr. Ursula Jacob","amenity":"Klinik"},"geometry":{"type":"Point","coordinates":[11.60236,48.1457]}},{"type":"Feature","properties":{"name":"Haus\u00e4rztl. Gemeinschaftspraxis Haelbig-Ensslen-Ernst","amenity":"Klinik"},"geometry":{"type":"Point","coordinates":[11.50147,48.12713]}},{"type":"Feature","properties":{"name":"Theatiner Apotheke","amenity":"Puskesmas"},"geometry":{"type":"Point","coordinates":[11.57707,48.14161]}},{"type":"Feature","properties":{"name":"Tanpa Nama","amenity":"Klinik"},"geometry":{"type":"Point","coordinates":[11.57617,48.14066]}},{"type":"Feature","properties":{"name":"Arzthaus Theatinerstra\u00dfe 29","amenity":"Klinik"},"geometry":{"type":"Point","coordinates":[11.57703,48.14128]}},{"type":"Feature","properties":{"name":"MVZ Sonnen-Gesundheitszentrum","amenity":"Klinik"},"geometry":{"type":"Point","coordinates":[11.56593,48.13516]}},{"type":"Feature","properties":{"name":"\u00c4rztehaus Theatinerstr. 36","amenity":"Klinik"},"geometry":{"type":"Point","coordinates":[11.57638,48.14015]}},{"type":"Feature","properties":{"name":"Praxisgemeinschaft Theatiner46","amenity":"Klinik"},"geometry":{"type":"Point","coordinates":[11.57618,48.13951]}},{"type":"Feature","properties":{"name":"Tanpa Nama","amenity":"Klinik"},"geometry":{"type":"Point","coordinates":[11.52655,48.15725]}},{"type":"Feature","properties":{"name":"Logop\u00e4diepraxis Korbinian Burlefinger","amenity":"Puskesmas"},"geometry":{"type":"Point","coordinates":[11.54995,48.11332]}},{"type":"Feature","properties":{"name":"Radiologie M\u00fcnchen","amenity":"Klinik"},"geometry":{"type":"Point","coordinates":[11.53368,48.08533]}},{"type":"Feature","properties":{"name":"Tanpa Nama","amenity":"Klinik"},"geometry":{"type":"Point","coordinates":[11.59485,48.11134]}},{"type":"Feature","properties":{"name":"Fit f\u00fcrs Leben Physio","amenity":"Puskesmas"},"geometry":{"type":"Point","coordinates":[11.53772,48.17835]}},{"type":"Feature","properties":{"name":"Praxisgemeinschaft f\u00fcr Psychoanalyse und Psychotherapie","amenity":"Puskesmas"},"geometry":{"type":"Point","coordinates":[11.59676,48.12878]}},{"type":"Feature","properties":{"name":"Dr. med Gerhard Donhauser","amenity":"Klinik"},"geometry":{"type":"Point","coordinates":[11.52489,48.11618]}},{"type":"Feature","properties":{"name":"TCM MED M\u00fcnchen","amenity":"Klinik"},"geometry":{"type":"Point","coordinates":[11.52327,48.07506]}},{"type":"Feature","properties":{"name":"NeuroZentrum Harlaching","amenity":"Klinik"},"geometry":{"type":"Point","coordinates":[11.55654,48.09084]}},{"type":"Feature","properties":{"name":"MR Open","amenity":"Klinik"},"geometry":{"type":"Point","coordinates":[11.53452,48.15077]}},{"type":"Feature","properties":{"name":"Dr. med. Gamringer","amenity":"Klinik"},"geometry":{"type":"Point","coordinates":[11.5222,48.1179]}},{"type":"Feature","properties":{"name":"Dr. Knebel","amenity":"Klinik"},"geometry":{"type":"Point","coordinates":[11.58709,48.17665]}},{"type":"Feature","properties":{"name":"Gasteigpraxis","amenity":"Klinik"},"geometry":{"type":"Point","coordinates":[11.59141,48.13267]}},{"type":"Feature","properties":{"name":"Chirurgie am Stachus","amenity":"Klinik"},"geometry":{"type":"Point","coordinates":[11.567,48.13992]}},{"type":"Feature","properties":{"name":"Lungenfach\u00e4rzte Dr. Rudolf Schnell","amenity":"Klinik"},"geometry":{"type":"Point","coordinates":[11.57006,48.13792]}},{"type":"Feature","properties":{"name":"Dr. Krestel","amenity":"Klinik"},"geometry":{"type":"Point","coordinates":[11.64634,48.12826]}},{"type":"Feature","properties":{"name":"Tanpa Nama","amenity":"Puskesmas"},"geometry":{"type":"Point","coordinates":[11.45673,48.13983]}},{"type":"Feature","properties":{"name":"Praxis Dr. Vocke Dipl. Psychologin","amenity":"Klinik"},"geometry":{"type":"Point","coordinates":[11.5551,48.13201]}},{"type":"Feature","properties":{"name":"Augenarztpraxis M\u00fcnchen - Schwabing","amenity":"Klinik"},"geometry":{"type":"Point","coordinates":[11.58231,48.16113]}},{"type":"Feature","properties":{"name":"Natalie Fishkin","amenity":"Puskesmas"},"geometry":{"type":"Point","coordinates":[11.58342,48.11554]}},{"type":"Feature","properties":{"name":"Dr. S. Militz-M\u00fcller, H. H\u00e4rtl, K. Maierhofer","amenity":"Puskesmas"},"geometry":{"type":"Point","coordinates":[11.52512,48.07714]}},{"type":"Feature","properties":{"name":"Augenzentrum M\u00fcnchen","amenity":"Klinik"},"geometry":{"type":"Point","coordinates":[11.59837,48.13587]}},{"type":"Feature","properties":{"name":"Augenzentrum M\u00fcnchen","amenity":"Klinik"},"geometry":{"type":"Point","coordinates":[11.68766,48.13486]}},{"type":"Feature","properties":{"name":"Kolsouzidou, Kondzic","amenity":"Klinik"},"geometry":{"type":"Point","coordinates":[11.53039,48.18123]}},{"type":"Feature","properties":{"name":"Dr. Johannes Diewald","amenity":"Puskesmas"},"geometry":{"type":"Point","coordinates":[11.42467,48.14249]}},{"type":"Feature","properties":{"name":"Dr. med. Oksana Vovk-Debryckyi","amenity":"Klinik"},"geometry":{"type":"Point","coordinates":[11.58572,48.15926]}},{"type":"Feature","properties":{"name":"Zahn\u00e4rzte am Kaiserplatz","amenity":"Puskesmas"},"geometry":{"type":"Point","coordinates":[11.5816,48.16087]}},{"type":"Feature","properties":{"name":"kaiser reha","amenity":"Puskesmas"},"geometry":{"type":"Point","coordinates":[11.57951,48.1629]}},{"type":"Feature","properties":{"name":"Zahnplanet","amenity":"Puskesmas"},"geometry":{"type":"Point","coordinates":[11.58012,48.16076]}},{"type":"Feature","properties":{"name":"Inge Rau","amenity":"Klinik"},"geometry":{"type":"Point","coordinates":[11.58266,48.1608]}},{"type":"Feature","properties":{"name":"Maria Theobald Fu\u00dfpraxis","amenity":"Klinik"},"geometry":{"type":"Point","coordinates":[11.58034,48.16261]}},{"type":"Feature","properties":{"name":"Deister / Bittelmeyer","amenity":"Puskesmas"},"geometry":{"type":"Point","coordinates":[11.59485,48.11138]}},{"type":"Feature","properties":{"name":"Dr. Christine Quack","amenity":"Klinik"},"geometry":{"type":"Point","coordinates":[11.59483,48.11137]}},{"type":"Feature","properties":{"name":"Gesundimpuls","amenity":"Puskesmas"},"geometry":{"type":"Point","coordinates":[11.59486,48.11134]}},{"type":"Feature","properties":{"name":"Adrian Zidaru","amenity":"Puskesmas"},"geometry":{"type":"Point","coordinates":[11.53209,48.12914]}},{"type":"Feature","properties":{"name":"Dr. med. Patrick Gillessen","amenity":"Puskesmas"},"geometry":{"type":"Point","coordinates":[11.57177,48.14104]}},{"type":"Feature","properties":{"name":"Zahn\u00e4rzte am Westpark","amenity":"Puskesmas"},"geometry":{"type":"Point","coordinates":[11.51667,48.11806]}},{"type":"Feature","properties":{"name":"Dr. med. Dagmar D\u00f6rfler-Gebhard","amenity":"Klinik"},"geometry":{"type":"Point","coordinates":[11.64108,48.12454]}},{"type":"Feature","properties":{"name":"Theraplus","amenity":"Puskesmas"},"geometry":{"type":"Point","coordinates":[11.53625,48.09623]}},{"type":"Feature","properties":{"name":"Naturheilpraxis Mau","amenity":"Puskesmas"},"geometry":{"type":"Point","coordinates":[11.54364,48.13474]}},{"type":"Feature","properties":{"name":"Zahnzentrum Solln","amenity":"Puskesmas"},"geometry":{"type":"Point","coordinates":[11.52669,48.07758]}},{"type":"Feature","properties":{"name":"Dr. Markus Schedler","amenity":"Puskesmas"},"geometry":{"type":"Point","coordinates":[11.52553,48.07771]}},{"type":"Feature","properties":{"name":"Monaco Apotheke","amenity":"Puskesmas"},"geometry":{"type":"Point","coordinates":[11.53458,48.12123]}},{"type":"Feature","properties":{"name":"AK Fono & Coaching","amenity":"Puskesmas"},"geometry":{"type":"Point","coordinates":[11.57402,48.15504]}},{"type":"Feature","properties":{"name":"Hausarztpraxis","amenity":"Klinik"},"geometry":{"type":"Point","coordinates":[11.6203,48.12767]}},{"type":"Feature","properties":{"name":"Dr. Waller","amenity":"Puskesmas"},"geometry":{"type":"Point","coordinates":[11.55824,48.127]}},{"type":"Feature","properties":{"name":"Labor Dr. Bieger","amenity":"Klinik"},"geometry":{"type":"Point","coordinates":[11.56058,48.14507]}},{"type":"Feature","properties":{"name":"Gemeinschaftspraxis Dr. Intemann & Mrach","amenity":"Klinik"},"geometry":{"type":"Point","coordinates":[11.53472,48.13718]}},{"type":"Feature","properties":{"name":"Gemeinschaftspraxis Dr. Fritz Sailer und Dr. Florian Kiskalt","amenity":"Klinik"},"geometry":{"type":"Point","coordinates":[11.54385,48.15009]}},{"type":"Feature","properties":{"name":"Augen-OP-Zentrum","amenity":"Klinik"},"geometry":{"type":"Point","coordinates":[11.55357,48.14884]}},{"type":"Feature","properties":{"name":"Ludwig Ziller","amenity":"Puskesmas"},"geometry":{"type":"Point","coordinates":[11.64062,48.12457]}},{"type":"Feature","properties":{"name":"Charismadent","amenity":"Puskesmas"},"geometry":{"type":"Point","coordinates":[11.55838,48.13685]}},{"type":"Feature","properties":{"name":"Charismamed","amenity":"Klinik"},"geometry":{"type":"Point","coordinates":[11.55837,48.13668]}},{"type":"Feature","properties":{"name":"Praxisgemeinschaft Nymphenburger Stra\u00dfe","amenity":"Klinik"},"geometry":{"type":"Point","coordinates":[11.55359,48.14912]}},{"type":"Feature","properties":{"name":"MVZ Neuhausen","amenity":"Klinik"},"geometry":{"type":"Point","coordinates":[11.53379,48.15252]}},{"type":"Feature","properties":{"name":"Zahn\u00e4rzte am Rotkreuzplatz","amenity":"Puskesmas"},"geometry":{"type":"Point","coordinates":[11.53327,48.15219]}},{"type":"Feature","properties":{"name":"Dr. med. dent. Robert Muche","amenity":"Puskesmas"},"geometry":{"type":"Point","coordinates":[11.53307,48.15112]}},{"type":"Feature","properties":{"name":"Radiologie M\u00fcnchen-Nord","amenity":"Klinik"},"geometry":{"type":"Point","coordinates":[11.58676,48.20235]}},{"type":"Feature","properties":{"name":"Haema Blutspendedienst","amenity":"Puskesmas"},"geometry":{"type":"Point","coordinates":[11.55877,48.1492]}},{"type":"Feature","properties":{"name":"Dr. med. Bystrik Cepissak","amenity":"Klinik"},"geometry":{"type":"Point","coordinates":[11.52243,48.09525]}},{"type":"Feature","properties":{"name":"Dr. Kersten M\u00fcller","amenity":"Klinik"},"geometry":{"type":"Point","coordinates":[11.52324,48.09881]}},{"type":"Feature","properties":{"name":"Dr. Tanja Kr\u00fcger- Olma","amenity":"Klinik"},"geometry":{"type":"Point","coordinates":[11.52329,48.09885]}},{"type":"Feature","properties":{"name":"HNOmedic Pasing","amenity":"Klinik"},"geometry":{"type":"Point","coordinates":[11.4566,48.14654]}},{"type":"Feature","properties":{"name":"Reproduktionsmedizin M\u00fcnchen","amenity":"Klinik"},"geometry":{"type":"Point","coordinates":[11.57886,48.13634]}},{"type":"Feature","properties":{"name":"Dr. med. Michael Ehrengut","amenity":"Klinik"},"geometry":{"type":"Point","coordinates":[11.42348,48.14406]}},{"type":"Feature","properties":{"name":"Dr. Lehner / Orthop\u00e4de","amenity":"Klinik"},"geometry":{"type":"Point","coordinates":[11.52475,48.07686]}},{"type":"Feature","properties":{"name":"Kluge Ern\u00e4hrung / Ern\u00e4hrungsberatung Susan Kluge","amenity":"Puskesmas"},"geometry":{"type":"Point","coordinates":[11.52013,48.07803]}},{"type":"Feature","properties":{"name":"Otter-Egger Ergotherapeutin","amenity":"Puskesmas"},"geometry":{"type":"Point","coordinates":[11.50949,48.07764]}},{"type":"Feature","properties":{"name":"Atem- und Physiotherapie Solln","amenity":"Puskesmas"},"geometry":{"type":"Point","coordinates":[11.52053,48.08871]}},{"type":"Feature","properties":{"name":"Karin Kolb Krankengymnastik-Praxis","amenity":"Klinik"},"geometry":{"type":"Point","coordinates":[11.64014,48.14529]}},{"type":"Feature","properties":{"name":"Gemeinschaftspraxis f\u00fcr Orthop\u00e4die","amenity":"Klinik"},"geometry":{"type":"Point","coordinates":[11.64014,48.14521]}},{"type":"Feature","properties":{"name":"Hausarztpraxis im Atriumpark","amenity":"Klinik"},"geometry":{"type":"Point","coordinates":[11.64014,48.14525]}},{"type":"Feature","properties":{"name":"Zahnarztpraxis Denning-Bogenhausen","amenity":"Puskesmas"},"geometry":{"type":"Point","coordinates":[11.64014,48.14523]}},{"type":"Feature","properties":{"name":"Praxis f\u00fcr Psychotherapie","amenity":"Klinik"},"geometry":{"type":"Point","coordinates":[11.64014,48.14527]}},{"type":"Feature","properties":{"name":"Zahn\u00e4rzte Denning","amenity":"Puskesmas"},"geometry":{"type":"Point","coordinates":[11.64074,48.15168]}},{"type":"Feature","properties":{"name":"Fu\u00dfpflege & Massage Sirarat Modis","amenity":"Puskesmas"},"geometry":{"type":"Point","coordinates":[11.61042,48.11819]}},{"type":"Feature","properties":{"name":"Hebammenpraxis Schwabinger Kindl","amenity":"Puskesmas"},"geometry":{"type":"Point","coordinates":[11.58217,48.16594]}},{"type":"Feature","properties":{"name":"Bodyology","amenity":"Puskesmas"},"geometry":{"type":"Point","coordinates":[11.56671,48.13173]}},{"type":"Feature","properties":{"name":"Aponia.de","amenity":"Puskesmas"},"geometry":{"type":"Point","coordinates":[11.56572,48.13283]}},{"type":"Feature","properties":{"name":"Psychotherapeutische Praxis","amenity":"Klinik"},"geometry":{"type":"Point","coordinates":[11.56576,48.13283]}},{"type":"Feature","properties":{"name":"SmartPraxis","amenity":"Klinik"},"geometry":{"type":"Point","coordinates":[11.50287,48.14698]}},{"type":"Feature","properties":{"name":"Stefan Oppolzer","amenity":"Puskesmas"},"geometry":{"type":"Point","coordinates":[11.51557,48.07753]}},{"type":"Feature","properties":{"name":"Dr. Walther","amenity":"Klinik"},"geometry":{"type":"Point","coordinates":[11.53097,48.1538]}},{"type":"Feature","properties":{"name":"Dr. med. Michael Ludwig","amenity":"Klinik"},"geometry":{"type":"Point","coordinates":[11.47678,48.1645]}},{"type":"Feature","properties":{"name":"Orthop\u00e4disches Praxiszentrum M\u00fcnchen","amenity":"Klinik"},"geometry":{"type":"Point","coordinates":[11.58179,48.11561]}},{"type":"Feature","properties":{"name":"Ramona Weigert","amenity":"Puskesmas"},"geometry":{"type":"Point","coordinates":[11.53861,48.12798]}},{"type":"Feature","properties":{"name":"Dr. med. dent. Klaus Huber","amenity":"Klinik"},"geometry":{"type":"Point","coordinates":[11.52628,48.11737]}},{"type":"Feature","properties":{"name":"Fach\u00e4rztin f\u00fcr Allgemeinmedizin Alla Maisel","amenity":"Klinik"},"geometry":{"type":"Point","coordinates":[11.52625,48.1174]}},{"type":"Feature","properties":{"name":"Psychotherapeutin Florika Goldhorn","amenity":"Klinik"},"geometry":{"type":"Point","coordinates":[11.52585,48.11746]}},{"type":"Feature","properties":{"name":"Psychotherapeutin Michaela Schweiger","amenity":"Klinik"},"geometry":{"type":"Point","coordinates":[11.52579,48.11747]}},{"type":"Feature","properties":{"name":"Psychotherapeut Horst Vetter","amenity":"Klinik"},"geometry":{"type":"Point","coordinates":[11.52585,48.11741]}},{"type":"Feature","properties":{"name":"Dr. Koenigsfeld","amenity":"Puskesmas"},"geometry":{"type":"Point","coordinates":[11.59924,48.11422]}},{"type":"Feature","properties":{"name":"Scarlat","amenity":"Puskesmas"},"geometry":{"type":"Point","coordinates":[11.56818,48.13441]}},{"type":"Feature","properties":{"name":"Kl\u00f6sterl-Apotheke","amenity":"Puskesmas"},"geometry":{"type":"Point","coordinates":[11.57127,48.13692]}},{"type":"Feature","properties":{"name":"Dr. Fink","amenity":"Klinik"},"geometry":{"type":"Point","coordinates":[11.67714,48.08036]}},{"type":"Feature","properties":{"name":"Dres. Br\u00fccker u. Philipp","amenity":"Klinik"},"geometry":{"type":"Point","coordinates":[11.67663,48.07874]}},{"type":"Feature","properties":{"name":"Heilpraktikerin Angelika Kohlhaus","amenity":"Puskesmas"},"geometry":{"type":"Point","coordinates":[11.53854,48.10866]}},{"type":"Feature","properties":{"name":"Physiotherapeutin Karin Weigl","amenity":"Puskesmas"},"geometry":{"type":"Point","coordinates":[11.53854,48.10864]}},{"type":"Feature","properties":{"name":"TCM & Akupunktur Veronika Bartscherer","amenity":"Puskesmas"},"geometry":{"type":"Point","coordinates":[11.53855,48.10862]}},{"type":"Feature","properties":{"name":"Heilpraktikerin Andrea Waienegger","amenity":"Puskesmas"},"geometry":{"type":"Point","coordinates":[11.54814,48.11164]}},{"type":"Feature","properties":{"name":"Praxis Dr. med. Robert Thomae","amenity":"Klinik"},"geometry":{"type":"Point","coordinates":[11.47756,48.08509]}},{"type":"Feature","properties":{"name":"Naturheilpraxis Fabian M\u00fcller","amenity":"Puskesmas"},"geometry":{"type":"Point","coordinates":[11.54718,48.11219]}},{"type":"Feature","properties":{"name":"Hausarztpraxis Dr. med. Karin Redlich","amenity":"Klinik"},"geometry":{"type":"Point","coordinates":[11.53444,48.12028]}},{"type":"Feature","properties":{"name":"Kinderwunsch Centrum M\u00fcnchen (MVZ)","amenity":"Klinik"},"geometry":{"type":"Point","coordinates":[11.45561,48.14965]}},{"type":"Feature","properties":{"name":"Logop\u00e4die und Ergotherapie Valerie Lang","amenity":"Puskesmas"},"geometry":{"type":"Point","coordinates":[11.54673,48.11221]}},{"type":"Feature","properties":{"name":"Dr. Carina Ehms","amenity":"Klinik"},"geometry":{"type":"Point","coordinates":[11.66014,48.08547]}},{"type":"Feature","properties":{"name":"Dr. Thiessen","amenity":"Puskesmas"},"geometry":{"type":"Point","coordinates":[11.64548,48.10084]}},{"type":"Feature","properties":{"name":"Tagesklinik S\u00fcd f\u00fcr Psychiatrie und Psychotherapie","amenity":"Klinik"},"geometry":{"type":"Point","coordinates":[11.51172,48.09582]}},{"type":"Feature","properties":{"name":"Movere","amenity":"Puskesmas"},"geometry":{"type":"Point","coordinates":[11.57191,48.09133]}},{"type":"Feature","properties":{"name":"Therapiezentrum S\u00fcdseite","amenity":"Puskesmas"},"geometry":{"type":"Point","coordinates":[11.53043,48.09242]}},{"type":"Feature","properties":{"name":"\u00c4rztezentrum S\u00fcdseite","amenity":"Klinik"},"geometry":{"type":"Point","coordinates":[11.53038,48.0924]}},{"type":"Feature","properties":{"name":"Christian Landau","amenity":"Puskesmas"},"geometry":{"type":"Point","coordinates":[11.52796,48.08097]}},{"type":"Feature","properties":{"name":"Physiotherapie Hofmarksrichter","amenity":"Puskesmas"},"geometry":{"type":"Point","coordinates":[11.55063,48.12475]}},{"type":"Feature","properties":{"name":"Dr. Folz","amenity":"Klinik"},"geometry":{"type":"Point","coordinates":[11.52873,48.08134]}},{"type":"Feature","properties":{"name":"HNO an der Hofstatt","amenity":"Klinik"},"geometry":{"type":"Point","coordinates":[11.57111,48.13701]}},{"type":"Feature","properties":{"name":"Tanpa Nama","amenity":"Puskesmas"},"geometry":{"type":"Point","coordinates":[11.6655,48.12907]}},{"type":"Feature","properties":{"name":"Maria-Theresia-Klinik","amenity":"Rumah Sakit"},"geometry":{"type":"Point","coordinates":[11.54934,48.12667]}},{"type":"Feature","properties":{"name":"Dermatologische Privatpraxis Dr. Sonner Dr. Walter","amenity":"Klinik"},"geometry":{"type":"Point","coordinates":[11.51633,48.07636]}},{"type":"Feature","properties":{"name":"Dr. Katharina Hitz","amenity":"Puskesmas"},"geometry":{"type":"Point","coordinates":[11.51116,48.13978]}},{"type":"Feature","properties":{"name":"Realeyes","amenity":"Klinik"},"geometry":{"type":"Point","coordinates":[11.57177,48.16705]}},{"type":"Feature","properties":{"name":"Praxis f\u00fcr Naturheilwesen","amenity":"Puskesmas"},"geometry":{"type":"Point","coordinates":[11.61602,48.14267]}},{"type":"Feature","properties":{"name":"Praxis f\u00fcr Orthop\u00e4die","amenity":"Klinik"},"geometry":{"type":"Point","coordinates":[11.61587,48.14269]}},{"type":"Feature","properties":{"name":"Praxis f\u00fcr Zahnheilkunde","amenity":"Puskesmas"},"geometry":{"type":"Point","coordinates":[11.61597,48.14264]}},{"type":"Feature","properties":{"name":"Kardiologie B\u00f6hmerwaldplatz","amenity":"Klinik"},"geometry":{"type":"Point","coordinates":[11.6158,48.14266]}},{"type":"Feature","properties":{"name":"Dr. med. Bettina Gaza-Werner","amenity":"Klinik"},"geometry":{"type":"Point","coordinates":[11.616,48.14271]}},{"type":"Feature","properties":{"name":"Praxis f\u00fcr Urologie","amenity":"Klinik"},"geometry":{"type":"Point","coordinates":[11.61583,48.14274]}},{"type":"Feature","properties":{"name":"Dr. Roya Martens","amenity":"Klinik"},"geometry":{"type":"Point","coordinates":[11.69643,48.11519]}},{"type":"Feature","properties":{"name":"Internistische Hausarztpraxis Dr. Br\u00fcckner","amenity":"Klinik"},"geometry":{"type":"Point","coordinates":[11.69642,48.1152]}},{"type":"Feature","properties":{"name":"Augen\u00e4rzte Pasinger Hofg\u00e4rten","amenity":"Klinik"},"geometry":{"type":"Point","coordinates":[11.45917,48.14989]}},{"type":"Feature","properties":{"name":"Prof. Dr. Hirneis","amenity":"Klinik"},"geometry":{"type":"Point","coordinates":[11.51657,48.11303]}},{"type":"Feature","properties":{"name":"Tanpa Nama","amenity":"Klinik"},"geometry":{"type":"Point","coordinates":[11.67961,48.14086]}},{"type":"Feature","properties":{"name":"Apostel Apotheke","amenity":"Puskesmas"},"geometry":{"type":"Point","coordinates":[11.5839,48.1962]}},{"type":"Feature","properties":{"name":"Dr. Wolfgang Hiltscher","amenity":"Puskesmas"},"geometry":{"type":"Point","coordinates":[11.57925,48.13584]}},{"type":"Feature","properties":{"name":"Osteopathie M\u00fcnchen Claudia Lieser","amenity":"Klinik"},"geometry":{"type":"Point","coordinates":[11.61247,48.15434]}},{"type":"Feature","properties":{"name":"Doktor Kinderzahn","amenity":"Puskesmas"},"geometry":{"type":"Point","coordinates":[11.63137,48.12642]}},{"type":"Feature","properties":{"name":"Ergotherapie Yvonne Frank","amenity":"Puskesmas"},"geometry":{"type":"Point","coordinates":[11.63136,48.12639]}},{"type":"Feature","properties":{"name":"Praxis f\u00fcr Physiotherapie Borst","amenity":"Puskesmas"},"geometry":{"type":"Point","coordinates":[11.50019,48.11339]}},{"type":"Feature","properties":{"name":"Ritterapotheke","amenity":"Puskesmas"},"geometry":{"type":"Point","coordinates":[11.49568,48.09541]}},{"type":"Feature","properties":{"name":"\u00c4rztezentrum Theresienwiese","amenity":"Klinik"},"geometry":{"type":"Point","coordinates":[11.55001,48.12625]}},{"type":"Feature","properties":{"name":"Zahnarztpraxis Dres. Neunhoeffer","amenity":"Puskesmas"},"geometry":{"type":"Point","coordinates":[11.61478,48.14276]}},{"type":"Feature","properties":{"name":"Dr. Godzik","amenity":"Klinik"},"geometry":{"type":"Point","coordinates":[11.46197,48.14833]}},{"type":"Feature","properties":{"name":"Putzker","amenity":"Klinik"},"geometry":{"type":"Point","coordinates":[11.45834,48.14733]}},{"type":"Feature","properties":{"name":"Dres. Hoyem, Hosenfeld-Tripp","amenity":"Klinik"},"geometry":{"type":"Point","coordinates":[11.46051,48.14264]}},{"type":"Feature","properties":{"name":"Dr. Szalantzy","amenity":"Puskesmas"},"geometry":{"type":"Point","coordinates":[11.46208,48.14826]}},{"type":"Feature","properties":{"name":"Eder, Dr. Gl\u00fcck","amenity":"Klinik"},"geometry":{"type":"Point","coordinates":[11.46195,48.14827]}},{"type":"Feature","properties":{"name":"Dres. Nezhat, Bartels","amenity":"Puskesmas"},"geometry":{"type":"Point","coordinates":[11.46209,48.14835]}},{"type":"Feature","properties":{"name":"Dr. Brunnh\u00f6lzl, Dr. Grimberg","amenity":"Klinik"},"geometry":{"type":"Point","coordinates":[11.46115,48.14829]}},{"type":"Feature","properties":{"name":"Dres. Wiesner, Grossmann","amenity":"Puskesmas"},"geometry":{"type":"Point","coordinates":[11.46117,48.14841]}},{"type":"Feature","properties":{"name":"R\u00e4misch","amenity":"Klinik"},"geometry":{"type":"Point","coordinates":[11.46118,48.14844]}},{"type":"Feature","properties":{"name":"Dr. Daubner","amenity":"Puskesmas"},"geometry":{"type":"Point","coordinates":[11.46116,48.14832]}},{"type":"Feature","properties":{"name":"Dr. Meunier","amenity":"Klinik"},"geometry":{"type":"Point","coordinates":[11.46116,48.14835]}},{"type":"Feature","properties":{"name":"Augen\u00e4rzte Pasing","amenity":"Klinik"},"geometry":{"type":"Point","coordinates":[11.46164,48.14779]}},{"type":"Feature","properties":{"name":"Koepcke","amenity":"Klinik"},"geometry":{"type":"Point","coordinates":[11.46119,48.14849]}},{"type":"Feature","properties":{"name":"Marksteiner","amenity":"Puskesmas"},"geometry":{"type":"Point","coordinates":[11.4612,48.14852]}},{"type":"Feature","properties":{"name":"Neuropraxis M\u00fcnchen S\u00fcd","amenity":"Klinik"},"geometry":{"type":"Point","coordinates":[11.52475,48.07684]}},{"type":"Feature","properties":{"name":"Augenzentrum M\u00fcnchen S\u00fcd","amenity":"Klinik"},"geometry":{"type":"Point","coordinates":[11.52625,48.08154]}},{"type":"Feature","properties":{"name":"Physio Stich","amenity":"Puskesmas"},"geometry":{"type":"Point","coordinates":[11.59341,48.10375]}},{"type":"Feature","properties":{"name":"Rita Agnes","amenity":"Puskesmas"},"geometry":{"type":"Point","coordinates":[11.51347,48.0786]}},{"type":"Feature","properties":{"name":"Zahninsel","amenity":"Puskesmas"},"geometry":{"type":"Point","coordinates":[11.57874,48.18403]}},{"type":"Feature","properties":{"name":"Dr. med. Angelika Erdk\u00f6nig","amenity":"Klinik"},"geometry":{"type":"Point","coordinates":[11.57653,48.16037]}},{"type":"Feature","properties":{"name":"Schwabinger Hausarztpraxis","amenity":"Klinik"},"geometry":{"type":"Point","coordinates":[11.56927,48.15833]}},{"type":"Feature","properties":{"name":"Brigitta M\u00fcller, Heilpraktikerin f\u00fcr Osteopathie, Physiotherapie, Lymphdrainage","amenity":"Puskesmas"},"geometry":{"type":"Point","coordinates":[11.58491,48.16712]}},{"type":"Feature","properties":{"name":"Dr. Katja R\u00f6hrkasten","amenity":"Puskesmas"},"geometry":{"type":"Point","coordinates":[11.479,48.09371]}},{"type":"Feature","properties":{"name":"Kinderarztpraxis Aubing","amenity":"Klinik"},"geometry":{"type":"Point","coordinates":[11.42403,48.15411]}},{"type":"Feature","properties":{"name":"Lays Basmazi","amenity":"Puskesmas"},"geometry":{"type":"Point","coordinates":[11.43457,48.14929]}},{"type":"Feature","properties":{"name":"A4 Zahnarztpraxis","amenity":"Puskesmas"},"geometry":{"type":"Point","coordinates":[11.57228,48.15729]}},{"type":"Feature","properties":{"name":"Augen\u00e4rztliche Gemeinschaftpraxis","amenity":"Klinik"},"geometry":{"type":"Point","coordinates":[11.48526,48.08743]}},{"type":"Feature","properties":{"name":"Dr. Rolf Werner","amenity":"Klinik"},"geometry":{"type":"Point","coordinates":[11.48523,48.0874]}},{"type":"Feature","properties":{"name":"Dr. med. Maria Kubisova (Allgemeinmedizin)","amenity":"Klinik"},"geometry":{"type":"Point","coordinates":[11.51026,48.13984]}},{"type":"Feature","properties":{"name":"Heal and Feel Praxis f\u00fcr Physiotherapie","amenity":"Puskesmas"},"geometry":{"type":"Point","coordinates":[11.51468,48.07382]}},{"type":"Feature","properties":{"name":"Optik Hankiewicz","amenity":"Puskesmas"},"geometry":{"type":"Point","coordinates":[11.70522,48.11203]}},{"type":"Feature","properties":{"name":"Zahnarztpraxis Feichtner","amenity":"Rumah Sakit"},"geometry":{"type":"Point","coordinates":[11.55112,48.11251]}},{"type":"Feature","properties":{"name":"Dr. Hardt","amenity":"Klinik"},"geometry":{"type":"Point","coordinates":[11.512,48.15765]}},{"type":"Feature","properties":{"name":"American Chiropractic","amenity":"Klinik"},"geometry":{"type":"Point","coordinates":[11.53598,48.13657]}},{"type":"Feature","properties":{"name":"Gollierbad","amenity":"Puskesmas"},"geometry":{"type":"Point","coordinates":[11.53518,48.13665]}},{"type":"Feature","properties":{"name":"Praxis f\u00fcr Osteopathie - Daniel Ruhling","amenity":"Puskesmas"},"geometry":{"type":"Point","coordinates":[11.57881,48.13704]}},{"type":"Feature","properties":{"name":"Apotheke am K\u00f6nigsplatz","amenity":"Puskesmas"},"geometry":{"type":"Point","coordinates":[11.56117,48.14678]}},{"type":"Feature","properties":{"name":"Sigfried B\u00fchner","amenity":"Puskesmas"},"geometry":{"type":"Point","coordinates":[11.54101,48.11845]}},{"type":"Feature","properties":{"name":"Dr. Maximilian Porchert","amenity":"Puskesmas"},"geometry":{"type":"Point","coordinates":[11.59652,48.1721]}},{"type":"Feature","properties":{"name":"Dr. Wagner","amenity":"Klinik"},"geometry":{"type":"Point","coordinates":[11.56443,48.13791]}},{"type":"Feature","properties":{"name":"Orthop\u00e4dische Praxis","amenity":"Klinik"},"geometry":{"type":"Point","coordinates":[11.56023,48.1453]}},{"type":"Feature","properties":{"name":"Dr. Renate Narr","amenity":"Klinik"},"geometry":{"type":"Point","coordinates":[11.60943,48.11647]}},{"type":"Feature","properties":{"name":"Dr. Vudjan","amenity":"Puskesmas"},"geometry":{"type":"Point","coordinates":[11.41509,48.15798]}},{"type":"Feature","properties":{"name":"Dr. med. Dorothea Engelmayer","amenity":"Klinik"},"geometry":{"type":"Point","coordinates":[11.45832,48.14723]}},{"type":"Feature","properties":{"name":"J. Runge-Palermo","amenity":"Puskesmas"},"geometry":{"type":"Point","coordinates":[11.58323,48.13883]}},{"type":"Feature","properties":{"name":"Luitpold-Apotheke","amenity":"Puskesmas"},"geometry":{"type":"Point","coordinates":[11.6016,48.14406]}},{"type":"Feature","properties":{"name":"Verkehrspsychologische Praxis Dipl.-Psych. Georg Klarnetsis","amenity":"Klinik"},"geometry":{"type":"Point","coordinates":[11.45855,48.14807]}},{"type":"Feature","properties":{"name":"Praxis Dr. med. Mirjana Mihailovi\u0107","amenity":"Klinik"},"geometry":{"type":"Point","coordinates":[11.58446,48.15589]}},{"type":"Feature","properties":{"name":"Dr. Edeltraud Steinb\u00fcgel","amenity":"Puskesmas"},"geometry":{"type":"Point","coordinates":[11.56643,48.14129]}},{"type":"Feature","properties":{"name":"Tanpa Nama","amenity":"Puskesmas"},"geometry":{"type":"Point","coordinates":[11.46239,48.15106]}},{"type":"Feature","properties":{"name":"Christoph Balk & Dr.med. Ulrike Metz","amenity":"Klinik"},"geometry":{"type":"Point","coordinates":[11.58726,48.16265]}},{"type":"Feature","properties":{"name":"AllDent Zahnzentrum","amenity":"Puskesmas"},"geometry":{"type":"Point","coordinates":[11.56175,48.13922]}},{"type":"Feature","properties":{"name":"Michael Scholz","amenity":"Klinik"},"geometry":{"type":"Point","coordinates":[11.59919,48.11417]}},{"type":"Feature","properties":{"name":"Heilpraxis Thomas Krull","amenity":"Puskesmas"},"geometry":{"type":"Point","coordinates":[11.59519,48.12976]}},{"type":"Feature","properties":{"name":"Psychotherapie Susanne Maler","amenity":"Puskesmas"},"geometry":{"type":"Point","coordinates":[11.64467,48.09074]}},{"type":"Feature","properties":{"name":"Andreas Wolf","amenity":"Puskesmas"},"geometry":{"type":"Point","coordinates":[11.45966,48.14626]}},{"type":"Feature","properties":{"name":"Dr. med. Thomas Nickel","amenity":"Klinik"},"geometry":{"type":"Point","coordinates":[11.57618,48.13965]}},{"type":"Feature","properties":{"name":"Podologie Bewig","amenity":"Puskesmas"},"geometry":{"type":"Point","coordinates":[11.58222,48.18195]}},{"type":"Feature","properties":{"name":"\u00c4rztezentrum / Therapiezentrum","amenity":"Puskesmas"},"geometry":{"type":"Point","coordinates":[11.65537,48.12501]}},{"type":"Feature","properties":{"name":"Haus\u00e4rztin Stephanie Poetsch","amenity":"Klinik"},"geometry":{"type":"Point","coordinates":[11.65534,48.12503]}},{"type":"Feature","properties":{"name":"Augen\u00e4rztin Cornelia Schmidl","amenity":"Klinik"},"geometry":{"type":"Point","coordinates":[11.65535,48.12503]}},{"type":"Feature","properties":{"name":"Neurologe Helmut Ambach","amenity":"Klinik"},"geometry":{"type":"Point","coordinates":[11.65534,48.12502]}},{"type":"Feature","properties":{"name":"Rainer Gleich","amenity":"Puskesmas"},"geometry":{"type":"Point","coordinates":[11.65534,48.12505]}},{"type":"Feature","properties":{"name":"Therapiezentrum M\u00fcnchen","amenity":"Puskesmas"},"geometry":{"type":"Point","coordinates":[11.65541,48.12502]}},{"type":"Feature","properties":{"name":"Dr. med. Georgia Ga\u00dfner","amenity":"Klinik"},"geometry":{"type":"Point","coordinates":[11.67198,48.13015]}},{"type":"Feature","properties":{"name":"Dr. med Karl Ludwig Maier","amenity":"Klinik"},"geometry":{"type":"Point","coordinates":[11.67198,48.13017]}},{"type":"Feature","properties":{"name":"Hausarztpraxis Untergiesing","amenity":"Klinik"},"geometry":{"type":"Point","coordinates":[11.5713,48.11147]}},{"type":"Feature","properties":{"name":"Orthop\u00e4dische Praxisgemeinschaft","amenity":"Klinik"},"geometry":{"type":"Point","coordinates":[11.64079,48.12628]}},{"type":"Feature","properties":{"name":"Dr. Holger Leick","amenity":"Klinik"},"geometry":{"type":"Point","coordinates":[11.51203,48.18048]}},{"type":"Feature","properties":{"name":"Kinder- und Jugend\u00e4rzte Neuperlach","amenity":"Klinik"},"geometry":{"type":"Point","coordinates":[11.64548,48.10722]}},{"type":"Feature","properties":{"name":"Zahnarztpraxis Forster & Kollegen","amenity":"Puskesmas"},"geometry":{"type":"Point","coordinates":[11.63121,48.12868]}},{"type":"Feature","properties":{"name":"Dr. med. dent. D. Jordan","amenity":"Puskesmas"},"geometry":{"type":"Point","coordinates":[11.63021,48.12863]}},{"type":"Feature","properties":{"name":"Allgemeinarztpraxis Dr. med. Elfriede Goldhofer","amenity":"Klinik"},"geometry":{"type":"Point","coordinates":[11.63091,48.12956]}},{"type":"Feature","properties":{"name":"Dr. med. Erik-C. Miller","amenity":"Klinik"},"geometry":{"type":"Point","coordinates":[11.63086,48.12946]}},{"type":"Feature","properties":{"name":"Dr. med. Werner Hebenstreit","amenity":"Klinik"},"geometry":{"type":"Point","coordinates":[11.47567,48.12467]}},{"type":"Feature","properties":{"name":"Dr. med. Jonas Putzhammer","amenity":"Klinik"},"geometry":{"type":"Point","coordinates":[11.53134,48.13121]}},{"type":"Feature","properties":{"name":"Schlegel","amenity":"Puskesmas"},"geometry":{"type":"Point","coordinates":[11.63679,48.12552]}},{"type":"Feature","properties":{"name":"Dipl.-Psych. Sema Ley Psychologische Psychotherapeutin","amenity":"Puskesmas"},"geometry":{"type":"Point","coordinates":[11.60075,48.14898]}},{"type":"Feature","properties":{"name":"Herzpraxis","amenity":"Klinik"},"geometry":{"type":"Point","coordinates":[11.45672,48.14657]}},{"type":"Feature","properties":{"name":"Zahn\u00e4rztliche Praxisgemeinschaft","amenity":"Puskesmas"},"geometry":{"type":"Point","coordinates":[11.56198,48.09216]}},{"type":"Feature","properties":{"name":"Orthop\u00e4dische Praxis Dr. med. Dietmar M\u00fcller","amenity":"Klinik"},"geometry":{"type":"Point","coordinates":[11.56299,48.09535]}},{"type":"Feature","properties":{"name":"Orthop\u00e4die M\u00fcnchen am Altheimer Eck & am Westkreuz","amenity":"Klinik"},"geometry":{"type":"Point","coordinates":[11.57032,48.13757]}},{"type":"Feature","properties":{"name":"Apotheke FORUM Schwanthalerh\u00f6he","amenity":"Puskesmas"},"geometry":{"type":"Point","coordinates":[11.54772,48.13707]}},{"type":"Feature","properties":{"name":"Alexandra Onea","amenity":"Puskesmas"},"geometry":{"type":"Point","coordinates":[11.61509,48.13729]}},{"type":"Feature","properties":{"name":"Dr. Gruber","amenity":"Puskesmas"},"geometry":{"type":"Point","coordinates":[11.70855,48.11188]}},{"type":"Feature","properties":{"name":"Pflegeservice M\u00fcnchen e.V. Filiale Perlach","amenity":"Puskesmas"},"geometry":{"type":"Point","coordinates":[11.63036,48.0994]}},{"type":"Feature","properties":{"name":"Physio-Park Nymphenburg","amenity":"Puskesmas"},"geometry":{"type":"Point","coordinates":[11.50688,48.15381]}},{"type":"Feature","properties":{"name":"Dr./IMF Buk. Michael Bake Vel Bakin","amenity":"Klinik"},"geometry":{"type":"Point","coordinates":[11.65309,48.11785]}},{"type":"Feature","properties":{"name":"Zahnarztpraxis Dr. Katharina Hellhake und Dr. Andrea Storck","amenity":"Puskesmas"},"geometry":{"type":"Point","coordinates":[11.61411,48.13941]}},{"type":"Feature","properties":{"name":"GESUND. Physiotherapie Nymphenburg","amenity":"Puskesmas"},"geometry":{"type":"Point","coordinates":[11.51251,48.15372]}},{"type":"Feature","properties":{"name":"Dirk Sommer","amenity":"Puskesmas"},"geometry":{"type":"Point","coordinates":[11.50884,48.08019]}},{"type":"Feature","properties":{"name":"Radiologie Schwabing","amenity":"Klinik"},"geometry":{"type":"Point","coordinates":[11.58668,48.16129]}},{"type":"Feature","properties":{"name":"Radiologie Arabellapark - radiologicum m\u00fcnchen","amenity":"Klinik"},"geometry":{"type":"Point","coordinates":[11.62018,48.1524]}},{"type":"Feature","properties":{"name":"Die Radiologie","amenity":"Klinik"},"geometry":{"type":"Point","coordinates":[11.59578,48.11117]}},{"type":"Feature","properties":{"name":"Radiologie Bogenhausen","amenity":"Klinik"},"geometry":{"type":"Point","coordinates":[11.60432,48.14869]}},{"type":"Feature","properties":{"name":"Physiotherapie Christian Aigner","amenity":"Puskesmas"},"geometry":{"type":"Point","coordinates":[11.6137,48.14199]}},{"type":"Feature","properties":{"name":"Mariahilf Apotheke","amenity":"Puskesmas"},"geometry":{"type":"Point","coordinates":[11.57966,48.12517]}},{"type":"Feature","properties":{"name":"Dr.-Hartard-Physio-Vibbing","amenity":"Puskesmas"},"geometry":{"type":"Point","coordinates":[11.55292,48.18226]}},{"type":"Feature","properties":{"name":"Logop\u00e4die Angela R\u00f6sch","amenity":"Puskesmas"},"geometry":{"type":"Point","coordinates":[11.53934,48.13562]}},{"type":"Feature","properties":{"name":"Praxis f\u00fcr Physiotherapie und Osteopathie","amenity":"Puskesmas"},"geometry":{"type":"Point","coordinates":[11.53936,48.13561]}},{"type":"Feature","properties":{"name":"Roli Ambulanter Pflegedienst","amenity":"Puskesmas"},"geometry":{"type":"Point","coordinates":[11.54027,48.13508]}},{"type":"Feature","properties":{"name":"Ernst Simmet","amenity":"Puskesmas"},"geometry":{"type":"Point","coordinates":[11.53105,48.13893]}},{"type":"Feature","properties":{"name":"Hausarzt M\u00fcnchen - Dr. Birgit Ulrich und Dr. Annette Schmidt","amenity":"Klinik"},"geometry":{"type":"Point","coordinates":[11.52619,48.11762]}},{"type":"Feature","properties":{"name":"Tanpa Nama","amenity":"Puskesmas"},"geometry":{"type":"Point","coordinates":[11.41343,48.16204]}},{"type":"Feature","properties":{"name":"Dr. Theresa Mehlst\u00e4ubl","amenity":"Klinik"},"geometry":{"type":"Point","coordinates":[11.63528,48.12556]}},{"type":"Feature","properties":{"name":"Body Harmony Gyrotonic","amenity":"Puskesmas"},"geometry":{"type":"Point","coordinates":[11.57153,48.16472]}},{"type":"Feature","properties":{"name":"Dr. Laser","amenity":"Puskesmas"},"geometry":{"type":"Point","coordinates":[11.64038,48.08838]}},{"type":"Feature","properties":{"name":"HNO Praxis Sch\u00fctzenstra\u00dfe","amenity":"Klinik"},"geometry":{"type":"Point","coordinates":[11.56296,48.13959]}},{"type":"Feature","properties":{"name":"Sandra Hache Augen\u00e4rztin","amenity":"Klinik"},"geometry":{"type":"Point","coordinates":[11.58318,48.13378]}},{"type":"Feature","properties":{"name":"Gymnasium","amenity":"Puskesmas"},"geometry":{"type":"Point","coordinates":[11.56517,48.15503]}},{"type":"Feature","properties":{"name":"Physiotherapie in den Hofg\u00e4rten","amenity":"Puskesmas"},"geometry":{"type":"Point","coordinates":[11.45905,48.1497]}},{"type":"Feature","properties":{"name":"Dres. R\u00f6sch","amenity":"Klinik"},"geometry":{"type":"Point","coordinates":[11.62937,48.10103]}},{"type":"Feature","properties":{"name":"Fach\u00e4rztinnen f\u00fcr Allgemeinmedizin","amenity":"Klinik"},"geometry":{"type":"Point","coordinates":[11.61987,48.15186]}},{"type":"Feature","properties":{"name":"Dr. Sommer","amenity":"Puskesmas"},"geometry":{"type":"Point","coordinates":[11.59421,48.18256]}},{"type":"Feature","properties":{"name":"HNO Leopoldstra\u00dfe Huverstuhl & Koopman","amenity":"Klinik"},"geometry":{"type":"Point","coordinates":[11.58602,48.16369]}},{"type":"Feature","properties":{"name":"HNO-Schwabing Paulsen & Tr\u00e4ger","amenity":"Klinik"},"geometry":{"type":"Point","coordinates":[11.58581,48.16182]}},{"type":"Feature","properties":{"name":"Physio Geifes","amenity":"Puskesmas"},"geometry":{"type":"Point","coordinates":[11.59784,48.18404]}},{"type":"Feature","properties":{"name":"Logop\u00e4die Horstmann-Neu","amenity":"Puskesmas"},"geometry":{"type":"Point","coordinates":[11.57722,48.13585]}},{"type":"Feature","properties":{"name":"Karin Elke Scherl","amenity":"Puskesmas"},"geometry":{"type":"Point","coordinates":[11.56343,48.15297]}},{"type":"Feature","properties":{"name":"Enddarmzentrum M\u00fcnchen-Bavaria","amenity":"Klinik"},"geometry":{"type":"Point","coordinates":[11.54998,48.12683]}},{"type":"Feature","properties":{"name":"Dr. Andreas Heiss","amenity":"Klinik"},"geometry":{"type":"Point","coordinates":[11.57119,48.16718]}},{"type":"Feature","properties":{"name":"Gesundheitszentrum F\u00fcrstenried","amenity":"Puskesmas"},"geometry":{"type":"Point","coordinates":[11.49573,48.09529]}},{"type":"Feature","properties":{"name":"Bienen-Apotheke Candidplatz","amenity":"Puskesmas"},"geometry":{"type":"Point","coordinates":[11.56891,48.11145]}},{"type":"Feature","properties":{"name":"Frauenarztpraxis am Candidplatz","amenity":"Klinik"},"geometry":{"type":"Point","coordinates":[11.56832,48.11117]}},{"type":"Feature","properties":{"name":"OCM Orthop\u00e4dische Chirurgie M\u00fcnchen","amenity":"Klinik"},"geometry":{"type":"Point","coordinates":[11.53924,48.10401]}},{"type":"Feature","properties":{"name":"Praxis Drie\u00dfle","amenity":"Klinik"},"geometry":{"type":"Point","coordinates":[11.5757,48.15496]}},{"type":"Feature","properties":{"name":"Dr. med. Katja Lortz","amenity":"Klinik"},"geometry":{"type":"Point","coordinates":[11.57154,48.11332]}},{"type":"Feature","properties":{"name":"Physiopraxis Harlaching","amenity":"Puskesmas"},"geometry":{"type":"Point","coordinates":[11.55632,48.09028]}},{"type":"Feature","properties":{"name":"Dr. med. Mahmood Bares","amenity":"Klinik"},"geometry":{"type":"Point","coordinates":[11.61467,48.19302]}},{"type":"Feature","properties":{"name":"Dr. Beatrix Lenz","amenity":"Puskesmas"},"geometry":{"type":"Point","coordinates":[11.58758,48.1599]}},{"type":"Feature","properties":{"name":"Naturheilpraxis Margit Rieder","amenity":"Puskesmas"},"geometry":{"type":"Point","coordinates":[11.53074,48.14636]}},{"type":"Feature","properties":{"name":"Medical Institut Dr. med. Christian Lenz","amenity":"Klinik"},"geometry":{"type":"Point","coordinates":[11.57681,48.14686]}},{"type":"Feature","properties":{"name":"Dr. med. Eiko Vogt","amenity":"Klinik"},"geometry":{"type":"Point","coordinates":[11.5729,48.1296]}},{"type":"Feature","properties":{"name":"Heike Schikora","amenity":"Puskesmas"},"geometry":{"type":"Point","coordinates":[11.54655,48.12061]}},{"type":"Feature","properties":{"name":"Praxis f\u00fcr Feldenkrais und erholsamen Schlaf","amenity":"Puskesmas"},"geometry":{"type":"Point","coordinates":[11.54531,48.1353]}},{"type":"Feature","properties":{"name":"Praxis f\u00fcr Ayurvedamedizin & Yogatherapie","amenity":"Puskesmas"},"geometry":{"type":"Point","coordinates":[11.54531,48.13536]}},{"type":"Feature","properties":{"name":"Naturheilpraxis Susanne Keller","amenity":"Puskesmas"},"geometry":{"type":"Point","coordinates":[11.54531,48.13539]}},{"type":"Feature","properties":{"name":"Osteopathie Kirsten Rengers","amenity":"Puskesmas"},"geometry":{"type":"Point","coordinates":[11.54531,48.13533]}},{"type":"Feature","properties":{"name":"Halbherr Ayurveda","amenity":"Puskesmas"},"geometry":{"type":"Point","coordinates":[11.54531,48.13542]}},{"type":"Feature","properties":{"name":"Praxis f\u00fcr medizinische Fu\u00dfpflege am Josephsplatz","amenity":"Puskesmas"},"geometry":{"type":"Point","coordinates":[11.56658,48.15515]}},{"type":"Feature","properties":{"name":"Vitalcenter","amenity":"Puskesmas"},"geometry":{"type":"Point","coordinates":[11.56684,48.15493]}},{"type":"Feature","properties":{"name":"DaSein","amenity":"Puskesmas"},"geometry":{"type":"Point","coordinates":[11.55859,48.14525]}},{"type":"Feature","properties":{"name":"E. Jurasek","amenity":"Puskesmas"},"geometry":{"type":"Point","coordinates":[11.57646,48.15148]}},{"type":"Feature","properties":{"name":"Hafes Shalabi","amenity":"Klinik"},"geometry":{"type":"Point","coordinates":[11.57646,48.15152]}},{"type":"Feature","properties":{"name":"Zahn\u00e4rzte am Hirschgarten","amenity":"Puskesmas"},"geometry":{"type":"Point","coordinates":[11.51974,48.1456]}},{"type":"Feature","properties":{"name":"Barbarossa-Apotheke","amenity":"Puskesmas"},"geometry":{"type":"Point","coordinates":[11.61873,48.13943]}},{"type":"Feature","properties":{"name":"Iris Apotheke","amenity":"Puskesmas"},"geometry":{"type":"Point","coordinates":[11.56071,48.12131]}},{"type":"Feature","properties":{"name":"Physiotherapie Theresienh\u00f6he","amenity":"Puskesmas"},"geometry":{"type":"Point","coordinates":[11.54531,48.1351]}},{"type":"Feature","properties":{"name":"Tanpa Nama","amenity":"Klinik"},"geometry":{"type":"Point","coordinates":[11.41702,48.1551]}},{"type":"Feature","properties":{"name":"Tanpa Nama","amenity":"Klinik"},"geometry":{"type":"Point","coordinates":[11.41721,48.15516]}},{"type":"Feature","properties":{"name":"Tanpa Nama","amenity":"Puskesmas"},"geometry":{"type":"Point","coordinates":[11.57606,48.14687]}},{"type":"Feature","properties":{"name":"Gemeinschaftspraxis Dr. Castorph, Dr. M\u00fcller, Frau Dr. Kraft, Frau Dr. Sika","amenity":"Klinik"},"geometry":{"type":"Point","coordinates":[11.54494,48.14905]}},{"type":"Feature","properties":{"name":"Apollo-Optik","amenity":"Puskesmas"},"geometry":{"type":"Point","coordinates":[11.53336,48.15252]}},{"type":"Feature","properties":{"name":"Dr. Johann Spanhake","amenity":"Klinik"},"geometry":{"type":"Point","coordinates":[11.5823,48.16106]}},{"type":"Feature","properties":{"name":"Dr. Isabel Baenisch","amenity":"Klinik"},"geometry":{"type":"Point","coordinates":[11.5491,48.14971]}},{"type":"Feature","properties":{"name":"Lachzahn Kinderzahnarzt","amenity":"Puskesmas"},"geometry":{"type":"Point","coordinates":[11.67382,48.1211]}},{"type":"Feature","properties":{"name":"SaniPlus Nachtzugang","amenity":"Puskesmas"},"geometry":{"type":"Point","coordinates":[11.46413,48.14771]}},{"type":"Feature","properties":{"name":"Krankengymnastik Freimann","amenity":"Puskesmas"},"geometry":{"type":"Point","coordinates":[11.61619,48.19016]}},{"type":"Feature","properties":{"name":"Dr. Thomas Schraft","amenity":"Puskesmas"},"geometry":{"type":"Point","coordinates":[11.61801,48.19308]}},{"type":"Feature","properties":{"name":"Balanced","amenity":"Puskesmas"},"geometry":{"type":"Point","coordinates":[11.57461,48.12038]}},{"type":"Feature","properties":{"name":"Dr. med. Julia Schm\u00f6lz","amenity":"Klinik"},"geometry":{"type":"Point","coordinates":[11.59649,48.17207]}},{"type":"Feature","properties":{"name":"Dr. med. Johannes Scheeser","amenity":"Klinik"},"geometry":{"type":"Point","coordinates":[11.61621,48.11419]}},{"type":"Feature","properties":{"name":"Adnan Darwish","amenity":"Puskesmas"},"geometry":{"type":"Point","coordinates":[11.56039,48.13914]}},{"type":"Feature","properties":{"name":"Internationale Hauptbahnhof Apotheke","amenity":"Puskesmas"},"geometry":{"type":"Point","coordinates":[11.56053,48.13916]}},{"type":"Feature","properties":{"name":"AllDent Zahnzentrum Einstein","amenity":"Puskesmas"},"geometry":{"type":"Point","coordinates":[11.61377,48.13656]}},{"type":"Feature","properties":{"name":"ProSomno","amenity":"Klinik"},"geometry":{"type":"Point","coordinates":[11.57487,48.13795]}},{"type":"Feature","properties":{"name":"ae4 Psychatrie","amenity":"Puskesmas"},"geometry":{"type":"Point","coordinates":[11.46296,48.15075]}},{"type":"Feature","properties":{"name":"Kids dental care","amenity":"Puskesmas"},"geometry":{"type":"Point","coordinates":[11.46313,48.1508]}},{"type":"Feature","properties":{"name":"Frauenarztpraxis","amenity":"Klinik"},"geometry":{"type":"Point","coordinates":[11.46312,48.15077]}},{"type":"Feature","properties":{"name":"Zahnarztpraxis Astrid Beer","amenity":"Puskesmas"},"geometry":{"type":"Point","coordinates":[11.64661,48.12604]}},{"type":"Feature","properties":{"name":"Serenity","amenity":"Puskesmas"},"geometry":{"type":"Point","coordinates":[11.64678,48.12603]}},{"type":"Feature","properties":{"name":"Praxis Christina Pielken","amenity":"Puskesmas"},"geometry":{"type":"Point","coordinates":[11.53869,48.11324]}},{"type":"Feature","properties":{"name":"LIPS and SKIN \u00c4sthetische Medizin","amenity":"Klinik"},"geometry":{"type":"Point","coordinates":[11.55552,48.12908]}},{"type":"Feature","properties":{"name":"Fu\u00dfpflege","amenity":"Puskesmas"},"geometry":{"type":"Point","coordinates":[11.61779,48.1283]}},{"type":"Feature","properties":{"name":"MVZ Radiologie M\u00fcnchen S\u00fcd West","amenity":"Klinik"},"geometry":{"type":"Point","coordinates":[11.50259,48.13587]}},{"type":"Feature","properties":{"name":"\u00c4rztehaus Laim","amenity":"Klinik"},"geometry":{"type":"Point","coordinates":[11.50259,48.1358]}},{"type":"Feature","properties":{"name":"Brigitte R\u00f6ssinger-Nuber","amenity":"Klinik"},"geometry":{"type":"Point","coordinates":[11.58577,48.15781]}},{"type":"Feature","properties":{"name":"Psychotherapeutische Praxis","amenity":"Puskesmas"},"geometry":{"type":"Point","coordinates":[11.58525,48.15816]}},{"type":"Feature","properties":{"name":"CIP Tagesklinik","amenity":"Klinik"},"geometry":{"type":"Point","coordinates":[11.58562,48.15895]}},{"type":"Feature","properties":{"name":"Mund - Kiefer - Gesichtschirurgie in Schwabing","amenity":"Klinik"},"geometry":{"type":"Point","coordinates":[11.58559,48.15896]}},{"type":"Feature","properties":{"name":"Fach\u00e4rztin f\u00fcr Allgemeinmedizin","amenity":"Klinik"},"geometry":{"type":"Point","coordinates":[11.58576,48.15932]}},{"type":"Feature","properties":{"name":"Praxisgemeinschaft Chiropraktik und Osteopathie","amenity":"Klinik"},"geometry":{"type":"Point","coordinates":[11.58574,48.15928]}},{"type":"Feature","properties":{"name":"Frauen\u00e4rztinnen","amenity":"Klinik"},"geometry":{"type":"Point","coordinates":[11.58575,48.15931]}},{"type":"Feature","properties":{"name":"Physiotherapie Weimann","amenity":"Puskesmas"},"geometry":{"type":"Point","coordinates":[11.58579,48.15927]}},{"type":"Feature","properties":{"name":"Neue manuelle Medizin M\u00fcnchen","amenity":"Klinik"},"geometry":{"type":"Point","coordinates":[11.58572,48.15932]}},{"type":"Feature","properties":{"name":"Ute v. Stuckrad","amenity":"Klinik"},"geometry":{"type":"Point","coordinates":[11.58578,48.15925]}},{"type":"Feature","properties":{"name":"HNO-Facharzt","amenity":"Klinik"},"geometry":{"type":"Point","coordinates":[11.58578,48.1593]}},{"type":"Feature","properties":{"name":"Privatpraxis Julija Sch\u00f6nwei\u00df","amenity":"Klinik"},"geometry":{"type":"Point","coordinates":[11.58577,48.15928]}},{"type":"Feature","properties":{"name":"Praxis f\u00fcr Physikalische Therapie und Krankengymnastik","amenity":"Klinik"},"geometry":{"type":"Point","coordinates":[11.58575,48.15926]}},{"type":"Feature","properties":{"name":"Dr. med. Sabine Schmidt","amenity":"Klinik"},"geometry":{"type":"Point","coordinates":[11.58617,48.16005]}},{"type":"Feature","properties":{"name":"Olga Dechant","amenity":"Klinik"},"geometry":{"type":"Point","coordinates":[11.58611,48.16005]}},{"type":"Feature","properties":{"name":"Tanpa Nama","amenity":"Puskesmas"},"geometry":{"type":"Point","coordinates":[11.58615,48.16006]}},{"type":"Feature","properties":{"name":"Dr. Joachim H\u00f6hl","amenity":"Puskesmas"},"geometry":{"type":"Point","coordinates":[11.58612,48.16007]}},{"type":"Feature","properties":{"name":"Dr. Bernhard M. Schroff","amenity":"Klinik"},"geometry":{"type":"Point","coordinates":[11.58614,48.16004]}},{"type":"Feature","properties":{"name":"Augenarzt","amenity":"Klinik"},"geometry":{"type":"Point","coordinates":[11.58644,48.16075]}},{"type":"Feature","properties":{"name":"Zahnarztpraxis Michael Hodbod","amenity":"Puskesmas"},"geometry":{"type":"Point","coordinates":[11.58628,48.16048]}},{"type":"Feature","properties":{"name":"Dr. med. M. Jansen","amenity":"Klinik"},"geometry":{"type":"Point","coordinates":[11.58729,48.16265]}},{"type":"Feature","properties":{"name":"Dipl. Psych. Benjamin Munk","amenity":"Puskesmas"},"geometry":{"type":"Point","coordinates":[11.58729,48.16267]}},{"type":"Feature","properties":{"name":"Geburtshaus M\u00fcnchen","amenity":"Puskesmas"},"geometry":{"type":"Point","coordinates":[11.53941,48.13877]}},{"type":"Feature","properties":{"name":"Allgemeinmedizin Untermenzing","amenity":"Klinik"},"geometry":{"type":"Point","coordinates":[11.47207,48.18276]}},{"type":"Feature","properties":{"name":"Naturheilpraxis","amenity":"Puskesmas"},"geometry":{"type":"Point","coordinates":[11.51106,48.19735]}},{"type":"Feature","properties":{"name":"Haut- und Laserzentrum am Harras","amenity":"Klinik"},"geometry":{"type":"Point","coordinates":[11.54077,48.11865]}},{"type":"Feature","properties":{"name":"Dr. med. dent. Jochen Herrmann und Kollegen","amenity":"Puskesmas"},"geometry":{"type":"Point","coordinates":[11.54101,48.11849]}},{"type":"Feature","properties":{"name":"Privatpraxis Dr. Hager","amenity":"Klinik"},"geometry":{"type":"Point","coordinates":[11.54278,48.11966]}},{"type":"Feature","properties":{"name":"Conradia","amenity":"Klinik"},"geometry":{"type":"Point","coordinates":[11.56607,48.15425]}},{"type":"Feature","properties":{"name":"Dr. Schuch","amenity":"Klinik"},"geometry":{"type":"Point","coordinates":[11.45937,48.14691]}},{"type":"Feature","properties":{"name":"\u00c4rztlicher Bereitschaftsdienst - KVB-Bereitschaftspraxis Helios-Klinikum M\u00fcnchen West","amenity":"Klinik"},"geometry":{"type":"Point","coordinates":[11.45364,48.14421]}},{"type":"Feature","properties":{"name":"Babett Bewilogua","amenity":"Puskesmas"},"geometry":{"type":"Point","coordinates":[11.50796,48.18059]}},{"type":"Feature","properties":{"name":"Hans-Georg Newrzella","amenity":"Klinik"},"geometry":{"type":"Point","coordinates":[11.50834,48.18075]}},{"type":"Feature","properties":{"name":"Sprachtherapie Sprachbaum","amenity":"Puskesmas"},"geometry":{"type":"Point","coordinates":[11.50333,48.13709]}},{"type":"Feature","properties":{"name":"Sylvia Wigand","amenity":"Klinik"},"geometry":{"type":"Point","coordinates":[11.61813,48.13825]}},{"type":"Feature","properties":{"name":"Praxis f\u00fcr Ganzheitliche Medizin","amenity":"Klinik"},"geometry":{"type":"Point","coordinates":[11.53787,48.20116]}},{"type":"Feature","properties":{"name":"Kardiologie & Psychosomatik","amenity":"Klinik"},"geometry":{"type":"Point","coordinates":[11.53787,48.2012]}},{"type":"Feature","properties":{"name":"Dr. med. dent. Verena Broos","amenity":"Puskesmas"},"geometry":{"type":"Point","coordinates":[11.5448,48.19866]}},{"type":"Feature","properties":{"name":"Dr. med. Stefan Hammann","amenity":"Klinik"},"geometry":{"type":"Point","coordinates":[11.55864,48.21453]}},{"type":"Feature","properties":{"name":"Dr. med. dent. Valentin Melchner","amenity":"Klinik"},"geometry":{"type":"Point","coordinates":[11.55887,48.21468]}},{"type":"Feature","properties":{"name":"Dr.med  Dominik Kappeler","amenity":"Klinik"},"geometry":{"type":"Point","coordinates":[11.55864,48.21458]}},{"type":"Feature","properties":{"name":"Praxis f\u00fcr Physiotherapie Kasserra","amenity":"Puskesmas"},"geometry":{"type":"Point","coordinates":[11.50322,48.18132]}},{"type":"Feature","properties":{"name":"Dr. Thomas Moukriotis","amenity":"Puskesmas"},"geometry":{"type":"Point","coordinates":[11.5633,48.20436]}},{"type":"Feature","properties":{"name":"Johanna E. Mack","amenity":"Klinik"},"geometry":{"type":"Point","coordinates":[11.56329,48.20439]}},{"type":"Feature","properties":{"name":"Physioteam Julia Ebner","amenity":"Puskesmas"},"geometry":{"type":"Point","coordinates":[11.54698,48.20128]}},{"type":"Feature","properties":{"name":"Dr. med. dent. Krassimir Raykov","amenity":"Puskesmas"},"geometry":{"type":"Point","coordinates":[11.55191,48.2076]}},{"type":"Feature","properties":{"name":"Kremena Hofbauer","amenity":"Klinik"},"geometry":{"type":"Point","coordinates":[11.55191,48.20769]}},{"type":"Feature","properties":{"name":"Creative Zahn\u00e4rzte","amenity":"Puskesmas"},"geometry":{"type":"Point","coordinates":[11.54329,48.16288]}},{"type":"Feature","properties":{"name":"Zahnarztpraxis Stengl","amenity":"Puskesmas"},"geometry":{"type":"Point","coordinates":[11.55789,48.20427]}},{"type":"Feature","properties":{"name":"Angelika Zeiler","amenity":"Puskesmas"},"geometry":{"type":"Point","coordinates":[11.5598,48.2035]}},{"type":"Feature","properties":{"name":"Dr. med. Skender Munishi","amenity":"Klinik"},"geometry":{"type":"Point","coordinates":[11.56303,48.20548]}},{"type":"Feature","properties":{"name":"Praxis f\u00fcr Physiotherapie","amenity":"Puskesmas"},"geometry":{"type":"Point","coordinates":[11.56312,48.20534]}},{"type":"Feature","properties":{"name":"Vaia Potolidu - Moukriotis","amenity":"Klinik"},"geometry":{"type":"Point","coordinates":[11.56294,48.20562]}},{"type":"Feature","properties":{"name":"HNO-Gemeinschaftspraxis Dres. med. Edelmann, Schuderer, Schurr","amenity":"Klinik"},"geometry":{"type":"Point","coordinates":[11.57697,48.14534]}},{"type":"Feature","properties":{"name":"Zahnarztpraxis Dr. Dr. Kuntze","amenity":"Puskesmas"},"geometry":{"type":"Point","coordinates":[11.57162,48.14079]}},{"type":"Feature","properties":{"name":"Orthop\u00e4die Marienplatz","amenity":"Klinik"},"geometry":{"type":"Point","coordinates":[11.57481,48.1378]}},{"type":"Feature","properties":{"name":"Dr. med. dent. M. Ashraf AbuElyan","amenity":"Puskesmas"},"geometry":{"type":"Point","coordinates":[11.55601,48.21276]}},{"type":"Feature","properties":{"name":"Alexandra M. Ra\u00dfl","amenity":"Klinik"},"geometry":{"type":"Point","coordinates":[11.556,48.21272]}},{"type":"Feature","properties":{"name":"\u00c4rztehaus","amenity":"Klinik"},"geometry":{"type":"Point","coordinates":[11.556,48.21246]}},{"type":"Feature","properties":{"name":"Leidmann","amenity":"Puskesmas"},"geometry":{"type":"Point","coordinates":[11.58056,48.13916]}},{"type":"Feature","properties":{"name":"H\u00e4matologie Onkologie M\u00fcnchen","amenity":"Klinik"},"geometry":{"type":"Point","coordinates":[11.53106,48.1538]}},{"type":"Feature","properties":{"name":"Ostheopatie Nymphenburg","amenity":"Puskesmas"},"geometry":{"type":"Point","coordinates":[11.53808,48.15114]}},{"type":"Feature","properties":{"name":"Zahn\u00e4rzte Nymphenburg","amenity":"Puskesmas"},"geometry":{"type":"Point","coordinates":[11.53825,48.15112]}},{"type":"Feature","properties":{"name":"Dr. Barbara W\u00f6rle","amenity":"Klinik"},"geometry":{"type":"Point","coordinates":[11.53332,48.15219]}},{"type":"Feature","properties":{"name":"Dr. Ulrike Kerzendorf-R\u00f6hlig","amenity":"Klinik"},"geometry":{"type":"Point","coordinates":[11.53335,48.15428]}},{"type":"Feature","properties":{"name":"HNO-Praxis Dr. Peter D\u00fcnnbier","amenity":"Klinik"},"geometry":{"type":"Point","coordinates":[11.53407,48.15341]}},{"type":"Feature","properties":{"name":"Augen\u00e4rzte Neuhausen","amenity":"Klinik"},"geometry":{"type":"Point","coordinates":[11.53451,48.15282]}},{"type":"Feature","properties":{"name":"IsarOrthoCenter","amenity":"Klinik"},"geometry":{"type":"Point","coordinates":[11.53048,48.15617]}},{"type":"Feature","properties":{"name":"Dr. Thomas Schmitz","amenity":"Klinik"},"geometry":{"type":"Point","coordinates":[11.57715,48.14039]}},{"type":"Feature","properties":{"name":"Dr. Claudette Modre","amenity":"Klinik"},"geometry":{"type":"Point","coordinates":[11.55945,48.14643]}},{"type":"Feature","properties":{"name":"Prof. Dr. med Richard Th. Brandl","amenity":"Klinik"},"geometry":{"type":"Point","coordinates":[11.57507,48.13661]}},{"type":"Feature","properties":{"name":"Dr. J\u00f6rg Cavelius","amenity":"Puskesmas"},"geometry":{"type":"Point","coordinates":[11.58425,48.13934]}},{"type":"Feature","properties":{"name":"Dr. Martha Ertl-Gehrke","amenity":"Klinik"},"geometry":{"type":"Point","coordinates":[11.55425,48.12458]}},{"type":"Feature","properties":{"name":"Therasport","amenity":"Klinik"},"geometry":{"type":"Point","coordinates":[11.55786,48.14719]}},{"type":"Feature","properties":{"name":"Orthop\u00e4dische Praxisklinik Gromer","amenity":"Klinik"},"geometry":{"type":"Point","coordinates":[11.52625,48.11613]}},{"type":"Feature","properties":{"name":"Radiologie am Stiglmeierplatz","amenity":"Klinik"},"geometry":{"type":"Point","coordinates":[11.55786,48.14723]}},{"type":"Feature","properties":{"name":"Ali Memet Oglu","amenity":"Puskesmas"},"geometry":{"type":"Point","coordinates":[11.53042,48.18229]}},{"type":"Feature","properties":{"name":"Gemeinschaftspraxis der Kinder- und Jugend\u00e4rzte","amenity":"Klinik"},"geometry":{"type":"Point","coordinates":[11.52101,48.0908]}},{"type":"Feature","properties":{"name":"Renner'sche Apotheke","amenity":"Puskesmas"},"geometry":{"type":"Point","coordinates":[11.53113,48.15446]}},{"type":"Feature","properties":{"name":"Forum Starke Knochen","amenity":"Puskesmas"},"geometry":{"type":"Point","coordinates":[11.60025,48.13007]}},{"type":"Feature","properties":{"name":"Werner-Physio","amenity":"Puskesmas"},"geometry":{"type":"Point","coordinates":[11.51445,48.18049]}},{"type":"Feature","properties":{"name":"truSmile","amenity":"Puskesmas"},"geometry":{"type":"Point","coordinates":[11.67693,48.11314]}},{"type":"Feature","properties":{"name":"Privatpraxis f\u00fcr Psychotherapie","amenity":"Puskesmas"},"geometry":{"type":"Point","coordinates":[11.47808,48.09114]}},{"type":"Feature","properties":{"name":"Ern\u00e4hrungsberatung & Bewegungscoaching M\u00fcnchen","amenity":"Puskesmas"},"geometry":{"type":"Point","coordinates":[11.47804,48.09107]}},{"type":"Feature","properties":{"name":"Dr. med Hofmann","amenity":"Klinik"},"geometry":{"type":"Point","coordinates":[11.5341,48.15307]}},{"type":"Feature","properties":{"name":"Dr. Melinda Erdey","amenity":"Puskesmas"},"geometry":{"type":"Point","coordinates":[11.47761,48.1118]}},{"type":"Feature","properties":{"name":"Garcia","amenity":"Puskesmas"},"geometry":{"type":"Point","coordinates":[11.53463,48.14604]}},{"type":"Feature","properties":{"name":"Annette Schiffer","amenity":"Puskesmas"},"geometry":{"type":"Point","coordinates":[11.53327,48.15224]}},{"type":"Feature","properties":{"name":"Therapie am Rotkreuzplatz","amenity":"Puskesmas"},"geometry":{"type":"Point","coordinates":[11.53536,48.15265]}},{"type":"Feature","properties":{"name":"Frau Dr. med. Argiri Parasiri-Bauer","amenity":"Klinik"},"geometry":{"type":"Point","coordinates":[11.64157,48.15761]}},{"type":"Feature","properties":{"name":"Vascura - Fach\u00e4rzte f\u00fcr Gef\u00e4ssmedizin","amenity":"Klinik"},"geometry":{"type":"Point","coordinates":[11.57327,48.15049]}},{"type":"Feature","properties":{"name":"Dr. Haupt-Pichler","amenity":"Klinik"},"geometry":{"type":"Point","coordinates":[11.52524,48.11704]}},{"type":"Feature","properties":{"name":"Praxisklinik Orthop\u00e4die und Handchirurgie","amenity":"Klinik"},"geometry":{"type":"Point","coordinates":[11.50332,48.13442]}},{"type":"Feature","properties":{"name":"Strahlentherapie Harlaching","amenity":"Klinik"},"geometry":{"type":"Point","coordinates":[11.55813,48.08574]}},{"type":"Feature","properties":{"name":"Kinderarztpraxis F\u00fcrstenried-West","amenity":"Klinik"},"geometry":{"type":"Point","coordinates":[11.47894,48.08828]}},{"type":"Feature","properties":{"name":"Dr. med. Kerstin Meyer-Bender","amenity":"Klinik"},"geometry":{"type":"Point","coordinates":[11.47963,48.08968]}},{"type":"Feature","properties":{"name":"Dr. med. Gabriele Ludwig","amenity":"Klinik"},"geometry":{"type":"Point","coordinates":[11.63072,48.12903]}},{"type":"Feature","properties":{"name":"Dr. med. Karen von M\u00fccke","amenity":"Klinik"},"geometry":{"type":"Point","coordinates":[11.57914,48.1243]}},{"type":"Feature","properties":{"name":"Orthop\u00e4dische Schmertherapie","amenity":"Klinik"},"geometry":{"type":"Point","coordinates":[11.64444,48.16508]}},{"type":"Feature","properties":{"name":"Praktische \u00c4rztin","amenity":"Klinik"},"geometry":{"type":"Point","coordinates":[11.6444,48.16508]}},{"type":"Feature","properties":{"name":"Krankengymnastik","amenity":"Klinik"},"geometry":{"type":"Point","coordinates":[11.64438,48.16511]}},{"type":"Feature","properties":{"name":"Ayurveda Praxis","amenity":"Puskesmas"},"geometry":{"type":"Point","coordinates":[11.64437,48.16514]}},{"type":"Feature","properties":{"name":"Frauen\u00e4rztin","amenity":"Klinik"},"geometry":{"type":"Point","coordinates":[11.64441,48.16514]}},{"type":"Feature","properties":{"name":"Zahnarztpraxis Schmid & Mayring","amenity":"Puskesmas"},"geometry":{"type":"Point","coordinates":[11.58585,48.1676]}},{"type":"Feature","properties":{"name":"zenphysio","amenity":"Puskesmas"},"geometry":{"type":"Point","coordinates":[11.64467,48.16809]}},{"type":"Feature","properties":{"name":"Haus\u00e4rzte Johanneskirchen","amenity":"Klinik"},"geometry":{"type":"Point","coordinates":[11.64421,48.16808]}},{"type":"Feature","properties":{"name":"Orthop\u00e4dische Praxis Ralf Neumann","amenity":"Klinik"},"geometry":{"type":"Point","coordinates":[11.55998,48.14708]}},{"type":"Feature","properties":{"name":"Dr. med. Ruth Weissberg","amenity":"Klinik"},"geometry":{"type":"Point","coordinates":[11.63301,48.16618]}},{"type":"Feature","properties":{"name":"Peter Deutinger","amenity":"Klinik"},"geometry":{"type":"Point","coordinates":[11.54611,48.10372]}},{"type":"Feature","properties":{"name":"Dr. med. Ludmila Jonas","amenity":"Klinik"},"geometry":{"type":"Point","coordinates":[11.62892,48.16434]}},{"type":"Feature","properties":{"name":"Gemeinschaftspraxis Philipp Schoof, Dr med. Arnd M\u00fcller","amenity":"Klinik"},"geometry":{"type":"Point","coordinates":[11.6288,48.1644]}},{"type":"Feature","properties":{"name":"Dr. med. dent. Michael Schmidt","amenity":"Puskesmas"},"geometry":{"type":"Point","coordinates":[11.62886,48.16437]}},{"type":"Feature","properties":{"name":"Dr. Dr. Guido di Mascio","amenity":"Puskesmas"},"geometry":{"type":"Point","coordinates":[11.51616,48.07822]}},{"type":"Feature","properties":{"name":"Anke Schreiner","amenity":"Puskesmas"},"geometry":{"type":"Point","coordinates":[11.55964,48.15113]}},{"type":"Feature","properties":{"name":"Dr. Nico Herzlieb","amenity":"Puskesmas"},"geometry":{"type":"Point","coordinates":[11.71137,48.11089]}},{"type":"Feature","properties":{"name":"Dr. Schrader","amenity":"Klinik"},"geometry":{"type":"Point","coordinates":[11.56383,48.16329]}},{"type":"Feature","properties":{"name":"Dr. M. Bonakdar","amenity":"Klinik"},"geometry":{"type":"Point","coordinates":[11.71175,48.11091]}},{"type":"Feature","properties":{"name":"Radiologie M\u00fcnchen Ost","amenity":"Klinik"},"geometry":{"type":"Point","coordinates":[11.71156,48.11093]}},{"type":"Feature","properties":{"name":"Prof. Dr. med. Manfred Kurjak","amenity":"Klinik"},"geometry":{"type":"Point","coordinates":[11.71135,48.11081]}},{"type":"Feature","properties":{"name":"Sabine Bawey","amenity":"Klinik"},"geometry":{"type":"Point","coordinates":[11.57339,48.15914]}},{"type":"Feature","properties":{"name":"Hautarzt, Dr. Kessler, Dr. Schubert & Kollegen","amenity":"Klinik"},"geometry":{"type":"Point","coordinates":[11.58358,48.15378]}},{"type":"Feature","properties":{"name":"CoMedicum Landshuter Allee","amenity":"Klinik"},"geometry":{"type":"Point","coordinates":[11.53645,48.15252]}},{"type":"Feature","properties":{"name":"Haus\u00e4rzte S\u00fcd Ost","amenity":"Klinik"},"geometry":{"type":"Point","coordinates":[11.60047,48.08736]}},{"type":"Feature","properties":{"name":"Frauenheilkunde Fasangarten","amenity":"Klinik"},"geometry":{"type":"Point","coordinates":[11.60037,48.08733]}},{"type":"Feature","properties":{"name":"Eugen Apotheke","amenity":"Puskesmas"},"geometry":{"type":"Point","coordinates":[11.62966,48.16332]}},{"type":"Feature","properties":{"name":"Dr. Arnold","amenity":"Klinik"},"geometry":{"type":"Point","coordinates":[11.5803,48.13556]}},{"type":"Feature","properties":{"name":"Neurozentrum Arabellapark","amenity":"Klinik"},"geometry":{"type":"Point","coordinates":[11.61914,48.15199]}},{"type":"Feature","properties":{"name":"Dr. med. Diana von Welser","amenity":"Klinik"},"geometry":{"type":"Point","coordinates":[11.56322,48.13356]}},{"type":"Feature","properties":{"name":"Oralchirurgie T1","amenity":"Klinik"},"geometry":{"type":"Point","coordinates":[11.57515,48.13911]}},{"type":"Feature","properties":{"name":"Dr. Andreas Philippi Gyn\u00e4kologie Neuhausen","amenity":"Klinik"},"geometry":{"type":"Point","coordinates":[11.53401,48.14995]}},{"type":"Feature","properties":{"name":"Praxis Dr. Putzke","amenity":"Klinik"},"geometry":{"type":"Point","coordinates":[11.5347,48.14783]}},{"type":"Feature","properties":{"name":"Hausarztpraxis Dr. med. Julia Drey\u00dfig","amenity":"Klinik"},"geometry":{"type":"Point","coordinates":[11.52952,48.1603]}},{"type":"Feature","properties":{"name":"Augenarztpraxis Dr. Kapp","amenity":"Klinik"},"geometry":{"type":"Point","coordinates":[11.70185,48.11359]}},{"type":"Feature","properties":{"name":"Dr. Robert Knebel","amenity":"Puskesmas"},"geometry":{"type":"Point","coordinates":[11.5641,48.15133]}},{"type":"Feature","properties":{"name":"Dr. Simon Reindl","amenity":"Klinik"},"geometry":{"type":"Point","coordinates":[11.56408,48.15133]}},{"type":"Feature","properties":{"name":"Sportorthop\u00e4dische Zentren M\u00fcnchen","amenity":"Klinik"},"geometry":{"type":"Point","coordinates":[11.50474,48.08241]}},{"type":"Feature","properties":{"name":"Ergotherapie Nadja Haas","amenity":"Puskesmas"},"geometry":{"type":"Point","coordinates":[11.66717,48.12428]}},{"type":"Feature","properties":{"name":"Dr. Janita Biele","amenity":"Klinik"},"geometry":{"type":"Point","coordinates":[11.66006,48.08548]}},{"type":"Feature","properties":{"name":"Heilpraxis Schimitzek","amenity":"Puskesmas"},"geometry":{"type":"Point","coordinates":[11.5473,48.19203]}},{"type":"Feature","properties":{"name":"Aleksandar Klisarov","amenity":"Puskesmas"},"geometry":{"type":"Point","coordinates":[11.59875,48.13856]}},{"type":"Feature","properties":{"name":"Rechts der Isar - Dr. Mirja Voll","amenity":"Puskesmas"},"geometry":{"type":"Point","coordinates":[11.59886,48.13878]}},{"type":"Feature","properties":{"name":"Riki Allgeier","amenity":"Puskesmas"},"geometry":{"type":"Point","coordinates":[11.55347,48.19941]}},{"type":"Feature","properties":{"name":"Atina Karatzia","amenity":"Puskesmas"},"geometry":{"type":"Point","coordinates":[11.61556,48.13946]}},{"type":"Feature","properties":{"name":"Physiotherapie Schwabing","amenity":"Puskesmas"},"geometry":{"type":"Point","coordinates":[11.5647,48.15163]}},{"type":"Feature","properties":{"name":"Frau Dr. Susanne G\u00e4n\u00dfbauer","amenity":"Klinik"},"geometry":{"type":"Point","coordinates":[11.56013,48.14512]}},{"type":"Feature","properties":{"name":"Christiane Attenberger","amenity":"Puskesmas"},"geometry":{"type":"Point","coordinates":[11.51618,48.07818]}},{"type":"Feature","properties":{"name":"Dr, Sebastian Krause","amenity":"Puskesmas"},"geometry":{"type":"Point","coordinates":[11.50837,48.09465]}},{"type":"Feature","properties":{"name":"Dr. med. Gabriele Willkomm","amenity":"Klinik"},"geometry":{"type":"Point","coordinates":[11.5274,48.16183]}},{"type":"Feature","properties":{"name":"Orthop\u00e4dische Praxis Dr. med. Markus Bachmeier","amenity":"Klinik"},"geometry":{"type":"Point","coordinates":[11.5704,48.13642]}},{"type":"Feature","properties":{"name":"Kinderzahn\u00e4rzte am Ostpark MVZ GmbH","amenity":"Puskesmas"},"geometry":{"type":"Point","coordinates":[11.64471,48.10728]}},{"type":"Feature","properties":{"name":"Marc Bielenberg","amenity":"Klinik"},"geometry":{"type":"Point","coordinates":[11.51762,48.13884]}},{"type":"Feature","properties":{"name":"Zahn im Gl\u00fcck","amenity":"Puskesmas"},"geometry":{"type":"Point","coordinates":[11.64673,48.10149]}},{"type":"Feature","properties":{"name":"Kinder\u00e4rzte im Lehel","amenity":"Klinik"},"geometry":{"type":"Point","coordinates":[11.59598,48.15192]}},{"type":"Feature","properties":{"name":"Dr. Sarah Schmidt und Kollegen","amenity":"Puskesmas"},"geometry":{"type":"Point","coordinates":[11.63059,48.10203]}},{"type":"Feature","properties":{"name":"Prof. Dr. Dr. Fischer-Brandies","amenity":"Puskesmas"},"geometry":{"type":"Point","coordinates":[11.52619,48.11612]}},{"type":"Feature","properties":{"name":"relax & smile Dres. Torres Moneu & Moschik","amenity":"Puskesmas"},"geometry":{"type":"Point","coordinates":[11.52632,48.11615]}},{"type":"Feature","properties":{"name":"Dres. Fischer & Steininger","amenity":"Klinik"},"geometry":{"type":"Point","coordinates":[11.52647,48.11612]}},{"type":"Feature","properties":{"name":"Dr. Megalos","amenity":"Klinik"},"geometry":{"type":"Point","coordinates":[11.52619,48.11614]}},{"type":"Feature","properties":{"name":"TRIUNE Fachpraxis f\u00fcr Osteopathie & Naturheilkunde","amenity":"Puskesmas"},"geometry":{"type":"Point","coordinates":[11.4599,48.14474]}},{"type":"Feature","properties":{"name":"Dr. med. Klemens J\u00fcngling / Internist","amenity":"Klinik"},"geometry":{"type":"Point","coordinates":[11.52475,48.07685]}},{"type":"Feature","properties":{"name":"Zahnarztpraxis Knapp","amenity":"Puskesmas"},"geometry":{"type":"Point","coordinates":[11.62852,48.09964]}},{"type":"Feature","properties":{"name":"Dr. Donata Kemper","amenity":"Klinik"},"geometry":{"type":"Point","coordinates":[11.52565,48.07811]}},{"type":"Feature","properties":{"name":"Arnold Greiner e.K. Institut f\u00fcr k\u00fcnstliche Augen","amenity":"Klinik"},"geometry":{"type":"Point","coordinates":[11.50722,48.15394]}},{"type":"Feature","properties":{"name":"Sandra Stampfl","amenity":"Puskesmas"},"geometry":{"type":"Point","coordinates":[11.61754,48.11132]}},{"type":"Feature","properties":{"name":"Dr. med. Barbara Naumann","amenity":"Klinik"},"geometry":{"type":"Point","coordinates":[11.61765,48.11104]}},{"type":"Feature","properties":{"name":"Dr. med. Alexia Horelt-Ernou","amenity":"Klinik"},"geometry":{"type":"Point","coordinates":[11.61756,48.11127]}},{"type":"Feature","properties":{"name":"Dr. med. Thorsten B. Grebe","amenity":"Klinik"},"geometry":{"type":"Point","coordinates":[11.61758,48.11122]}},{"type":"Feature","properties":{"name":"Zahnarztpraxis Barbara Pien\u00dfel","amenity":"Puskesmas"},"geometry":{"type":"Point","coordinates":[11.6176,48.11118]}},{"type":"Feature","properties":{"name":"Dr. med. Johannes Breu","amenity":"Klinik"},"geometry":{"type":"Point","coordinates":[11.61761,48.11113]}},{"type":"Feature","properties":{"name":"Irina Ludolph","amenity":"Puskesmas"},"geometry":{"type":"Point","coordinates":[11.61763,48.11108]}},{"type":"Feature","properties":{"name":"Zahnarztpraxis Dina Sticher","amenity":"Puskesmas"},"geometry":{"type":"Point","coordinates":[11.65415,48.09936]}},{"type":"Feature","properties":{"name":"Gabriele Durst","amenity":"Puskesmas"},"geometry":{"type":"Point","coordinates":[11.57375,48.10507]}},{"type":"Feature","properties":{"name":"Rossmann","amenity":"Puskesmas"},"geometry":{"type":"Point","coordinates":[11.59963,48.08783]}},{"type":"Feature","properties":{"name":"Orthop\u00e4diepraxis Nieper Klinc","amenity":"Klinik"},"geometry":{"type":"Point","coordinates":[11.50726,48.18068]}},{"type":"Feature","properties":{"name":"Hausarztpraxis Zimmermann","amenity":"Klinik"},"geometry":{"type":"Point","coordinates":[11.54219,48.11831]}},{"type":"Feature","properties":{"name":"OSP - Praxis f\u00fcr Orthop\u00e4die, Sportorthop\u00e4die und Unfallchirurgie","amenity":"Klinik"},"geometry":{"type":"Point","coordinates":[11.47896,48.08774]}},{"type":"Feature","properties":{"name":"Prakash","amenity":"Puskesmas"},"geometry":{"type":"Point","coordinates":[11.5796,48.11458]}},{"type":"Feature","properties":{"name":"Andreas Haubrich","amenity":"Klinik"},"geometry":{"type":"Point","coordinates":[11.56494,48.09271]}},{"type":"Feature","properties":{"name":"Orthop\u00e4die Max-Weber-Platz","amenity":"Klinik"},"geometry":{"type":"Point","coordinates":[11.59835,48.13586]}},{"type":"Feature","properties":{"name":"Praxis f\u00fcr Psychotherapie - Nadja Schick","amenity":"Puskesmas"},"geometry":{"type":"Point","coordinates":[11.53811,48.15124]}},{"type":"Feature","properties":{"name":"Friedens-Apotheke","amenity":"Puskesmas"},"geometry":{"type":"Point","coordinates":[11.67166,48.12162]}},{"type":"Feature","properties":{"name":"Maria Theobald","amenity":"Puskesmas"},"geometry":{"type":"Point","coordinates":[11.5029,48.14114]}},{"type":"Feature","properties":{"name":"Hauptapotheke Laim","amenity":"Puskesmas"},"geometry":{"type":"Point","coordinates":[11.50266,48.13587]}},{"type":"Feature","properties":{"name":"Dr. med. Bettina Sprengard","amenity":"Klinik"},"geometry":{"type":"Point","coordinates":[11.64014,48.14763]}},{"type":"Feature","properties":{"name":"gesund genie\u00dfen - Monika Heyng","amenity":"Puskesmas"},"geometry":{"type":"Point","coordinates":[11.65952,48.11409]}},{"type":"Feature","properties":{"name":"ATOS Starmed Klinik M\u00fcnchen","amenity":"Klinik"},"geometry":{"type":"Point","coordinates":[11.63315,48.09978]}},{"type":"Feature","properties":{"name":"Turan","amenity":"Puskesmas"},"geometry":{"type":"Point","coordinates":[11.63237,48.09979]}},{"type":"Feature","properties":{"name":"Conradia","amenity":"Klinik"},"geometry":{"type":"Point","coordinates":[11.63231,48.0998]}},{"type":"Feature","properties":{"name":"Atos Orthop\u00e4die Dr. Schettle","amenity":"Klinik"},"geometry":{"type":"Point","coordinates":[11.63226,48.09981]}},{"type":"Feature","properties":{"name":"Gehwol","amenity":"Puskesmas"},"geometry":{"type":"Point","coordinates":[11.62936,48.10101]}},{"type":"Feature","properties":{"name":"Orthoevo - Orthop\u00e4dische Praxis Dr. Eisele & Dr. Volkering","amenity":"Klinik"},"geometry":{"type":"Point","coordinates":[11.58564,48.15719]}},{"type":"Feature","properties":{"name":"Zahnmedizin am Schweizer Platz - Praxisgemeinschaft Dres. H\u00fcbner und Ortner","amenity":"Puskesmas"},"geometry":{"type":"Point","coordinates":[11.48,48.08987]}},{"type":"Feature","properties":{"name":"Dr. Andreas Singer, Dr. Marcos Pineda","amenity":"Puskesmas"},"geometry":{"type":"Point","coordinates":[11.48513,48.08747]}},{"type":"Feature","properties":{"name":"Dr. Linda K\u00fchne","amenity":"Klinik"},"geometry":{"type":"Point","coordinates":[11.48528,48.08737]}},{"type":"Feature","properties":{"name":"Dr. Angelika Bayer","amenity":"Puskesmas"},"geometry":{"type":"Point","coordinates":[11.62662,48.12854]}},{"type":"Feature","properties":{"name":"Zahnarzt Dr. Peter Chronz","amenity":"Puskesmas"},"geometry":{"type":"Point","coordinates":[11.56624,48.1417]}},{"type":"Feature","properties":{"name":"Signature Aesthetics","amenity":"Puskesmas"},"geometry":{"type":"Point","coordinates":[11.57978,48.13804]}},{"type":"Feature","properties":{"name":"Almeida Aesthetic","amenity":"Puskesmas"},"geometry":{"type":"Point","coordinates":[11.58435,48.17439]}},{"type":"Feature","properties":{"name":"Kieferorthop\u00e4din Dr. med. dent. Antje Krause","amenity":"Puskesmas"},"geometry":{"type":"Point","coordinates":[11.47945,48.08806]}},{"type":"Feature","properties":{"name":"Zahnarzt Matthias Kessler","amenity":"Puskesmas"},"geometry":{"type":"Point","coordinates":[11.47948,48.0881]}},{"type":"Feature","properties":{"name":"Dr. med. Konstanze Heinig","amenity":"Klinik"},"geometry":{"type":"Point","coordinates":[11.4795,48.08813]}},{"type":"Feature","properties":{"name":"Physiotherapie Schuhbeck","amenity":"Puskesmas"},"geometry":{"type":"Point","coordinates":[11.57461,48.10952]}},{"type":"Feature","properties":{"name":"Fiona Milone - Heilpraktikerin\u00a0f\u00fcr\u00a0Psychotherapie","amenity":"Puskesmas"},"geometry":{"type":"Point","coordinates":[11.65479,48.11649]}},{"type":"Feature","properties":{"name":"OrthoCenter Prof. Lill M\u00fcnchen","amenity":"Klinik"},"geometry":{"type":"Point","coordinates":[11.57992,48.13894]}},{"type":"Feature","properties":{"name":"Tanpa Nama","amenity":"Klinik"},"geometry":{"type":"Point","coordinates":[11.62933,48.11261]}},{"type":"Feature","properties":{"name":"Tanpa Nama","amenity":"Puskesmas"},"geometry":{"type":"Point","coordinates":[11.59513,48.11151]}},{"type":"Feature","properties":{"name":"NephroCare","amenity":"Klinik"},"geometry":{"type":"Point","coordinates":[11.64418,48.10218]}},{"type":"Feature","properties":{"name":"Wruck","amenity":"Puskesmas"},"geometry":{"type":"Point","coordinates":[11.64403,48.10218]}},{"type":"Feature","properties":{"name":"Orthop\u00e4dicum","amenity":"Klinik"},"geometry":{"type":"Point","coordinates":[11.64403,48.10222]}},{"type":"Feature","properties":{"name":"mero Med OP-Zentrum M\u00fcnchen S\u00fcd","amenity":"Klinik"},"geometry":{"type":"Point","coordinates":[11.64388,48.10192]}},{"type":"Feature","properties":{"name":"Hausarztpraxis Martina Kougnigan","amenity":"Klinik"},"geometry":{"type":"Point","coordinates":[11.52851,48.21765]}},{"type":"Feature","properties":{"name":"Praxis f\u00fcr Logop\u00e4die","amenity":"Puskesmas"},"geometry":{"type":"Point","coordinates":[11.62843,48.09683]}},{"type":"Feature","properties":{"name":"Praxis f\u00fcr Ergotherapie","amenity":"Puskesmas"},"geometry":{"type":"Point","coordinates":[11.62843,48.09681]}},{"type":"Feature","properties":{"name":"Marianne Koch","amenity":"Klinik"},"geometry":{"type":"Point","coordinates":[11.62848,48.09704]}},{"type":"Feature","properties":{"name":"Dr. med. Andreas Nikl","amenity":"Klinik"},"geometry":{"type":"Point","coordinates":[11.62865,48.09705]}},{"type":"Feature","properties":{"name":"K\u00f6rperRaum","amenity":"Klinik"},"geometry":{"type":"Point","coordinates":[11.62857,48.09707]}},{"type":"Feature","properties":{"name":"Reiki Therapeutin","amenity":"Puskesmas"},"geometry":{"type":"Point","coordinates":[11.66381,48.1139]}},{"type":"Feature","properties":{"name":"Kerstin Pirkl","amenity":"Puskesmas"},"geometry":{"type":"Point","coordinates":[11.62522,48.10655]}},{"type":"Feature","properties":{"name":"Privatpraxis Kinderzahnarzt & Kieferorthop\u00e4die","amenity":"Klinik"},"geometry":{"type":"Point","coordinates":[11.60444,48.14332]}},{"type":"Feature","properties":{"name":"Praxis f\u00fcr Physiotherapie Christiane Fleschhut","amenity":"Klinik"},"geometry":{"type":"Point","coordinates":[11.52448,48.07598]}},{"type":"Feature","properties":{"name":"Medizinische Fu\u00dfpflege Liz Reinhard","amenity":"Klinik"},"geometry":{"type":"Point","coordinates":[11.52411,48.07571]}},{"type":"Feature","properties":{"name":"Naturheilpraxis Helena Heider","amenity":"Klinik"},"geometry":{"type":"Point","coordinates":[11.52405,48.07567]}},{"type":"Feature","properties":{"name":"Praxis f\u00fcr physikalische Therapie","amenity":"Klinik"},"geometry":{"type":"Point","coordinates":[11.55023,48.07784]}},{"type":"Feature","properties":{"name":"Ocim Praxis M\u00fcnchen","amenity":"Klinik"},"geometry":{"type":"Point","coordinates":[11.55019,48.078]}},{"type":"Feature","properties":{"name":"Heilpraktikerin Herdis Sch\u00e4dlich","amenity":"Klinik"},"geometry":{"type":"Point","coordinates":[11.55092,48.07918]}},{"type":"Feature","properties":{"name":"Zahn\u00e4rzte in Solln","amenity":"Puskesmas"},"geometry":{"type":"Point","coordinates":[11.50396,48.08293]}},{"type":"Feature","properties":{"name":"Dr. Strenkert","amenity":"Klinik"},"geometry":{"type":"Point","coordinates":[11.5993,48.12852]}},{"type":"Feature","properties":{"name":"kbo-Kinderzentrum M\u00fcnchen","amenity":"Rumah Sakit"},"geometry":{"type":"Point","coordinates":[11.47793,48.10614]}},{"type":"Feature","properties":{"name":"HNO-Gemeinschaftspraxis","amenity":"Klinik"},"geometry":{"type":"Point","coordinates":[11.57585,48.14603]}},{"type":"Feature","properties":{"name":"Zahnarztpraxis am Kurf\u00fcrstenplatz","amenity":"Puskesmas"},"geometry":{"type":"Point","coordinates":[11.57497,48.15945]}},{"type":"Feature","properties":{"name":"HNO am Rotkreuzplatz","amenity":"Klinik"},"geometry":{"type":"Point","coordinates":[11.53132,48.15444]}},{"type":"Feature","properties":{"name":"Plinganser 8","amenity":"Puskesmas"},"geometry":{"type":"Point","coordinates":[11.54077,48.12143]}},{"type":"Feature","properties":{"name":"Dr. med. Fritz Renner","amenity":"Klinik"},"geometry":{"type":"Point","coordinates":[11.64911,48.09542]}},{"type":"Feature","properties":{"name":"Dr. med. Friedrich Renner","amenity":"Klinik"},"geometry":{"type":"Point","coordinates":[11.64902,48.09544]}},{"type":"Feature","properties":{"name":"Heilpraktikering Claudia Mulokozi","amenity":"Puskesmas"},"geometry":{"type":"Point","coordinates":[11.65749,48.11178]}},{"type":"Feature","properties":{"name":"Praxis Dr. H\u00f6ppner & Dr Mayer","amenity":"Klinik"},"geometry":{"type":"Point","coordinates":[11.50283,48.11772]}},{"type":"Feature","properties":{"name":"Zahnarzt im Kustermannpark Uwe Brongkoll","amenity":"Puskesmas"},"geometry":{"type":"Point","coordinates":[11.59881,48.12234]}},{"type":"Feature","properties":{"name":"HNO-Gemeinschaftspraxis Dres. med. Edelmann, Schuderer & Schurr","amenity":"Klinik"},"geometry":{"type":"Point","coordinates":[11.57602,48.146]}},{"type":"Feature","properties":{"name":"Zahnarztpraxis Dr. Baumeister","amenity":"Puskesmas"},"geometry":{"type":"Point","coordinates":[11.66205,48.12273]}},{"type":"Feature","properties":{"name":"Dr. Med. dent. Dana Klimas","amenity":"Puskesmas"},"geometry":{"type":"Point","coordinates":[11.66202,48.12273]}},{"type":"Feature","properties":{"name":"HNO Dr. Christoph Wimmer, Peter Heinrich","amenity":"Klinik"},"geometry":{"type":"Point","coordinates":[11.66198,48.12275]}},{"type":"Feature","properties":{"name":"Dr. Angela Olze","amenity":"Klinik"},"geometry":{"type":"Point","coordinates":[11.662,48.12276]}},{"type":"Feature","properties":{"name":"DZM Dermazentrum M\u00fcnchen","amenity":"Klinik"},"geometry":{"type":"Point","coordinates":[11.66207,48.12277]}},{"type":"Feature","properties":{"name":"Kanwischer, Scheunemann","amenity":"Puskesmas"},"geometry":{"type":"Point","coordinates":[11.66199,48.12274]}},{"type":"Feature","properties":{"name":"Dr. Dana Nitu","amenity":"Puskesmas"},"geometry":{"type":"Point","coordinates":[11.63591,48.10171]}},{"type":"Feature","properties":{"name":"Dr. Elena Thomas","amenity":"Klinik"},"geometry":{"type":"Point","coordinates":[11.63578,48.10171]}},{"type":"Feature","properties":{"name":"DIE RADIOLOGIE - M\u00fcnchen Zentrum","amenity":"Klinik"},"geometry":{"type":"Point","coordinates":[11.56573,48.13678]}},{"type":"Feature","properties":{"name":"Dr. Christian Schr\u00f6ter - FA f\u00fcr Kinder- und Jugendheilkunde Kinder-Pneumologie Allergologie","amenity":"Klinik"},"geometry":{"type":"Point","coordinates":[11.56657,48.12336]}},{"type":"Feature","properties":{"name":"Andrea Schnur","amenity":"Puskesmas"},"geometry":{"type":"Point","coordinates":[11.60326,48.08749]}},{"type":"Feature","properties":{"name":"Hausarztpraxis Freimann","amenity":"Klinik"},"geometry":{"type":"Point","coordinates":[11.62084,48.19183]}},{"type":"Feature","properties":{"name":"Apothekerei","amenity":"Puskesmas"},"geometry":{"type":"Point","coordinates":[11.59773,48.12153]}},{"type":"Feature","properties":{"name":"Hasen Apotheke Allach","amenity":"Puskesmas"},"geometry":{"type":"Point","coordinates":[11.46776,48.18908]}},{"type":"Feature","properties":{"name":"Hausarztpraxis Unter der Linde","amenity":"Klinik"},"geometry":{"type":"Point","coordinates":[11.61769,48.18868]}},{"type":"Feature","properties":{"name":"Elisabeth Kiermeyer","amenity":"Puskesmas"},"geometry":{"type":"Point","coordinates":[11.61736,48.18876]}},{"type":"Feature","properties":{"name":"Leichter Sprechen","amenity":"Puskesmas"},"geometry":{"type":"Point","coordinates":[11.61699,48.18882]}},{"type":"Feature","properties":{"name":"Dr. med. Caroline von Ehrenstein, Pascal Keilmann","amenity":"Klinik"},"geometry":{"type":"Point","coordinates":[11.61705,48.18883]}},{"type":"Feature","properties":{"name":"Lip\u00f6dem Zentrum M\u00fcnchen","amenity":"Klinik"},"geometry":{"type":"Point","coordinates":[11.61848,48.1508]}},{"type":"Feature","properties":{"name":"Zahnarztpraxis Dr. Michael Walger","amenity":"Puskesmas"},"geometry":{"type":"Point","coordinates":[11.53449,48.15282]}},{"type":"Feature","properties":{"name":"Morath & Sch\u00f6ll","amenity":"Klinik"},"geometry":{"type":"Point","coordinates":[11.53447,48.15283]}},{"type":"Feature","properties":{"name":"Sportmedizin M\u00fcnchen","amenity":"Klinik"},"geometry":{"type":"Point","coordinates":[11.57044,48.13752]}},{"type":"Feature","properties":{"name":"Dr. Katharina Wittmann","amenity":"Klinik"},"geometry":{"type":"Point","coordinates":[11.58296,48.11623]}},{"type":"Feature","properties":{"name":"Physiotherapeutische Praxis Nast-Kolb","amenity":"Puskesmas"},"geometry":{"type":"Point","coordinates":[11.58191,48.11581]}},{"type":"Feature","properties":{"name":"Dr. Med. Dent. Peter Hartl","amenity":"Puskesmas"},"geometry":{"type":"Point","coordinates":[11.47785,48.08843]}},{"type":"Feature","properties":{"name":"Praxis Dr. med. J. Kokoska","amenity":"Klinik"},"geometry":{"type":"Point","coordinates":[11.47795,48.08845]}},{"type":"Feature","properties":{"name":"Neurologie Dr. Kastenbauer","amenity":"Klinik"},"geometry":{"type":"Point","coordinates":[11.57214,48.1647]}},{"type":"Feature","properties":{"name":"Dermazentrum M\u00fcnchen","amenity":"Klinik"},"geometry":{"type":"Point","coordinates":[11.53392,48.11706]}},{"type":"Feature","properties":{"name":"Anne Katrin Liem","amenity":"Klinik"},"geometry":{"type":"Point","coordinates":[11.53656,48.15224]}},{"type":"Feature","properties":{"name":"Orthop\u00e4die im POZ am Westkreuz","amenity":"Klinik"},"geometry":{"type":"Point","coordinates":[11.43457,48.14927]}},{"type":"Feature","properties":{"name":"Zentrum f\u00fcr Innere Medizin im Arabellapark","amenity":"Klinik"},"geometry":{"type":"Point","coordinates":[11.6236,48.14977]}},{"type":"Feature","properties":{"name":"Dr. med. Peter-Christian Vogel, Dipl. Psych. Bernd Vogel","amenity":"Klinik"},"geometry":{"type":"Point","coordinates":[11.57017,48.1576]}},{"type":"Feature","properties":{"name":"Dr. med. Dorette Poland","amenity":"Klinik"},"geometry":{"type":"Point","coordinates":[11.5039,48.15364]}},{"type":"Feature","properties":{"name":"Zahnarztpraxis Diana Kreuzig & Naile Jusufi","amenity":"Puskesmas"},"geometry":{"type":"Point","coordinates":[11.48152,48.08652]}},{"type":"Feature","properties":{"name":"Sven Hanke","amenity":"Puskesmas"},"geometry":{"type":"Point","coordinates":[11.47931,48.14213]}},{"type":"Feature","properties":{"name":"Zahnarztpraxis Dr. med. dent. Peter Kerschner","amenity":"Klinik"},"geometry":{"type":"Point","coordinates":[11.57862,48.16592]}},{"type":"Feature","properties":{"name":"kpb Fachambulanz f\u00fcr Suchterkrankungen","amenity":"Klinik"},"geometry":{"type":"Point","coordinates":[11.51426,48.09628]}},{"type":"Feature","properties":{"name":"Derma-Hering","amenity":"Klinik"},"geometry":{"type":"Point","coordinates":[11.57722,48.13559]}},{"type":"Feature","properties":{"name":"Praxisgemeinschaft Zahn\u00e4rzte","amenity":"Puskesmas"},"geometry":{"type":"Point","coordinates":[11.57965,48.15512]}},{"type":"Feature","properties":{"name":"Dr. med. Pielsticker","amenity":"Klinik"},"geometry":{"type":"Point","coordinates":[11.52647,48.11611]}},{"type":"Feature","properties":{"name":"Praxis f\u00fcr Osteopathie Benjamin Ebert","amenity":"Puskesmas"},"geometry":{"type":"Point","coordinates":[11.58361,48.14136]}},{"type":"Feature","properties":{"name":"Dr. med. Natascha Juchert","amenity":"Klinik"},"geometry":{"type":"Point","coordinates":[11.49608,48.08862]}},{"type":"Feature","properties":{"name":"Dr. med. Andreas Karger","amenity":"Klinik"},"geometry":{"type":"Point","coordinates":[11.54019,48.10044]}},{"type":"Feature","properties":{"name":"Martin Staudacher","amenity":"Puskesmas"},"geometry":{"type":"Point","coordinates":[11.65427,48.09906]}},{"type":"Feature","properties":{"name":"Krankengymnastik Praxis Dragisa Todorovic","amenity":"Puskesmas"},"geometry":{"type":"Point","coordinates":[11.46592,48.17855]}},{"type":"Feature","properties":{"name":"Zahnarzt Dr. Schmid | Dr. Strauch","amenity":"Puskesmas"},"geometry":{"type":"Point","coordinates":[11.49836,48.09421]}},{"type":"Feature","properties":{"name":"Medicover M\u00fcnchen MVZ","amenity":"Klinik"},"geometry":{"type":"Point","coordinates":[11.57547,48.1357]}},{"type":"Feature","properties":{"name":"Kinderarztpraxis Soulis","amenity":"Klinik"},"geometry":{"type":"Point","coordinates":[11.56454,48.17861]}},{"type":"Feature","properties":{"name":"Dr. Florian und Gerhilde Gabriel","amenity":"Klinik"},"geometry":{"type":"Point","coordinates":[11.57956,48.09314]}},{"type":"Feature","properties":{"name":"Internationale Praxis f\u00fcr Kinderzahnheilkunde","amenity":"Puskesmas"},"geometry":{"type":"Point","coordinates":[11.53039,48.09236]}},{"type":"Feature","properties":{"name":"Dr. Cornelia Eulenstein","amenity":"Klinik"},"geometry":{"type":"Point","coordinates":[11.56866,48.09193]}},{"type":"Feature","properties":{"name":"Internistische Hausarztpraxis","amenity":"Klinik"},"geometry":{"type":"Point","coordinates":[11.61413,48.12727]}},{"type":"Feature","properties":{"name":"Logop\u00e4dische Praxis","amenity":"Puskesmas"},"geometry":{"type":"Point","coordinates":[11.55745,48.09022]}},{"type":"Feature","properties":{"name":"Optik B\u00fcchler","amenity":"Puskesmas"},"geometry":{"type":"Point","coordinates":[11.55761,48.09018]}},{"type":"Feature","properties":{"name":"Dr. Bott & Kollegen","amenity":"Puskesmas"},"geometry":{"type":"Point","coordinates":[11.55745,48.09023]}},{"type":"Feature","properties":{"name":"Anna Stickler","amenity":"Klinik"},"geometry":{"type":"Point","coordinates":[11.55709,48.09016]}},{"type":"Feature","properties":{"name":"Kieferorthop\u00e4die Harlaching","amenity":"Puskesmas"},"geometry":{"type":"Point","coordinates":[11.55901,48.0907]}},{"type":"Feature","properties":{"name":"Dr. Ingo Hagspiel & Kollegen","amenity":"Puskesmas"},"geometry":{"type":"Point","coordinates":[11.55871,48.0919]}},{"type":"Feature","properties":{"name":"Dr. Thilde Kellermann","amenity":"Klinik"},"geometry":{"type":"Point","coordinates":[11.56181,48.09047]}},{"type":"Feature","properties":{"name":"Dr. Sven Schweitzer","amenity":"Puskesmas"},"geometry":{"type":"Point","coordinates":[11.55574,48.09377]}},{"type":"Feature","properties":{"name":"Dr. Eva Umlauf","amenity":"Klinik"},"geometry":{"type":"Point","coordinates":[11.5559,48.09338]}},{"type":"Feature","properties":{"name":"Dr. Robert Sepaintner, Dr. Cordula Albers","amenity":"Puskesmas"},"geometry":{"type":"Point","coordinates":[11.55621,48.09449]}},{"type":"Feature","properties":{"name":"Dr. Christine Lauritzen","amenity":"Klinik"},"geometry":{"type":"Point","coordinates":[11.56762,48.09417]}},{"type":"Feature","properties":{"name":"Dr. Klaus Buchholz","amenity":"Klinik"},"geometry":{"type":"Point","coordinates":[11.56874,48.09439]}},{"type":"Feature","properties":{"name":"Dr. Gunnar Reich","amenity":"Puskesmas"},"geometry":{"type":"Point","coordinates":[11.60758,48.17874]}},{"type":"Feature","properties":{"name":"MUC Apotheke","amenity":"Puskesmas"},"geometry":{"type":"Point","coordinates":[11.52471,48.13382]}},{"type":"Feature","properties":{"name":"M. Sc. Psych. Mira von Wallis, Dr. Sophia Wriedt","amenity":"Puskesmas"},"geometry":{"type":"Point","coordinates":[11.57992,48.10084]}},{"type":"Feature","properties":{"name":"Dipl. Psych. Lena Schroer","amenity":"Puskesmas"},"geometry":{"type":"Point","coordinates":[11.5799,48.10081]}},{"type":"Feature","properties":{"name":"Dipl. Psych. Tanja Kretz-B\u00fcnese, Dr. med. Ursula Geisler","amenity":"Puskesmas"},"geometry":{"type":"Point","coordinates":[11.57987,48.10079]}},{"type":"Feature","properties":{"name":"Christina Prinz, M.A. Klara Josefin Grieshaber","amenity":"Puskesmas"},"geometry":{"type":"Point","coordinates":[11.57985,48.10078]}},{"type":"Feature","properties":{"name":"Dr. Ayla B\u00f6l\u00fck-Molocher","amenity":"Klinik"},"geometry":{"type":"Point","coordinates":[11.57938,48.09957]}},{"type":"Feature","properties":{"name":"Praxis f\u00fcr Logop\u00e4die Verena R\u00f6der","amenity":"Klinik"},"geometry":{"type":"Point","coordinates":[11.5818,48.10328]}},{"type":"Feature","properties":{"name":"Ergotherapie R\u00f6der","amenity":"Klinik"},"geometry":{"type":"Point","coordinates":[11.58169,48.10325]}},{"type":"Feature","properties":{"name":"Wiltrud Kayser","amenity":"Puskesmas"},"geometry":{"type":"Point","coordinates":[11.58173,48.1033]}},{"type":"Feature","properties":{"name":"Rehapy","amenity":"Puskesmas"},"geometry":{"type":"Point","coordinates":[11.58165,48.10328]}},{"type":"Feature","properties":{"name":"Dr. Karl-Heinz Gunzelmann","amenity":"Klinik"},"geometry":{"type":"Point","coordinates":[11.58175,48.10339]}},{"type":"Feature","properties":{"name":"Dr. Elisabeth Ertl","amenity":"Klinik"},"geometry":{"type":"Point","coordinates":[11.58175,48.10334]}},{"type":"Feature","properties":{"name":"Dr. Hans-Peter Car","amenity":"Klinik"},"geometry":{"type":"Point","coordinates":[11.58163,48.10336]}},{"type":"Feature","properties":{"name":"OrthoPlus M\u00fcnchen","amenity":"Klinik"},"geometry":{"type":"Point","coordinates":[11.63329,48.09972]}},{"type":"Feature","properties":{"name":"Deutsches Schulterzentrum","amenity":"Klinik"},"geometry":{"type":"Point","coordinates":[11.63322,48.09973]}},{"type":"Feature","properties":{"name":"Excellent Center of Medicine","amenity":"Klinik"},"geometry":{"type":"Point","coordinates":[11.63314,48.09973]}},{"type":"Feature","properties":{"name":"Orthop\u00e4die Dr. Schettle","amenity":"Klinik"},"geometry":{"type":"Point","coordinates":[11.63306,48.09974]}},{"type":"Feature","properties":{"name":"Schulter-, Ellenbogenchirurgie","amenity":"Klinik"},"geometry":{"type":"Point","coordinates":[11.63298,48.09975]}},{"type":"Feature","properties":{"name":"Atos Neurologie Dr. Stichtmann","amenity":"Klinik"},"geometry":{"type":"Point","coordinates":[11.63247,48.09978]}},{"type":"Feature","properties":{"name":"Dr. Berthold Nordmann","amenity":"Puskesmas"},"geometry":{"type":"Point","coordinates":[11.6312,48.10002]}},{"type":"Feature","properties":{"name":"Kardiologie Perlach","amenity":"Klinik"},"geometry":{"type":"Point","coordinates":[11.63114,48.10003]}},{"type":"Feature","properties":{"name":"Geminschaftspraxis Dr. Fabel","amenity":"Klinik"},"geometry":{"type":"Point","coordinates":[11.63046,48.15455]}},{"type":"Feature","properties":{"name":"Orthop\u00e4die M\u00fcnchen Solln","amenity":"Klinik"},"geometry":{"type":"Point","coordinates":[11.52576,48.07953]}},{"type":"Feature","properties":{"name":"Gemeinschaftspraxis f\u00fcr Allgemeinmedizin","amenity":"Klinik"},"geometry":{"type":"Point","coordinates":[11.56064,48.13915]}},{"type":"Feature","properties":{"name":"Corona Covid19 Schnelltest","amenity":"Puskesmas"},"geometry":{"type":"Point","coordinates":[11.51996,48.09737]}},{"type":"Feature","properties":{"name":"HNO Praxis F\u00fcrstenried, Neuried, Solln, Planegg","amenity":"Klinik"},"geometry":{"type":"Point","coordinates":[11.47828,48.08664]}},{"type":"Feature","properties":{"name":"Dr. med. Michael Brijnen von Oldershausen","amenity":"Klinik"},"geometry":{"type":"Point","coordinates":[11.51998,48.07733]}},{"type":"Feature","properties":{"name":"Praxis f\u00fcr Zahnheilkunde | Thilo Mayer","amenity":"Puskesmas"},"geometry":{"type":"Point","coordinates":[11.66875,48.12296]}},{"type":"Feature","properties":{"name":"Zahnarztpraxis Dr. Ulrike Detter","amenity":"Puskesmas"},"geometry":{"type":"Point","coordinates":[11.58458,48.1816]}},{"type":"Feature","properties":{"name":"Dr. Fr\u00fchwein + Partner","amenity":"Klinik"},"geometry":{"type":"Point","coordinates":[11.57476,48.14288]}},{"type":"Feature","properties":{"name":"CoMedicum Lindwurmhof","amenity":"Puskesmas"},"geometry":{"type":"Point","coordinates":[11.54883,48.12487]}},{"type":"Feature","properties":{"name":"Algesiologikum MVZ","amenity":"Klinik"},"geometry":{"type":"Point","coordinates":[11.5697,48.15102]}},{"type":"Feature","properties":{"name":"Dr. med. W\u00fcnschmann","amenity":"Klinik"},"geometry":{"type":"Point","coordinates":[11.47951,48.11474]}},{"type":"Feature","properties":{"name":"Fachzahn\u00e4rzte f\u00fcr Oralchirurgie","amenity":"Klinik"},"geometry":{"type":"Point","coordinates":[11.47942,48.11478]}},{"type":"Feature","properties":{"name":"Zahnarztpraxis am F\u00e4rbergraben","amenity":"Puskesmas"},"geometry":{"type":"Point","coordinates":[11.57114,48.13774]}},{"type":"Feature","properties":{"name":"Avi Medical Hausarztpraxis","amenity":"Klinik"},"geometry":{"type":"Point","coordinates":[11.561,48.14168]}},{"type":"Feature","properties":{"name":"Dr.Thomas Schinkel Internist","amenity":"Klinik"},"geometry":{"type":"Point","coordinates":[11.54303,48.15945]}},{"type":"Feature","properties":{"name":"Dr. med. Kerstin K\u00fchnemund-Fincke Fach\u00e4rztin f\u00fcr Allgemeinmedizin Naturheilverfahren","amenity":"Klinik"},"geometry":{"type":"Point","coordinates":[11.54307,48.15947]}},{"type":"Feature","properties":{"name":"Dr. med. Michael Muscholl","amenity":"Klinik"},"geometry":{"type":"Point","coordinates":[11.52659,48.07757]}},{"type":"Feature","properties":{"name":"Dental Labor","amenity":"Puskesmas"},"geometry":{"type":"Point","coordinates":[11.60225,48.10809]}},{"type":"Feature","properties":{"name":"Hatem El Oued","amenity":"Puskesmas"},"geometry":{"type":"Point","coordinates":[11.59578,48.10266]}},{"type":"Feature","properties":{"name":"Die Milchzahn-Stra\u00dfe","amenity":"Puskesmas"},"geometry":{"type":"Point","coordinates":[11.54812,48.19325]}},{"type":"Feature","properties":{"name":"Vident","amenity":"Puskesmas"},"geometry":{"type":"Point","coordinates":[11.5823,48.1611]}},{"type":"Feature","properties":{"name":"Physio 360\u00b0","amenity":"Puskesmas"},"geometry":{"type":"Point","coordinates":[11.52793,48.10002]}},{"type":"Feature","properties":{"name":"Psychotherapeutische Medizin","amenity":"Klinik"},"geometry":{"type":"Point","coordinates":[11.52796,48.09996]}},{"type":"Feature","properties":{"name":"Praxis f\u00fcr Physiotherapie - Anja Becker","amenity":"Puskesmas"},"geometry":{"type":"Point","coordinates":[11.47809,48.08834]}},{"type":"Feature","properties":{"name":"Dres. Fuchsbrunner","amenity":"Puskesmas"},"geometry":{"type":"Point","coordinates":[11.5652,48.17355]}},{"type":"Feature","properties":{"name":"VivaQ MVZ Sonnenstra\u00dfe","amenity":"Klinik"},"geometry":{"type":"Point","coordinates":[11.56624,48.13487]}},{"type":"Feature","properties":{"name":"Hausarztpraxis Dr. Natasa Tosic","amenity":"Klinik"},"geometry":{"type":"Point","coordinates":[11.70026,48.11216]}},{"type":"Feature","properties":{"name":"Tanpa Nama","amenity":"Klinik"},"geometry":{"type":"Point","coordinates":[11.55759,48.20685]}},{"type":"Feature","properties":{"name":"Dr. Andreas Bartelt","amenity":"Puskesmas"},"geometry":{"type":"Point","coordinates":[11.61988,48.15189]}},{"type":"Feature","properties":{"name":"HNO Prinz-Bruchhage","amenity":"Klinik"},"geometry":{"type":"Point","coordinates":[11.58701,48.16204]}},{"type":"Feature","properties":{"name":"Eckert","amenity":"Klinik"},"geometry":{"type":"Point","coordinates":[11.58663,48.16619]}},{"type":"Feature","properties":{"name":"Dr. med. Johan-Erik Timmermann","amenity":"Klinik"},"geometry":{"type":"Point","coordinates":[11.50983,48.1357]}},{"type":"Feature","properties":{"name":"Beratungsgesellschaft f\u00fcr Arbeits- und Gesundheitsschutz","amenity":"Puskesmas"},"geometry":{"type":"Point","coordinates":[11.50126,48.14303]}},{"type":"Feature","properties":{"name":"Privatpraxis Dr. Scheib M\u00fcnchen","amenity":"Klinik"},"geometry":{"type":"Point","coordinates":[11.62438,48.16718]}},{"type":"Feature","properties":{"name":"Frauenarztpraxis Dr. M\u00f6ller","amenity":"Klinik"},"geometry":{"type":"Point","coordinates":[11.56686,48.13974]}},{"type":"Feature","properties":{"name":"Praxis Dr. P\u00e9rez","amenity":"Klinik"},"geometry":{"type":"Point","coordinates":[11.57835,48.10925]}},{"type":"Feature","properties":{"name":"Praxisgemeinschaft f\u00fcr Psychotherapie","amenity":"Klinik"},"geometry":{"type":"Point","coordinates":[11.55715,48.09012]}},{"type":"Feature","properties":{"name":"Zahninsel","amenity":"Puskesmas"},"geometry":{"type":"Point","coordinates":[11.53273,48.15204]}},{"type":"Feature","properties":{"name":"Zahninsel an der M\u00fcnchner Freiheit","amenity":"Puskesmas"},"geometry":{"type":"Point","coordinates":[11.58956,48.16354]}},{"type":"Feature","properties":{"name":"Georg Bretzel D.O. (BAO)","amenity":"Puskesmas"},"geometry":{"type":"Point","coordinates":[11.47855,48.08733]}},{"type":"Feature","properties":{"name":"Praxis von Tulechov","amenity":"Klinik"},"geometry":{"type":"Point","coordinates":[11.59073,48.16471]}},{"type":"Feature","properties":{"name":"Dr. Alice Diedrich","amenity":"Puskesmas"},"geometry":{"type":"Point","coordinates":[11.57181,48.15932]}},{"type":"Feature","properties":{"name":"RaumZeit","amenity":"Puskesmas"},"geometry":{"type":"Point","coordinates":[11.57187,48.15931]}},{"type":"Feature","properties":{"name":"Dr. med. Jutta Barucchieri","amenity":"Klinik"},"geometry":{"type":"Point","coordinates":[11.57192,48.1593]}},{"type":"Feature","properties":{"name":"Dr. med. Gilda Bickert","amenity":"Klinik"},"geometry":{"type":"Point","coordinates":[11.57196,48.15929]}},{"type":"Feature","properties":{"name":"Dipl.-Psych. Nadia Barucchieri","amenity":"Puskesmas"},"geometry":{"type":"Point","coordinates":[11.5718,48.1593]}},{"type":"Feature","properties":{"name":"Annette Fulda","amenity":"Klinik"},"geometry":{"type":"Point","coordinates":[11.57186,48.15929]}},{"type":"Feature","properties":{"name":"Dipl. Psych. Anna-Luisa Thaler","amenity":"Puskesmas"},"geometry":{"type":"Point","coordinates":[11.57191,48.15928]}},{"type":"Feature","properties":{"name":"Dr. Gr\u00f6ninger F.A.","amenity":"Klinik"},"geometry":{"type":"Point","coordinates":[11.57195,48.15926]}},{"type":"Feature","properties":{"name":"Marcella Ammerschlager","amenity":"Puskesmas"},"geometry":{"type":"Point","coordinates":[11.57178,48.15927]}},{"type":"Feature","properties":{"name":"Nicole Aufdermauer","amenity":"Puskesmas"},"geometry":{"type":"Point","coordinates":[11.57183,48.15923]}},{"type":"Feature","properties":{"name":"Maria-Angelika Kitzmantel","amenity":"Puskesmas"},"geometry":{"type":"Point","coordinates":[11.57188,48.15922]}},{"type":"Feature","properties":{"name":"Steve Ziemann","amenity":"Puskesmas"},"geometry":{"type":"Point","coordinates":[11.57192,48.15921]}},{"type":"Feature","properties":{"name":"Irene Sturm","amenity":"Puskesmas"},"geometry":{"type":"Point","coordinates":[11.57177,48.15924]}},{"type":"Feature","properties":{"name":"Birgit Schramm","amenity":"Puskesmas"},"geometry":{"type":"Point","coordinates":[11.57182,48.15921]}},{"type":"Feature","properties":{"name":"Dipl.-Psych. Margarete Hoffsten","amenity":"Puskesmas"},"geometry":{"type":"Point","coordinates":[11.57187,48.1592]}},{"type":"Feature","properties":{"name":"Seerosenpraxis","amenity":"Puskesmas"},"geometry":{"type":"Point","coordinates":[11.57191,48.15919]}},{"type":"Feature","properties":{"name":"Dipl. Psych. Tanja Laurent-Ducroq","amenity":"Puskesmas"},"geometry":{"type":"Point","coordinates":[11.57187,48.15914]}},{"type":"Feature","properties":{"name":"Dipl.-Psych. Diana Wei\u00df","amenity":"Puskesmas"},"geometry":{"type":"Point","coordinates":[11.57176,48.15921]}},{"type":"Feature","properties":{"name":"Dr. Tobias Biller","amenity":"Klinik"},"geometry":{"type":"Point","coordinates":[11.57181,48.15919]}},{"type":"Feature","properties":{"name":"Dr. Thomas Dietl","amenity":"Klinik"},"geometry":{"type":"Point","coordinates":[11.57185,48.15918]}},{"type":"Feature","properties":{"name":"Dipl.-Psych. Tobias Baumann","amenity":"Puskesmas"},"geometry":{"type":"Point","coordinates":[11.5719,48.15916]}},{"type":"Feature","properties":{"name":"Dipl.-Psych. Katrin Albert","amenity":"Puskesmas"},"geometry":{"type":"Point","coordinates":[11.57175,48.15919]}},{"type":"Feature","properties":{"name":"Praxisgemeinschaft f\u00fcr Psychotherapie Giesing","amenity":"Puskesmas"},"geometry":{"type":"Point","coordinates":[11.58632,48.11319]}},{"type":"Feature","properties":{"name":"Dr. Ingo Eckert","amenity":"Puskesmas"},"geometry":{"type":"Point","coordinates":[11.67328,48.08578]}},{"type":"Feature","properties":{"name":"Dr. Hiller","amenity":"Klinik"},"geometry":{"type":"Point","coordinates":[11.45565,48.14963]}},{"type":"Feature","properties":{"name":"Tanpa Nama","amenity":"Klinik"},"geometry":{"type":"Point","coordinates":[11.57999,48.11604]}},{"type":"Feature","properties":{"name":"Dr. Med. Dent.Walter Rothlauf","amenity":"Puskesmas"},"geometry":{"type":"Point","coordinates":[11.54345,48.12315]}},{"type":"Feature","properties":{"name":"Somos","amenity":"Puskesmas"},"geometry":{"type":"Point","coordinates":[11.54681,48.12349]}},{"type":"Feature","properties":{"name":"Medithera","amenity":"Puskesmas"},"geometry":{"type":"Point","coordinates":[11.54464,48.12113]}},{"type":"Feature","properties":{"name":"Dr. med. Dilek \u00d6naldi-Gildein","amenity":"Klinik"},"geometry":{"type":"Point","coordinates":[11.60936,48.11775]}},{"type":"Feature","properties":{"name":"ZEP \u2013 Zentrum f\u00fcr Ern\u00e4hrungsmedizin und Pr\u00e4vention","amenity":"Klinik"},"geometry":{"type":"Point","coordinates":[11.5113,48.15666]}},{"type":"Feature","properties":{"name":"Dr. med. dent. Roland Plitt","amenity":"Puskesmas"},"geometry":{"type":"Point","coordinates":[11.4768,48.08729]}},{"type":"Feature","properties":{"name":"Orthop\u00e4die Dr. Vorauer","amenity":"Klinik"},"geometry":{"type":"Point","coordinates":[11.60795,48.13915]}},{"type":"Feature","properties":{"name":"Arztpraxis Karl-Heinz Grziwa","amenity":"Klinik"},"geometry":{"type":"Point","coordinates":[11.55045,48.10954]}},{"type":"Feature","properties":{"name":"Dr. med. Werner M\u00fcndel","amenity":"Klinik"},"geometry":{"type":"Point","coordinates":[11.51875,48.1763]}},{"type":"Feature","properties":{"name":"Mundo Sano","amenity":"Puskesmas"},"geometry":{"type":"Point","coordinates":[11.54263,48.13522]}},{"type":"Feature","properties":{"name":"MVZ im Helios","amenity":"Klinik"},"geometry":{"type":"Point","coordinates":[11.54309,48.16286]}},{"type":"Feature","properties":{"name":"Neuropsychiatrisches Zentrum Riem","amenity":"Klinik"},"geometry":{"type":"Point","coordinates":[11.68767,48.13507]}},{"type":"Feature","properties":{"name":"Zahnarztpraxis Dr. Feimer","amenity":"Puskesmas"},"geometry":{"type":"Point","coordinates":[11.56519,48.16746]}},{"type":"Feature","properties":{"name":"Diana Apotheke","amenity":"Puskesmas"},"geometry":{"type":"Point","coordinates":[11.56888,48.09381]}},{"type":"Feature","properties":{"name":"Gastroenterologie am Isartor","amenity":"Klinik"},"geometry":{"type":"Point","coordinates":[11.58354,48.13447]}},{"type":"Feature","properties":{"name":"Hausarzt Praxis am Wettersteinplatz","amenity":"Klinik"},"geometry":{"type":"Point","coordinates":[11.57594,48.10949]}},{"type":"Feature","properties":{"name":"Dr. med Rudolf Wagner - Internist","amenity":"Klinik"},"geometry":{"type":"Point","coordinates":[11.57568,48.10962]}},{"type":"Feature","properties":{"name":"Eugnath","amenity":"Puskesmas"},"geometry":{"type":"Point","coordinates":[11.57554,48.10968]}},{"type":"Feature","properties":{"name":"Sylvia von Schnabel","amenity":"Puskesmas"},"geometry":{"type":"Point","coordinates":[11.53687,48.10883]}},{"type":"Feature","properties":{"name":"Praxis f\u00fcr Podologie & med. Fu\u00dfpflege A. Schrank","amenity":"Puskesmas"},"geometry":{"type":"Point","coordinates":[11.57842,48.12984]}},{"type":"Feature","properties":{"name":"Revitalis","amenity":"Puskesmas"},"geometry":{"type":"Point","coordinates":[11.66314,48.10207]}},{"type":"Feature","properties":{"name":"H\u00f6lscher","amenity":"Puskesmas"},"geometry":{"type":"Point","coordinates":[11.66342,48.10209]}},{"type":"Feature","properties":{"name":"Dr. med. Carlyn Krieg Haus\u00e4rztin - Allergologie","amenity":"Klinik"},"geometry":{"type":"Point","coordinates":[11.56833,48.13479]}},{"type":"Feature","properties":{"name":"Kinderundjugenarztpraxis","amenity":"Klinik"},"geometry":{"type":"Point","coordinates":[11.56787,48.13443]}},{"type":"Feature","properties":{"name":"Hilda Wittmann","amenity":"Klinik"},"geometry":{"type":"Point","coordinates":[11.56789,48.13441]}},{"type":"Feature","properties":{"name":"Kieferorthop\u00e4die am Tor","amenity":"Puskesmas"},"geometry":{"type":"Point","coordinates":[11.56794,48.13435]}},{"type":"Feature","properties":{"name":"Zahnarztpraxis Dr. Hauber","amenity":"Puskesmas"},"geometry":{"type":"Point","coordinates":[11.46297,48.15109]}},{"type":"Feature","properties":{"name":"rheumapraxis M\u00fcnchen-Pasing","amenity":"Klinik"},"geometry":{"type":"Point","coordinates":[11.46271,48.15066]}},{"type":"Feature","properties":{"name":"Praxisklinik M\u00fcnchen-Pasing","amenity":"Klinik"},"geometry":{"type":"Point","coordinates":[11.46261,48.15065]}},{"type":"Feature","properties":{"name":"Pasinger Haus\u00e4rzte","amenity":"Klinik"},"geometry":{"type":"Point","coordinates":[11.4626,48.15067]}},{"type":"Feature","properties":{"name":"Praxis f\u00fcr Plastische Chirurgie","amenity":"Klinik"},"geometry":{"type":"Point","coordinates":[11.46259,48.15069]}},{"type":"Feature","properties":{"name":"Dr. med. Klaus Heinrichs","amenity":"Puskesmas"},"geometry":{"type":"Point","coordinates":[11.50813,48.07812]}},{"type":"Feature","properties":{"name":"Dr.med.H.Sykora","amenity":"Klinik"},"geometry":{"type":"Point","coordinates":[11.53889,48.1586]}},{"type":"Feature","properties":{"name":"Dr. med Ben Cossham","amenity":"Klinik"},"geometry":{"type":"Point","coordinates":[11.54629,48.15942]}},{"type":"Feature","properties":{"name":"Dr. med. Eva Weidlich","amenity":"Klinik"},"geometry":{"type":"Point","coordinates":[11.54632,48.15938]}},{"type":"Feature","properties":{"name":"Schwarzlose und Klose Optik","amenity":"Puskesmas"},"geometry":{"type":"Point","coordinates":[11.54561,48.15977]}},{"type":"Feature","properties":{"name":"Ntiana Angelidou","amenity":"Puskesmas"},"geometry":{"type":"Point","coordinates":[11.58224,48.11753]}},{"type":"Feature","properties":{"name":"Fu\u00df-Schule M\u00fcnchen","amenity":"Puskesmas"},"geometry":{"type":"Point","coordinates":[11.58202,48.11689]}},{"type":"Feature","properties":{"name":"Dipl.-Psych. Stefanie Zodl/Michaela del Negro/Anke Berg/Judith von Sicard","amenity":"Puskesmas"},"geometry":{"type":"Point","coordinates":[11.58167,48.1166]}},{"type":"Feature","properties":{"name":"Zahn\u00e4rztin Chrisoula Maroulidou","amenity":"Puskesmas"},"geometry":{"type":"Point","coordinates":[11.5817,48.11663]}},{"type":"Feature","properties":{"name":"Augen\u00e4rztin A.M. Karakas","amenity":"Klinik"},"geometry":{"type":"Point","coordinates":[11.58164,48.11666]}},{"type":"Feature","properties":{"name":"Osteopathiepraxis Adah Gleich","amenity":"Puskesmas"},"geometry":{"type":"Point","coordinates":[11.57344,48.12901]}},{"type":"Feature","properties":{"name":"Kerstin Kellis","amenity":"Puskesmas"},"geometry":{"type":"Point","coordinates":[11.58211,48.11721]}},{"type":"Feature","properties":{"name":"Dr. med. A. Burde","amenity":"Klinik"},"geometry":{"type":"Point","coordinates":[11.57815,48.11339]}},{"type":"Feature","properties":{"name":"Anette Fahle","amenity":"Puskesmas"},"geometry":{"type":"Point","coordinates":[11.59283,48.13936]}},{"type":"Feature","properties":{"name":"Terzo-Zenrum","amenity":"Puskesmas"},"geometry":{"type":"Point","coordinates":[11.57144,48.13517]}},{"type":"Feature","properties":{"name":"Claudia Popp","amenity":"Puskesmas"},"geometry":{"type":"Point","coordinates":[11.58724,48.13603]}},{"type":"Feature","properties":{"name":"Gertrude Heyse","amenity":"Puskesmas"},"geometry":{"type":"Point","coordinates":[11.59279,48.13938]}},{"type":"Feature","properties":{"name":"Therapieraum","amenity":"Puskesmas"},"geometry":{"type":"Point","coordinates":[11.58644,48.13637]}},{"type":"Feature","properties":{"name":"Ulrike Patalla","amenity":"Puskesmas"},"geometry":{"type":"Point","coordinates":[11.59275,48.1394]}},{"type":"Feature","properties":{"name":"Arzt im Blick","amenity":"Klinik"},"geometry":{"type":"Point","coordinates":[11.53896,48.15626]}},{"type":"Feature","properties":{"name":"Dr. med. Liane Becker","amenity":"Klinik"},"geometry":{"type":"Point","coordinates":[11.58225,48.11796]}},{"type":"Feature","properties":{"name":"Dr. Seidt/Dr. Fischer-Tr\u00fcstedt/Dr. Breitfeld","amenity":"Klinik"},"geometry":{"type":"Point","coordinates":[11.58107,48.11687]}},{"type":"Feature","properties":{"name":"Anja Sch\u00e4fer","amenity":"Puskesmas"},"geometry":{"type":"Point","coordinates":[11.58105,48.11687]}},{"type":"Feature","properties":{"name":"Michael Schulte","amenity":"Puskesmas"},"geometry":{"type":"Point","coordinates":[11.58106,48.11689]}},{"type":"Feature","properties":{"name":"Dr. Dirk Hoffmann","amenity":"Puskesmas"},"geometry":{"type":"Point","coordinates":[11.56103,48.1419]}},{"type":"Feature","properties":{"name":"Dr. A. Simon","amenity":"Puskesmas"},"geometry":{"type":"Point","coordinates":[11.58032,48.11617]}},{"type":"Feature","properties":{"name":"Eleni A. Poutachidou","amenity":"Klinik"},"geometry":{"type":"Point","coordinates":[11.5803,48.11618]}},{"type":"Feature","properties":{"name":"Vital M\u00fcnchen","amenity":"Puskesmas"},"geometry":{"type":"Point","coordinates":[11.57791,48.11386]}},{"type":"Feature","properties":{"name":"praenatalschall.de","amenity":"Klinik"},"geometry":{"type":"Point","coordinates":[11.5803,48.11615]}},{"type":"Feature","properties":{"name":"H. Darvishi","amenity":"Puskesmas"},"geometry":{"type":"Point","coordinates":[11.5823,48.11943]}},{"type":"Feature","properties":{"name":"Dr. med. H. J. Reichenberger","amenity":"Klinik"},"geometry":{"type":"Point","coordinates":[11.57479,48.11744]}},{"type":"Feature","properties":{"name":"Gemeinschaftspraxis Fuchsbrunner","amenity":"Puskesmas"},"geometry":{"type":"Point","coordinates":[11.56549,48.17437]}},{"type":"Feature","properties":{"name":"Veronika B\u00fccherl","amenity":"Puskesmas"},"geometry":{"type":"Point","coordinates":[11.64554,48.10083]}},{"type":"Feature","properties":{"name":"Praxis f\u00fcr Physiotherapie Gabriele A. Schulz","amenity":"Puskesmas"},"geometry":{"type":"Point","coordinates":[11.63165,48.12673]}},{"type":"Feature","properties":{"name":"Kinder- und Jugendpsychiatrie Dr. Adam Alfred","amenity":"Klinik"},"geometry":{"type":"Point","coordinates":[11.53492,48.15269]}},{"type":"Feature","properties":{"name":"Institut f\u00fcr Venenbehandlung","amenity":"Klinik"},"geometry":{"type":"Point","coordinates":[11.53439,48.15229]}},{"type":"Feature","properties":{"name":"Dipl. psych. Christian Pr\u00e4g","amenity":"Puskesmas"},"geometry":{"type":"Point","coordinates":[11.53442,48.15228]}},{"type":"Feature","properties":{"name":"Dr. Walter Wittmann","amenity":"Puskesmas"},"geometry":{"type":"Point","coordinates":[11.53443,48.15231]}},{"type":"Feature","properties":{"name":"Dr. med. Ralf Fr\u00f6nicke","amenity":"Klinik"},"geometry":{"type":"Point","coordinates":[11.53439,48.15231]}},{"type":"Feature","properties":{"name":"Dr. Stein","amenity":"Klinik"},"geometry":{"type":"Point","coordinates":[11.60967,48.11788]}},{"type":"Feature","properties":{"name":"Naturheilpraxis Christine M\u00fcller","amenity":"Puskesmas"},"geometry":{"type":"Point","coordinates":[11.47911,48.08768]}},{"type":"Feature","properties":{"name":"Anna Schmidhuber","amenity":"Puskesmas"},"geometry":{"type":"Point","coordinates":[11.42062,48.15062]}},{"type":"Feature","properties":{"name":"Dr. med. Dr. med. univ. Benjamin Neumann","amenity":"Klinik"},"geometry":{"type":"Point","coordinates":[11.47534,48.09381]}},{"type":"Feature","properties":{"name":"Dr. med. Gabriele Kuba","amenity":"Klinik"},"geometry":{"type":"Point","coordinates":[11.49111,48.12011]}},{"type":"Feature","properties":{"name":"Heilpraktikerinnen","amenity":"Puskesmas"},"geometry":{"type":"Point","coordinates":[11.49111,48.12008]}},{"type":"Feature","properties":{"name":"Selcuk Kirman","amenity":"Klinik"},"geometry":{"type":"Point","coordinates":[11.49111,48.1201]}},{"type":"Feature","properties":{"name":"Frauenarzt","amenity":"Klinik"},"geometry":{"type":"Point","coordinates":[11.48327,48.11936]}},{"type":"Feature","properties":{"name":"Internist","amenity":"Klinik"},"geometry":{"type":"Point","coordinates":[11.48322,48.11936]}},{"type":"Feature","properties":{"name":"Zahnheilkunde","amenity":"Puskesmas"},"geometry":{"type":"Point","coordinates":[11.48332,48.11939]}},{"type":"Feature","properties":{"name":"Neurologie","amenity":"Klinik"},"geometry":{"type":"Point","coordinates":[11.48327,48.11939]}},{"type":"Feature","properties":{"name":"P\u00e4diatrie/Akupunktur;P\u00e4diatrie/Psychotherapie","amenity":"Klinik"},"geometry":{"type":"Point","coordinates":[11.48322,48.11938]}},{"type":"Feature","properties":{"name":"Orthop\u00e4die","amenity":"Klinik"},"geometry":{"type":"Point","coordinates":[11.48332,48.11941]}},{"type":"Feature","properties":{"name":"Dermatologie","amenity":"Klinik"},"geometry":{"type":"Point","coordinates":[11.48327,48.11941]}},{"type":"Feature","properties":{"name":"OsteoPlus | Physioplus","amenity":"Puskesmas"},"geometry":{"type":"Point","coordinates":[11.48322,48.11941]}},{"type":"Feature","properties":{"name":"Aglaia Koliou","amenity":"Puskesmas"},"geometry":{"type":"Point","coordinates":[11.57385,48.15914]}},{"type":"Feature","properties":{"name":"Praxis f\u00fcr Podologie","amenity":"Puskesmas"},"geometry":{"type":"Point","coordinates":[11.5745,48.15872]}},{"type":"Feature","properties":{"name":"Samina Schlafdiagnose & Schlafcoaching","amenity":"Puskesmas"},"geometry":{"type":"Point","coordinates":[11.57648,48.16033]}},{"type":"Feature","properties":{"name":"Salon Evi","amenity":"Puskesmas"},"geometry":{"type":"Point","coordinates":[11.60374,48.10822]}},{"type":"Feature","properties":{"name":"Atrium","amenity":"Puskesmas"},"geometry":{"type":"Point","coordinates":[11.57219,48.15724]}},{"type":"Feature","properties":{"name":"First-Physio","amenity":"Puskesmas"},"geometry":{"type":"Point","coordinates":[11.60004,48.13103]}},{"type":"Feature","properties":{"name":"Fachzahnarztpraxis f\u00fcr Kieferorthop\u00e4die","amenity":"Puskesmas"},"geometry":{"type":"Point","coordinates":[11.47894,48.11381]}},{"type":"Feature","properties":{"name":"Dr. Kerstin Dobrikat","amenity":"Klinik"},"geometry":{"type":"Point","coordinates":[11.56904,48.13787]}},{"type":"Feature","properties":{"name":"Dr. med. Petra Flursch\u00fctz","amenity":"Klinik"},"geometry":{"type":"Point","coordinates":[11.56234,48.0959]}},{"type":"Feature","properties":{"name":"Dr. Beshir Liben","amenity":"Klinik"},"geometry":{"type":"Point","coordinates":[11.47466,48.09057]}},{"type":"Feature","properties":{"name":"Dr. med. Andreas Beck","amenity":"Klinik"},"geometry":{"type":"Point","coordinates":[11.64369,48.10705]}},{"type":"Feature","properties":{"name":"Praxis Dr. Grassl","amenity":"Klinik"},"geometry":{"type":"Point","coordinates":[11.53033,48.09224]}},{"type":"Feature","properties":{"name":"praxis.ihbe","amenity":"Puskesmas"},"geometry":{"type":"Point","coordinates":[11.53035,48.09229]}},{"type":"Feature","properties":{"name":"Sportorthop\u00e4disches Zentrum M\u00fcnchen Sendling","amenity":"Klinik"},"geometry":{"type":"Point","coordinates":[11.53048,48.09258]}},{"type":"Feature","properties":{"name":"Haut-Venen-Center Solln","amenity":"Klinik"},"geometry":{"type":"Point","coordinates":[11.52378,48.09424]}},{"type":"Feature","properties":{"name":"Dr. Bruderhofer","amenity":"Puskesmas"},"geometry":{"type":"Point","coordinates":[11.52371,48.09422]}},{"type":"Feature","properties":{"name":"MediCenter Obersendling","amenity":"Klinik"},"geometry":{"type":"Point","coordinates":[11.52374,48.09421]}},{"type":"Feature","properties":{"name":"Dr. Thilemann","amenity":"Klinik"},"geometry":{"type":"Point","coordinates":[11.51892,48.08918]}},{"type":"Feature","properties":{"name":"Kinderarzt Dr. med. Peter Bartels","amenity":"Klinik"},"geometry":{"type":"Point","coordinates":[11.57208,48.1647]}},{"type":"Feature","properties":{"name":"Die Kinder\u00e4rzte M\u00fcnchen","amenity":"Klinik"},"geometry":{"type":"Point","coordinates":[11.5341,48.11435]}},{"type":"Feature","properties":{"name":"Praxisgemeinschaft f\u00fcr Psychotherapie von Godin, H\u00e4\u00dfner und Volk-Frings","amenity":"Puskesmas"},"geometry":{"type":"Point","coordinates":[11.56411,48.14883]}},{"type":"Feature","properties":{"name":"Praxis f\u00fcr Osteopathie","amenity":"Puskesmas"},"geometry":{"type":"Point","coordinates":[11.57134,48.16665]}},{"type":"Feature","properties":{"name":"Numia","amenity":"Puskesmas"},"geometry":{"type":"Point","coordinates":[11.57349,48.16586]}},{"type":"Feature","properties":{"name":"Dr. Gisela Kinner","amenity":"Klinik"},"geometry":{"type":"Point","coordinates":[11.57789,48.16703]}},{"type":"Feature","properties":{"name":"OSM","amenity":"Klinik"},"geometry":{"type":"Point","coordinates":[11.57789,48.16706]}},{"type":"Feature","properties":{"name":"jost hp","amenity":"Puskesmas"},"geometry":{"type":"Point","coordinates":[11.57452,48.16285]}},{"type":"Feature","properties":{"name":"Prof. Dr. K.-D. H\u00fcllemann","amenity":"Puskesmas"},"geometry":{"type":"Point","coordinates":[11.56067,48.17411]}},{"type":"Feature","properties":{"name":"Praxis f\u00fcr Physiotherapie & Osteopathie","amenity":"Puskesmas"},"geometry":{"type":"Point","coordinates":[11.57867,48.13588]}},{"type":"Feature","properties":{"name":"Orthop\u00e4die am Stiglmaierplatz","amenity":"Klinik"},"geometry":{"type":"Point","coordinates":[11.55786,48.14715]}},{"type":"Feature","properties":{"name":"Dr. Opitz & Dr. Stahl","amenity":"Klinik"},"geometry":{"type":"Point","coordinates":[11.61552,48.14578]}},{"type":"Feature","properties":{"name":"Physio Zentrum","amenity":"Puskesmas"},"geometry":{"type":"Point","coordinates":[11.54974,48.1121]}},{"type":"Feature","properties":{"name":"Kristine Braun Baby- und Kindergesundheit","amenity":"Puskesmas"},"geometry":{"type":"Point","coordinates":[11.55291,48.11248]}},{"type":"Feature","properties":{"name":"Dr. Marianne Brand","amenity":"Puskesmas"},"geometry":{"type":"Point","coordinates":[11.54888,48.15787]}},{"type":"Feature","properties":{"name":"Susanne Donhauser","amenity":"Puskesmas"},"geometry":{"type":"Point","coordinates":[11.54892,48.15787]}},{"type":"Feature","properties":{"name":"Psychotherapeutische Praxisgemeinschaft","amenity":"Puskesmas"},"geometry":{"type":"Point","coordinates":[11.57048,48.15967]}},{"type":"Feature","properties":{"name":"Praxis Dr. Weber","amenity":"Klinik"},"geometry":{"type":"Point","coordinates":[11.59619,48.13203]}},{"type":"Feature","properties":{"name":"Dr. Christof Keinath","amenity":"Klinik"},"geometry":{"type":"Point","coordinates":[11.58354,48.11942]}},{"type":"Feature","properties":{"name":"Dr. Matthias R\u00f6ckel, Dr. Bernadette Eder, Prof. Dr. Klaus Kr\u00fcger","amenity":"Klinik"},"geometry":{"type":"Point","coordinates":[11.58334,48.11939]}},{"type":"Feature","properties":{"name":"Sabine Eich-Rathfelder, Dr. Heidrun Albach","amenity":"Klinik"},"geometry":{"type":"Point","coordinates":[11.58336,48.11945]}},{"type":"Feature","properties":{"name":"Simone Latzel","amenity":"Puskesmas"},"geometry":{"type":"Point","coordinates":[11.58368,48.11945]}},{"type":"Feature","properties":{"name":"Dr. Kristina Frisch, Dr. Franziska Sch\u00e4fer","amenity":"Klinik"},"geometry":{"type":"Point","coordinates":[11.58357,48.11947]}},{"type":"Feature","properties":{"name":"Dr. Barbara Hertenberger","amenity":"Klinik"},"geometry":{"type":"Point","coordinates":[11.58359,48.11951]}},{"type":"Feature","properties":{"name":"Physiotherapie & Handrehabilitation","amenity":"Puskesmas"},"geometry":{"type":"Point","coordinates":[11.60518,48.1333]}},{"type":"Feature","properties":{"name":"Apotheke im ZAM","amenity":"Puskesmas"},"geometry":{"type":"Point","coordinates":[11.41,48.1412]}},{"type":"Feature","properties":{"name":"Hausarztpraxis am Romanplatz","amenity":"Klinik"},"geometry":{"type":"Point","coordinates":[11.51236,48.15506]}},{"type":"Feature","properties":{"name":"Esin G\u00f6ze","amenity":"Puskesmas"},"geometry":{"type":"Point","coordinates":[11.56733,48.17993]}},{"type":"Feature","properties":{"name":"Dr. Constantin von Mutzenbacher","amenity":"Klinik"},"geometry":{"type":"Point","coordinates":[11.53453,48.13369]}},{"type":"Feature","properties":{"name":"HNO Gemeinschaftspraxis","amenity":"Klinik"},"geometry":{"type":"Point","coordinates":[11.57567,48.14351]}},{"type":"Feature","properties":{"name":"Praxis an der Uni","amenity":"Klinik"},"geometry":{"type":"Point","coordinates":[11.58362,48.15012]}},{"type":"Feature","properties":{"name":"Dr. med. Ulrich Pischa","amenity":"Klinik"},"geometry":{"type":"Point","coordinates":[11.57202,48.15874]}},{"type":"Feature","properties":{"name":"Maximilian Schwinn","amenity":"Klinik"},"geometry":{"type":"Point","coordinates":[11.57153,48.15803]}},{"type":"Feature","properties":{"name":"Marisa Sieger","amenity":"Puskesmas"},"geometry":{"type":"Point","coordinates":[11.63712,48.10812]}},{"type":"Feature","properties":{"name":"Dr. Elena Doru","amenity":"Klinik"},"geometry":{"type":"Point","coordinates":[11.63701,48.10812]}},{"type":"Feature","properties":{"name":"S\u00fcdblick Augenzentrum","amenity":"Klinik"},"geometry":{"type":"Point","coordinates":[11.5316,48.1559]}},{"type":"Feature","properties":{"name":"Kinderarztpraxis Kallmann & Kohl","amenity":"Klinik"},"geometry":{"type":"Point","coordinates":[11.55143,48.1138]}},{"type":"Feature","properties":{"name":"Krisendienst Psychiatrie Oberbayern","amenity":"Puskesmas"},"geometry":{"type":"Point","coordinates":[11.5515,48.11374]}},{"type":"Feature","properties":{"name":"Geimeinschaftspraxis-Trudering","amenity":"Klinik"},"geometry":{"type":"Point","coordinates":[11.71171,48.11092]}},{"type":"Feature","properties":{"name":"Zentrum f\u00fcr AltersZahnMedizin","amenity":"Puskesmas"},"geometry":{"type":"Point","coordinates":[11.66053,48.09883]}},{"type":"Feature","properties":{"name":"Gyn\u00e4kologische Praxis Ackermann","amenity":"Klinik"},"geometry":{"type":"Point","coordinates":[11.52727,48.15727]}},{"type":"Feature","properties":{"name":"Revitalis","amenity":"Puskesmas"},"geometry":{"type":"Point","coordinates":[11.64435,48.10666]}},{"type":"Feature","properties":{"name":"Dr. Karin Fr\u00f6hlich","amenity":"Puskesmas"},"geometry":{"type":"Point","coordinates":[11.57967,48.1583]}},{"type":"Feature","properties":{"name":"Katharina Hinkelmann","amenity":"Puskesmas"},"geometry":{"type":"Point","coordinates":[11.57963,48.15828]}},{"type":"Feature","properties":{"name":"Osteopathie Wegerhoff","amenity":"Puskesmas"},"geometry":{"type":"Point","coordinates":[11.57168,48.16223]}},{"type":"Feature","properties":{"name":"HNO Harras Dr. med Olcay Dagdelen","amenity":"Klinik"},"geometry":{"type":"Point","coordinates":[11.54032,48.11725]}},{"type":"Feature","properties":{"name":"Zahnarztpraxis Bhatti","amenity":"Puskesmas"},"geometry":{"type":"Point","coordinates":[11.61029,48.11827]}},{"type":"Feature","properties":{"name":"Chinesische Medizin, Akupunktur Ern\u00e4hrungsmedizin (SAMA)","amenity":"Klinik"},"geometry":{"type":"Point","coordinates":[11.52542,48.1619]}},{"type":"Feature","properties":{"name":"Atos Starmed Physiotherapie","amenity":"Puskesmas"},"geometry":{"type":"Point","coordinates":[11.63253,48.09977]}},{"type":"Feature","properties":{"name":"Dr. med. Stefan Wolfer","amenity":"Klinik"},"geometry":{"type":"Point","coordinates":[11.57109,48.16714]}},{"type":"Feature","properties":{"name":"Thomas Schmidt","amenity":"Puskesmas"},"geometry":{"type":"Point","coordinates":[11.57178,48.1671]}},{"type":"Feature","properties":{"name":"Gesine Plate","amenity":"Puskesmas"},"geometry":{"type":"Point","coordinates":[11.6027,48.14916]}},{"type":"Feature","properties":{"name":"Dr. med. Michael W. Reith","amenity":"Puskesmas"},"geometry":{"type":"Point","coordinates":[11.60211,48.14499]}},{"type":"Feature","properties":{"name":"Dr. med. Michalis Vavelidis","amenity":"Klinik"},"geometry":{"type":"Point","coordinates":[11.5953,48.13488]}},{"type":"Feature","properties":{"name":"Dr. med. J. Vogel-Kircher","amenity":"Puskesmas"},"geometry":{"type":"Point","coordinates":[11.59469,48.13518]}},{"type":"Feature","properties":{"name":"Dipl. Psych. Irmela Tolk","amenity":"Puskesmas"},"geometry":{"type":"Point","coordinates":[11.59468,48.13518]}},{"type":"Feature","properties":{"name":"Privatpraxis Petra Veith","amenity":"Puskesmas"},"geometry":{"type":"Point","coordinates":[11.51901,48.08567]}},{"type":"Feature","properties":{"name":"Physiotherapie Stefan Unterberger & Kollegen","amenity":"Puskesmas"},"geometry":{"type":"Point","coordinates":[11.53461,48.1342]}},{"type":"Feature","properties":{"name":"Annegret Bischof, Fach\u00e4rztin f\u00fcr Kinder- und Jugendmedizin","amenity":"Klinik"},"geometry":{"type":"Point","coordinates":[11.71156,48.1109]}},{"type":"Feature","properties":{"name":"Dr. Marion Evers","amenity":"Puskesmas"},"geometry":{"type":"Point","coordinates":[11.71157,48.11087]}},{"type":"Feature","properties":{"name":"Tanpa Nama","amenity":"Klinik"},"geometry":{"type":"Point","coordinates":[11.71132,48.11072]}},{"type":"Feature","properties":{"name":"Gastroenterologische Fachpraxis \"Abdomen\"","amenity":"Klinik"},"geometry":{"type":"Point","coordinates":[11.71136,48.11086]}},{"type":"Feature","properties":{"name":"Dr. med. M. Kawat Allgemeinarztpraxis","amenity":"Klinik"},"geometry":{"type":"Point","coordinates":[11.54595,48.11975]}},{"type":"Feature","properties":{"name":"Dr. med. dent. Alireza Azad","amenity":"Puskesmas"},"geometry":{"type":"Point","coordinates":[11.52701,48.15806]}},{"type":"Feature","properties":{"name":"Tanpa Nama","amenity":"Puskesmas"},"geometry":{"type":"Point","coordinates":[11.52555,48.15611]}},{"type":"Feature","properties":{"name":"Ilone Angelika Fischer","amenity":"Puskesmas"},"geometry":{"type":"Point","coordinates":[11.52732,48.15797]}},{"type":"Feature","properties":{"name":"Praxis K\u00f6rpererleben Neuhausen","amenity":"Puskesmas"},"geometry":{"type":"Point","coordinates":[11.53531,48.15552]}},{"type":"Feature","properties":{"name":"HNO-Gemeinschaftspraxis","amenity":"Klinik"},"geometry":{"type":"Point","coordinates":[11.52625,48.15639]}},{"type":"Feature","properties":{"name":"Dr. med. Hermann Rast","amenity":"Klinik"},"geometry":{"type":"Point","coordinates":[11.52625,48.15636]}},{"type":"Feature","properties":{"name":"Praxis f\u00fcr Psychotherapie und Psychoanalyse","amenity":"Puskesmas"},"geometry":{"type":"Point","coordinates":[11.52226,48.15801]}},{"type":"Feature","properties":{"name":"Privatpraxis f\u00fcr Systemische Therapie","amenity":"Puskesmas"},"geometry":{"type":"Point","coordinates":[11.52223,48.15802]}},{"type":"Feature","properties":{"name":"Eva Henckmann","amenity":"Klinik"},"geometry":{"type":"Point","coordinates":[11.53588,48.14897]}},{"type":"Feature","properties":{"name":"Udo Puccini","amenity":"Klinik"},"geometry":{"type":"Point","coordinates":[11.53577,48.14896]}},{"type":"Feature","properties":{"name":"face + foot","amenity":"Puskesmas"},"geometry":{"type":"Point","coordinates":[11.53639,48.14954]}},{"type":"Feature","properties":{"name":"Kinderarztpraxis Der Rabendoktor","amenity":"Klinik"},"geometry":{"type":"Point","coordinates":[11.46418,48.15082]}},{"type":"Feature","properties":{"name":"HERZ IM ZENTRUM","amenity":"Klinik"},"geometry":{"type":"Point","coordinates":[11.58356,48.13748]}},{"type":"Feature","properties":{"name":"logop\u025b\u02b9d\u026a:","amenity":"Puskesmas"},"geometry":{"type":"Point","coordinates":[11.54844,48.12618]}},{"type":"Feature","properties":{"name":"Augenzentrum Eckert","amenity":"Klinik"},"geometry":{"type":"Point","coordinates":[11.56292,48.13961]}},{"type":"Feature","properties":{"name":"Kristin Rohmeder","amenity":"Puskesmas"},"geometry":{"type":"Point","coordinates":[11.57374,48.16238]}},{"type":"Feature","properties":{"name":"Esther Berke","amenity":"Klinik"},"geometry":{"type":"Point","coordinates":[11.57389,48.16328]}},{"type":"Feature","properties":{"name":"Physiotherapiepraxis Theresa Haser/Werk","amenity":"Puskesmas"},"geometry":{"type":"Point","coordinates":[11.54364,48.11931]}},{"type":"Feature","properties":{"name":"Zentrum f\u00fcr Coaching, Kinesiologie, Geistiges Heilen","amenity":"Puskesmas"},"geometry":{"type":"Point","coordinates":[11.54208,48.11672]}},{"type":"Feature","properties":{"name":"Dr. Wolfgang Thalhofer","amenity":"Puskesmas"},"geometry":{"type":"Point","coordinates":[11.54085,48.11825]}},{"type":"Feature","properties":{"name":"Psychotherapie Daiser5","amenity":"Puskesmas"},"geometry":{"type":"Point","coordinates":[11.54416,48.12137]}},{"type":"Feature","properties":{"name":"Gemeinschaftspraxis Psychotherapie","amenity":"Puskesmas"},"geometry":{"type":"Point","coordinates":[11.54371,48.12174]}},{"type":"Feature","properties":{"name":"Dr. med. Nasrin Rahimi Sh.","amenity":"Klinik"},"geometry":{"type":"Point","coordinates":[11.54097,48.11825]}},{"type":"Feature","properties":{"name":"Vogel Thomas Krankengymnastik Physikalische Therapie","amenity":"Puskesmas"},"geometry":{"type":"Point","coordinates":[11.6763,48.07974]}},{"type":"Feature","properties":{"name":"Dr. med. Elisabeth Maier","amenity":"Klinik"},"geometry":{"type":"Point","coordinates":[11.57371,48.16641]}},{"type":"Feature","properties":{"name":"Dr. Moritz Bock","amenity":"Puskesmas"},"geometry":{"type":"Point","coordinates":[11.57475,48.15842]}},{"type":"Feature","properties":{"name":"St. Helens","amenity":"Puskesmas"},"geometry":{"type":"Point","coordinates":[11.54043,48.11963]}},{"type":"Feature","properties":{"name":"Physio am Harras","amenity":"Puskesmas"},"geometry":{"type":"Point","coordinates":[11.54022,48.11848]}},{"type":"Feature","properties":{"name":"Kinder- und Jugendarztpraxis Dr. med. Lindner-Gajek und Dr. med. Maisch","amenity":"Klinik"},"geometry":{"type":"Point","coordinates":[11.54023,48.11858]}},{"type":"Feature","properties":{"name":"Dr. phil. Dipl. Psych. Cyrus Khamneifar","amenity":"Puskesmas"},"geometry":{"type":"Point","coordinates":[11.54034,48.11954]}},{"type":"Feature","properties":{"name":"Psychotherapeutische Praxisgemeinschaft","amenity":"Puskesmas"},"geometry":{"type":"Point","coordinates":[11.54034,48.11951]}},{"type":"Feature","properties":{"name":"Praxis f\u00fcr Psychotherapie M\u00fcnchen","amenity":"Puskesmas"},"geometry":{"type":"Point","coordinates":[11.54036,48.11973]}},{"type":"Feature","properties":{"name":"Dr. Harald Psenicka","amenity":"Puskesmas"},"geometry":{"type":"Point","coordinates":[11.53854,48.12067]}},{"type":"Feature","properties":{"name":"Psychotherapie und Psychoanalyse","amenity":"Puskesmas"},"geometry":{"type":"Point","coordinates":[11.54024,48.12145]}},{"type":"Feature","properties":{"name":"Michaela Rieger","amenity":"Puskesmas"},"geometry":{"type":"Point","coordinates":[11.54074,48.12108]}},{"type":"Feature","properties":{"name":"Dr. med. W. Bernhardt","amenity":"Klinik"},"geometry":{"type":"Point","coordinates":[11.5404,48.12043]}},{"type":"Feature","properties":{"name":"Fachinternistischen Gemeinschaftspraxis am Harras","amenity":"Klinik"},"geometry":{"type":"Point","coordinates":[11.53922,48.11642]}},{"type":"Feature","properties":{"name":"Marianowicz Zentrum","amenity":"Klinik"},"geometry":{"type":"Point","coordinates":[11.60416,48.14876]}},{"type":"Feature","properties":{"name":"Augenarztpraxis Dr. C. Weiershaus","amenity":"Klinik"},"geometry":{"type":"Point","coordinates":[11.60645,48.14868]}},{"type":"Feature","properties":{"name":"Dr. med. dent. Dominik Klein","amenity":"Puskesmas"},"geometry":{"type":"Point","coordinates":[11.60633,48.1486]}},{"type":"Feature","properties":{"name":"Dr. med. Aurel Rambeck","amenity":"Klinik"},"geometry":{"type":"Point","coordinates":[11.60227,48.12892]}},{"type":"Feature","properties":{"name":"Dr. Dipsche","amenity":"Puskesmas"},"geometry":{"type":"Point","coordinates":[11.51188,48.1577]}},{"type":"Feature","properties":{"name":"Gemeinschaftspraxis Dr. Schmidt & Klaus Quiteck\"","amenity":"Klinik"},"geometry":{"type":"Point","coordinates":[11.46138,48.18873]}},{"type":"Feature","properties":{"name":"frank.focusing","amenity":"Puskesmas"},"geometry":{"type":"Point","coordinates":[11.46569,48.1796]}},{"type":"Feature","properties":{"name":"Praxis f\u00fcr Ganzheitsmedizin","amenity":"Puskesmas"},"geometry":{"type":"Point","coordinates":[11.57246,48.16616]}},{"type":"Feature","properties":{"name":"Dr. Helmut Galster","amenity":"Puskesmas"},"geometry":{"type":"Point","coordinates":[11.56803,48.16342]}},{"type":"Feature","properties":{"name":"Physikalische Therapie","amenity":"Puskesmas"},"geometry":{"type":"Point","coordinates":[11.56451,48.16873]}},{"type":"Feature","properties":{"name":"Dr. med. J. Schapperer","amenity":"Klinik"},"geometry":{"type":"Point","coordinates":[11.46162,48.15164]}},{"type":"Feature","properties":{"name":"Dr. med. Alexandra de Polo-Schapperer","amenity":"Klinik"},"geometry":{"type":"Point","coordinates":[11.46162,48.15161]}},{"type":"Feature","properties":{"name":"Dr. phil. Sabine Anna Saalfeld","amenity":"Puskesmas"},"geometry":{"type":"Point","coordinates":[11.46162,48.15166]}},{"type":"Feature","properties":{"name":"Dr. med. Lois Hoegl","amenity":"Klinik"},"geometry":{"type":"Point","coordinates":[11.56602,48.15548]}},{"type":"Feature","properties":{"name":"Naturheilpraxis Sieglinde Rundbuchner","amenity":"Puskesmas"},"geometry":{"type":"Point","coordinates":[11.50799,48.13086]}},{"type":"Feature","properties":{"name":"Diabeteszentrum M\u00fcnchen S\u00fcd","amenity":"Klinik"},"geometry":{"type":"Point","coordinates":[11.50392,48.08281]}},{"type":"Feature","properties":{"name":"Dijana von Conta","amenity":"Puskesmas"},"geometry":{"type":"Point","coordinates":[11.50374,48.09028]}},{"type":"Feature","properties":{"name":"Caroline Fischer","amenity":"Puskesmas"},"geometry":{"type":"Point","coordinates":[11.56233,48.15402]}},{"type":"Feature","properties":{"name":"Praxis f\u00fcr Osteopathie und Naturheilkunde","amenity":"Puskesmas"},"geometry":{"type":"Point","coordinates":[11.56253,48.16374]}},{"type":"Feature","properties":{"name":"Besser Bewegen","amenity":"Puskesmas"},"geometry":{"type":"Point","coordinates":[11.56509,48.16675]}},{"type":"Feature","properties":{"name":"Physis","amenity":"Puskesmas"},"geometry":{"type":"Point","coordinates":[11.5662,48.15445]}},{"type":"Feature","properties":{"name":"Orthop\u00e4die in Schwabing","amenity":"Klinik"},"geometry":{"type":"Point","coordinates":[11.56602,48.15546]}},{"type":"Feature","properties":{"name":"Gemeinschaft f\u00fcr Psychotherapie","amenity":"Puskesmas"},"geometry":{"type":"Point","coordinates":[11.57943,48.16729]}},{"type":"Feature","properties":{"name":"Zahnmedizin am Bonner Platz","amenity":"Puskesmas"},"geometry":{"type":"Point","coordinates":[11.57942,48.16733]}},{"type":"Feature","properties":{"name":"Dr. med. dent. Andrea Failer","amenity":"Puskesmas"},"geometry":{"type":"Point","coordinates":[11.5703,48.16248]}},{"type":"Feature","properties":{"name":"Dr. med. Reiner R\u00f6hl","amenity":"Klinik"},"geometry":{"type":"Point","coordinates":[11.57756,48.16693]}},{"type":"Feature","properties":{"name":"Physiopraxis Schwabing","amenity":"Puskesmas"},"geometry":{"type":"Point","coordinates":[11.57734,48.16696]}},{"type":"Feature","properties":{"name":"Naturheilpraxis","amenity":"Puskesmas"},"geometry":{"type":"Point","coordinates":[11.5766,48.16706]}},{"type":"Feature","properties":{"name":"Dr. med. Axel-J. Potempa","amenity":"Klinik"},"geometry":{"type":"Point","coordinates":[11.57635,48.1671]}},{"type":"Feature","properties":{"name":"Chiropraktik Gabelberger","amenity":"Puskesmas"},"geometry":{"type":"Point","coordinates":[11.56522,48.16432]}},{"type":"Feature","properties":{"name":"Hausarztzentrum Schwabing - Dr. Robert Mutschler","amenity":"Klinik"},"geometry":{"type":"Point","coordinates":[11.56472,48.16433]}},{"type":"Feature","properties":{"name":"Schmerzpraxis Schwabing","amenity":"Klinik"},"geometry":{"type":"Point","coordinates":[11.57272,48.16143]}},{"type":"Feature","properties":{"name":"Stachus Apotheke am Goetheplatz","amenity":"Puskesmas"},"geometry":{"type":"Point","coordinates":[11.5594,48.12913]}},{"type":"Feature","properties":{"name":"CryoArts","amenity":"Puskesmas"},"geometry":{"type":"Point","coordinates":[11.60766,48.12351]}},{"type":"Feature","properties":{"name":"Andrea Angel","amenity":"Puskesmas"},"geometry":{"type":"Point","coordinates":[11.50558,48.07701]}},{"type":"Feature","properties":{"name":"Zahnarztpraxis f\u00fcr Kinder, Dr. med. dent. Beatris ZAGREAN","amenity":"Puskesmas"},"geometry":{"type":"Point","coordinates":[11.59693,48.13575]}},{"type":"Feature","properties":{"name":"Sp\u00fcrbar Osteopathie","amenity":"Puskesmas"},"geometry":{"type":"Point","coordinates":[11.59124,48.16091]}},{"type":"Feature","properties":{"name":"Kinder- und Jugendarztpraxis Dr. med. Arcan Demircioglu","amenity":"Klinik"},"geometry":{"type":"Point","coordinates":[11.64412,48.10173]}},{"type":"Feature","properties":{"name":"Gastroenterologie im Josephinum","amenity":"Klinik"},"geometry":{"type":"Point","coordinates":[11.58202,48.14547]}},{"type":"Feature","properties":{"name":"Tanpa Nama","amenity":"Puskesmas"},"geometry":{"type":"Point","coordinates":[11.62649,48.1172]}},{"type":"Feature","properties":{"name":"Geburtshaus Pasing","amenity":"Puskesmas"},"geometry":{"type":"Point","coordinates":[11.45319,48.15445]}},{"type":"Feature","properties":{"name":"Janine Walz","amenity":"Puskesmas"},"geometry":{"type":"Point","coordinates":[11.57465,48.16132]}},{"type":"Feature","properties":{"name":"Therapiezentrum f\u00fcr H\u00f6rgesch\u00e4digte, Praxis Hanik","amenity":"Puskesmas"},"geometry":{"type":"Point","coordinates":[11.50338,48.1387]}},{"type":"Feature","properties":{"name":"Zahnarzt Prinzregentenplatz - Dr. Viola Hirsch","amenity":"Puskesmas"},"geometry":{"type":"Point","coordinates":[11.60836,48.13706]}},{"type":"Feature","properties":{"name":"Praxis Dr. Anke Jodl","amenity":"Klinik"},"geometry":{"type":"Point","coordinates":[11.63911,48.10038]}},{"type":"Feature","properties":{"name":"Dr. med. Ulrike Wirsching","amenity":"Klinik"},"geometry":{"type":"Point","coordinates":[11.63098,48.09835]}},{"type":"Feature","properties":{"name":"Hausarztpraxis Unter der Linde","amenity":"Klinik"},"geometry":{"type":"Point","coordinates":[11.61777,48.18869]}},{"type":"Feature","properties":{"name":"Zentrum f\u00fcr Zahnmedizin Schwabing","amenity":"Puskesmas"},"geometry":{"type":"Point","coordinates":[11.57764,48.16493]}},{"type":"Feature","properties":{"name":"Orthop\u00e4die Neuhausen","amenity":"Klinik"},"geometry":{"type":"Point","coordinates":[11.54516,48.15043]}},{"type":"Feature","properties":{"name":"Tanpa Nama","amenity":"Klinik"},"geometry":{"type":"Point","coordinates":[11.58526,48.14241]}},{"type":"Feature","properties":{"name":"Oberberg Tagesklinik M\u00fcnchen Bogenhausen","amenity":"Klinik"},"geometry":{"type":"Point","coordinates":[11.60104,48.14481]}},{"type":"Feature","properties":{"name":"Sch\u00f6n Klinik Tagesklinik","amenity":"Klinik"},"geometry":{"type":"Point","coordinates":[11.61346,48.13604]}},{"type":"Feature","properties":{"name":"Naturheilpraxis J\u00fcrgen Degenhardt Heilpraktiker","amenity":"Puskesmas"},"geometry":{"type":"Point","coordinates":[11.52601,48.15607]}},{"type":"Feature","properties":{"name":"Pneumologie Solln","amenity":"Klinik"},"geometry":{"type":"Point","coordinates":[11.50417,48.08233]}},{"type":"Feature","properties":{"name":"Prof. Dr. med Werner Keyl","amenity":"Klinik"},"geometry":{"type":"Point","coordinates":[11.61955,48.15165]}},{"type":"Feature","properties":{"name":"Dr. Krause und Kollegen","amenity":"Klinik"},"geometry":{"type":"Point","coordinates":[11.61955,48.15169]}},{"type":"Feature","properties":{"name":"Arabelle-Dent","amenity":"Klinik"},"geometry":{"type":"Point","coordinates":[11.61955,48.15168]}},{"type":"Feature","properties":{"name":"Blutspendedienst des Bayerischen Roten Kreuzes","amenity":"Puskesmas"},"geometry":{"type":"Point","coordinates":[11.55548,48.13389]}},{"type":"Feature","properties":{"name":"Praxis f\u00fcr Innere Medizin Gastroenterologie","amenity":"Klinik"},"geometry":{"type":"Point","coordinates":[11.52774,48.07991]}},{"type":"Feature","properties":{"name":"Aestheticum Stachus","amenity":"Klinik"},"geometry":{"type":"Point","coordinates":[11.56693,48.13974]}},{"type":"Feature","properties":{"name":"Dr. Med. Dent. Elke Hagemann/ Dr. Julia Wiendl","amenity":"Puskesmas"},"geometry":{"type":"Point","coordinates":[11.47934,48.11696]}},{"type":"Feature","properties":{"name":"H\u00e4mostasikum M\u00fcnchen","amenity":"Klinik"},"geometry":{"type":"Point","coordinates":[11.47978,48.12254]}},{"type":"Feature","properties":{"name":"Ursula Eberl, Kinder- und Jugendlichenpsychotherapeutin, Praxis f\u00fcr Psychotherapie und Beratung","amenity":"Puskesmas"},"geometry":{"type":"Point","coordinates":[11.55948,48.15417]}},{"type":"Feature","properties":{"name":"Orthop\u00e4die Dr. Patricia Singer","amenity":"Klinik"},"geometry":{"type":"Point","coordinates":[11.5745,48.13596]}},{"type":"Feature","properties":{"name":"Dr. med. Wolfgang M\u00fcller","amenity":"Klinik"},"geometry":{"type":"Point","coordinates":[11.53189,48.15289]}},{"type":"Feature","properties":{"name":"Medicus Apotheke","amenity":"Puskesmas"},"geometry":{"type":"Point","coordinates":[11.56866,48.1344]}},{"type":"Feature","properties":{"name":"Haus\u00e4rzte Pasing","amenity":"Klinik"},"geometry":{"type":"Point","coordinates":[11.46395,48.15054]}},{"type":"Feature","properties":{"name":"Schmerzwerkstatt M\u00fcnchen","amenity":"Klinik"},"geometry":{"type":"Point","coordinates":[11.49579,48.0952]}},{"type":"Feature","properties":{"name":"Dr. med. dent. Johanna Muhr","amenity":"Puskesmas"},"geometry":{"type":"Point","coordinates":[11.49584,48.0952]}},{"type":"Feature","properties":{"name":"Herzog Praxis f\u00fcr Gesundheit und Sch\u00f6nheit","amenity":"Puskesmas"},"geometry":{"type":"Point","coordinates":[11.49575,48.09528]}},{"type":"Feature","properties":{"name":"Dr. med. Jochen Noss","amenity":"Klinik"},"geometry":{"type":"Point","coordinates":[11.49592,48.09523]}},{"type":"Feature","properties":{"name":"Realeyes","amenity":"Klinik"},"geometry":{"type":"Point","coordinates":[11.49589,48.09521]}},{"type":"Feature","properties":{"name":"Dr. med. Franz Br\u00fcgel, Dr. med. Clemens Peyerl","amenity":"Klinik"},"geometry":{"type":"Point","coordinates":[11.49577,48.09523]}},{"type":"Feature","properties":{"name":"Dr. med. Markus Riemer, Dr. med. Julia Br\u00e4unling","amenity":"Klinik"},"geometry":{"type":"Point","coordinates":[11.49576,48.09526]}},{"type":"Feature","properties":{"name":"Janine Daniel","amenity":"Puskesmas"},"geometry":{"type":"Point","coordinates":[11.49582,48.09524]}},{"type":"Feature","properties":{"name":"Dipl. Psych. Univ. Barbara Daniel","amenity":"Klinik"},"geometry":{"type":"Point","coordinates":[11.49588,48.09532]}},{"type":"Feature","properties":{"name":"Dr. Ulrike Weinreich","amenity":"Puskesmas"},"geometry":{"type":"Point","coordinates":[11.49591,48.09533]}},{"type":"Feature","properties":{"name":"Dr. med. Iris G\u00e4rtner","amenity":"Klinik"},"geometry":{"type":"Point","coordinates":[11.49584,48.0953]}},{"type":"Feature","properties":{"name":"AGIB An\u00e4sthesiegemeinschaft in Bayern GbR","amenity":"Klinik"},"geometry":{"type":"Point","coordinates":[11.49579,48.09529]}},{"type":"Feature","properties":{"name":"Michaela Toussaint","amenity":"Klinik"},"geometry":{"type":"Point","coordinates":[11.5255,48.11157]}},{"type":"Feature","properties":{"name":"Haus\u00e4rztliche Gemeinschaftspraxis Des. Krist, Dr. Winklmann","amenity":"Klinik"},"geometry":{"type":"Point","coordinates":[11.52575,48.11159]}},{"type":"Feature","properties":{"name":"Zahnarztpraxis Dr. med. dient. Rudolf Zenz","amenity":"Puskesmas"},"geometry":{"type":"Point","coordinates":[11.52582,48.1116]}},{"type":"Feature","properties":{"name":"Orthop\u00e4dische Praxis Dr. Maja Jevtic","amenity":"Klinik"},"geometry":{"type":"Point","coordinates":[11.5257,48.1116]}},{"type":"Feature","properties":{"name":"Podologie Thomas Maier","amenity":"Puskesmas"},"geometry":{"type":"Point","coordinates":[11.52543,48.11156]}},{"type":"Feature","properties":{"name":"Frauenarztpraxis Julia Giesen","amenity":"Klinik"},"geometry":{"type":"Point","coordinates":[11.52553,48.11157]}},{"type":"Feature","properties":{"name":"Praxiszentrum Sendling","amenity":"Puskesmas"},"geometry":{"type":"Point","coordinates":[11.52542,48.11162]}},{"type":"Feature","properties":{"name":"Dr. med. Ralph Weber Facharzt f\u00fcr Psychosomatische Medizin Psychotherapie psychoanalyse DGPT","amenity":"Klinik"},"geometry":{"type":"Point","coordinates":[11.56324,48.14775]}},{"type":"Feature","properties":{"name":"Sabine H\u00f6nicke - Lersch Fach\u00e4rztin f\u00fcr Psychatrie Psychotherapie Psychoanalyse","amenity":"Klinik"},"geometry":{"type":"Point","coordinates":[11.56326,48.14776]}},{"type":"Feature","properties":{"name":"Dipl. - Psych. Peter Wallach Psychotherapie","amenity":"Puskesmas"},"geometry":{"type":"Point","coordinates":[11.56327,48.14774]}},{"type":"Feature","properties":{"name":"Dr. med. Lothar Scholz Facharzt f\u00fcr psychotherapeutische Medizin","amenity":"Klinik"},"geometry":{"type":"Point","coordinates":[11.56328,48.14774]}},{"type":"Feature","properties":{"name":"Vitalis Gesundheitscenter","amenity":"Puskesmas"},"geometry":{"type":"Point","coordinates":[11.54863,48.19154]}},{"type":"Feature","properties":{"name":"Tanpa Nama","amenity":"Puskesmas"},"geometry":{"type":"Point","coordinates":[11.51122,48.15767]}},{"type":"Feature","properties":{"name":"Naturheilpraxis Michael Neuperth","amenity":"Puskesmas"},"geometry":{"type":"Point","coordinates":[11.47991,48.11758]}},{"type":"Feature","properties":{"name":"Umbscheiden Ellenberger","amenity":"Puskesmas"},"geometry":{"type":"Point","coordinates":[11.66205,48.12556]}},{"type":"Feature","properties":{"name":"Podologische Praxis M.Steindl & Kosmetiks Monika Baier","amenity":"Puskesmas"},"geometry":{"type":"Point","coordinates":[11.66174,48.12564]}},{"type":"Feature","properties":{"name":"Hausarztpraxis Weeder","amenity":"Klinik"},"geometry":{"type":"Point","coordinates":[11.70567,48.11249]}},{"type":"Feature","properties":{"name":"Kinderarztpraxis","amenity":"Klinik"},"geometry":{"type":"Point","coordinates":[11.53121,48.15438]}},{"type":"Feature","properties":{"name":"RZM","amenity":"Klinik"},"geometry":{"type":"Point","coordinates":[11.54257,48.15099]}},{"type":"Feature","properties":{"name":"ZFOS","amenity":"Klinik"},"geometry":{"type":"Point","coordinates":[11.54248,48.15098]}},{"type":"Feature","properties":{"name":"nymphenburg 110","amenity":"Klinik"},"geometry":{"type":"Point","coordinates":[11.54247,48.15094]}},{"type":"Feature","properties":{"name":"KVB Bereitschaftspraxis M\u00fcnchen Klinik Harlaching, Kinder","amenity":"Klinik"},"geometry":{"type":"Point","coordinates":[11.5572,48.08554]}},{"type":"Feature","properties":{"name":"Akupunktur & TCM Naturheilpraxis Shang","amenity":"Puskesmas"},"geometry":{"type":"Point","coordinates":[11.54905,48.19203]}},{"type":"Feature","properties":{"name":"MZEB Medizinisches Zentrum f\u00fcr Erwachsene mit Behinderung","amenity":"Klinik"},"geometry":{"type":"Point","coordinates":[11.5876,48.10446]}},{"type":"Feature","properties":{"name":"Praxis f\u00fcr Naturheilkunde","amenity":"Puskesmas"},"geometry":{"type":"Point","coordinates":[11.56497,48.16564]}},{"type":"Feature","properties":{"name":"Dr. Bender","amenity":"Klinik"},"geometry":{"type":"Point","coordinates":[11.62768,48.1726]}},{"type":"Feature","properties":{"name":"Zahnarztpraxis","amenity":"Puskesmas"},"geometry":{"type":"Point","coordinates":[11.47636,48.11522]}},{"type":"Feature","properties":{"name":"Allgemein\u00e4rztin","amenity":"Klinik"},"geometry":{"type":"Point","coordinates":[11.47678,48.11518]}},{"type":"Feature","properties":{"name":"Tanpa Nama","amenity":"Puskesmas"},"geometry":{"type":"Point","coordinates":[11.4768,48.11517]}},{"type":"Feature","properties":{"name":"Naturheilpraxis","amenity":"Puskesmas"},"geometry":{"type":"Point","coordinates":[11.47681,48.11519]}},{"type":"Feature","properties":{"name":"3T Radiologie gro\u00dfhadern","amenity":"Klinik"},"geometry":{"type":"Point","coordinates":[11.47591,48.11371]}},{"type":"Feature","properties":{"name":"Tanpa Nama","amenity":"Klinik"},"geometry":{"type":"Point","coordinates":[11.4784,48.11527]}},{"type":"Feature","properties":{"name":"Tanpa Nama","amenity":"Puskesmas"},"geometry":{"type":"Point","coordinates":[11.47725,48.11394]}},{"type":"Feature","properties":{"name":"Privatpraxis f\u00fcr Psychotherapie","amenity":"Puskesmas"},"geometry":{"type":"Point","coordinates":[11.47791,48.11346]}},{"type":"Feature","properties":{"name":"zahnheilkunde & oralchirurgie","amenity":"Puskesmas"},"geometry":{"type":"Point","coordinates":[11.47858,48.1149]}},{"type":"Feature","properties":{"name":"Hautarztpraxis","amenity":"Klinik"},"geometry":{"type":"Point","coordinates":[11.47858,48.11488]}},{"type":"Feature","properties":{"name":"Naturheilpraxis Gro\u00dfhadern","amenity":"Puskesmas"},"geometry":{"type":"Point","coordinates":[11.47858,48.11487]}},{"type":"Feature","properties":{"name":"Therapie Insel","amenity":"Puskesmas"},"geometry":{"type":"Point","coordinates":[11.47836,48.11492]}},{"type":"Feature","properties":{"name":"Brigitte Georgii","amenity":"Puskesmas"},"geometry":{"type":"Point","coordinates":[11.54074,48.12107]}},{"type":"Feature","properties":{"name":"Dr. med. Ulrich Sachse","amenity":"Klinik"},"geometry":{"type":"Point","coordinates":[11.56249,48.14096]}},{"type":"Feature","properties":{"name":"Neurozentrum Pasing I","amenity":"Klinik"},"geometry":{"type":"Point","coordinates":[11.45913,48.14956]}},{"type":"Feature","properties":{"name":"Zahnarztpraxis Lochhausen","amenity":"Puskesmas"},"geometry":{"type":"Point","coordinates":[11.40678,48.17835]}},{"type":"Feature","properties":{"name":"Praxis f\u00fcr Psychoanalyse und Psychotherapie","amenity":"Klinik"},"geometry":{"type":"Point","coordinates":[11.57792,48.16593]}},{"type":"Feature","properties":{"name":"Bereitschaftspraxis der Kinder- und Jugend\u00e4rzte","amenity":"Klinik"},"geometry":{"type":"Point","coordinates":[11.57967,48.17082]}},{"type":"Feature","properties":{"name":"Fach\u00e4rztinnen f\u00fcr Kinder- und Jugendmedizin","amenity":"Klinik"},"geometry":{"type":"Point","coordinates":[11.58565,48.17071]}},{"type":"Feature","properties":{"name":"Dr. med. Wolfgang Dietrich","amenity":"Klinik"},"geometry":{"type":"Point","coordinates":[11.58568,48.1707]}},{"type":"Feature","properties":{"name":"Praxis Dr. Rohde","amenity":"Klinik"},"geometry":{"type":"Point","coordinates":[11.58564,48.17062]}},{"type":"Feature","properties":{"name":"Praxis f\u00fcr Zahnheilkunde","amenity":"Puskesmas"},"geometry":{"type":"Point","coordinates":[11.58614,48.16539]}},{"type":"Feature","properties":{"name":"Praxis f\u00fcr Osteopathie","amenity":"Puskesmas"},"geometry":{"type":"Point","coordinates":[11.56915,48.16361]}},{"type":"Feature","properties":{"name":"Praxis f\u00fcr Psychotherapie","amenity":"Puskesmas"},"geometry":{"type":"Point","coordinates":[11.56985,48.16179]}},{"type":"Feature","properties":{"name":"Petra Lukas","amenity":"Puskesmas"},"geometry":{"type":"Point","coordinates":[11.57106,48.16134]}},{"type":"Feature","properties":{"name":"Naturheilpraxis Ursula Vadas","amenity":"Puskesmas"},"geometry":{"type":"Point","coordinates":[11.5718,48.16135]}},{"type":"Feature","properties":{"name":"Psychologische Psychotherapie","amenity":"Puskesmas"},"geometry":{"type":"Point","coordinates":[11.57184,48.16134]}},{"type":"Feature","properties":{"name":"Psychologische Psychotherapie","amenity":"Puskesmas"},"geometry":{"type":"Point","coordinates":[11.5721,48.16112]}},{"type":"Feature","properties":{"name":"Prevention First Zentrum M\u00fcnchen","amenity":"Klinik"},"geometry":{"type":"Point","coordinates":[11.58443,48.17542]}},{"type":"Feature","properties":{"name":"Dr. phil. Annette Hunze","amenity":"Puskesmas"},"geometry":{"type":"Point","coordinates":[11.56862,48.13116]}},{"type":"Feature","properties":{"name":"Kati Schneeberg","amenity":"Puskesmas"},"geometry":{"type":"Point","coordinates":[11.56862,48.13114]}},{"type":"Feature","properties":{"name":"Gemeinschaftspraxis Dr. med. Walter Krebs, Lukas Krebs","amenity":"Klinik"},"geometry":{"type":"Point","coordinates":[11.61196,48.11624]}},{"type":"Feature","properties":{"name":"Tanpa Nama","amenity":"Puskesmas"},"geometry":{"type":"Point","coordinates":[11.57233,48.13032]}},{"type":"Feature","properties":{"name":"Heilpraxis","amenity":"Puskesmas"},"geometry":{"type":"Point","coordinates":[11.47952,48.11593]}},{"type":"Feature","properties":{"name":"Dr. Ramona Eden","amenity":"Puskesmas"},"geometry":{"type":"Point","coordinates":[11.57928,48.1268]}},{"type":"Feature","properties":{"name":"Weingast","amenity":"Klinik"},"geometry":{"type":"Point","coordinates":[11.57993,48.12641]}},{"type":"Feature","properties":{"name":"Psychotherapie Hannah Kunkel","amenity":"Puskesmas"},"geometry":{"type":"Point","coordinates":[11.57292,48.13644]}},{"type":"Feature","properties":{"name":"Daniel Manheim","amenity":"Puskesmas"},"geometry":{"type":"Point","coordinates":[11.57296,48.18114]}},{"type":"Feature","properties":{"name":"Werner Physikalisches Therapiezentrum","amenity":"Puskesmas"},"geometry":{"type":"Point","coordinates":[11.51214,48.18145]}},{"type":"Feature","properties":{"name":"Dr. Bettina Sommer","amenity":"Klinik"},"geometry":{"type":"Point","coordinates":[11.47955,48.11473]}},{"type":"Feature","properties":{"name":"Hautarzt-Praxis Prof.Dr.med. S. G. Pl\u00f6tz","amenity":"Klinik"},"geometry":{"type":"Point","coordinates":[11.56088,48.09147]}},{"type":"Feature","properties":{"name":"Psychotherapeutische Ambulanz der AVM gGmbH","amenity":"Puskesmas"},"geometry":{"type":"Point","coordinates":[11.58419,48.16083]}},{"type":"Feature","properties":{"name":"Dr. med. Diana Pl\u00f6rer","amenity":"Klinik"},"geometry":{"type":"Point","coordinates":[11.52801,48.16403]}},{"type":"Feature","properties":{"name":"Dr. med. Angela Schindelhauer","amenity":"Klinik"},"geometry":{"type":"Point","coordinates":[11.58047,48.16697]}},{"type":"Feature","properties":{"name":"Andreas Horban","amenity":"Klinik"},"geometry":{"type":"Point","coordinates":[11.57605,48.16683]}},{"type":"Feature","properties":{"name":"Frauke Niemann","amenity":"Puskesmas"},"geometry":{"type":"Point","coordinates":[11.57604,48.16682]}},{"type":"Feature","properties":{"name":"Orthop\u00e4dische Praxis M\u00fcnchen-Waldtrudering","amenity":"Klinik"},"geometry":{"type":"Point","coordinates":[11.70307,48.11244]}},{"type":"Feature","properties":{"name":"ZAR M\u00fcnchen Nord","amenity":"Puskesmas"},"geometry":{"type":"Point","coordinates":[11.56993,48.18819]}},{"type":"Feature","properties":{"name":"\u00c4rztehaus Nymphenburg Ambigon","amenity":"Klinik"},"geometry":{"type":"Point","coordinates":[11.50278,48.14694]}},{"type":"Feature","properties":{"name":"Dr. med. dent. Alexander Beyl","amenity":"Puskesmas"},"geometry":{"type":"Point","coordinates":[11.52901,48.16444]}},{"type":"Feature","properties":{"name":"Praxis Dr. Geyer","amenity":"Klinik"},"geometry":{"type":"Point","coordinates":[11.60082,48.12751]}},{"type":"Feature","properties":{"name":"Praxis an der W\u00fcrm","amenity":"Klinik"},"geometry":{"type":"Point","coordinates":[11.45957,48.19096]}},{"type":"Feature","properties":{"name":"Nikolina Baus","amenity":"Puskesmas"},"geometry":{"type":"Point","coordinates":[11.49633,48.08958]}},{"type":"Feature","properties":{"name":"Dr. med. Susanne Reicherzer","amenity":"Klinik"},"geometry":{"type":"Point","coordinates":[11.53597,48.15221]}},{"type":"Feature","properties":{"name":"Dr. med. Sabine Werfel","amenity":"Klinik"},"geometry":{"type":"Point","coordinates":[11.53594,48.15219]}},{"type":"Feature","properties":{"name":"Kirinus Ausbildungsambulanz","amenity":"Klinik"},"geometry":{"type":"Point","coordinates":[11.53602,48.1522]}},{"type":"Feature","properties":{"name":"Dr. Regine Noachtar","amenity":"Puskesmas"},"geometry":{"type":"Point","coordinates":[11.5361,48.15218]}},{"type":"Feature","properties":{"name":"Andrea Kutschera","amenity":"Puskesmas"},"geometry":{"type":"Point","coordinates":[11.53599,48.15217]}},{"type":"Feature","properties":{"name":"Martini Mayer","amenity":"Puskesmas"},"geometry":{"type":"Point","coordinates":[11.53602,48.15216]}},{"type":"Feature","properties":{"name":"Dr. med. Tobias Pinkau","amenity":"Klinik"},"geometry":{"type":"Point","coordinates":[11.53606,48.15219]}},{"type":"Feature","properties":{"name":"Dr. Tilo Bartels & Kollegen","amenity":"Puskesmas"},"geometry":{"type":"Point","coordinates":[11.57606,48.13935]}},{"type":"Feature","properties":{"name":"Dermatologie am Dom","amenity":"Klinik"},"geometry":{"type":"Point","coordinates":[11.57609,48.13934]}},{"type":"Feature","properties":{"name":"Dentale Technologie Alexander Fink","amenity":"Puskesmas"},"geometry":{"type":"Point","coordinates":[11.57615,48.13933]}},{"type":"Feature","properties":{"name":"ZVN-Zentrum f\u00fcr Verhaltenstherapie und Neuropsychologie","amenity":"Puskesmas"},"geometry":{"type":"Point","coordinates":[11.57733,48.14899]}},{"type":"Feature","properties":{"name":"ZVN Zentrum f\u00fcr Verhaltenstherapie und Neuropsychologie","amenity":"Puskesmas"},"geometry":{"type":"Point","coordinates":[11.63035,48.13055]}},{"type":"Feature","properties":{"name":"I. Schorsch","amenity":"Klinik"},"geometry":{"type":"Point","coordinates":[11.6386,48.12538]}},{"type":"Feature","properties":{"name":"Andrea Bachmeyer, Josef Kriesmair, Michaela Marschall, Lilian Ziegler","amenity":"Klinik"},"geometry":{"type":"Point","coordinates":[11.63859,48.12538]}},{"type":"Feature","properties":{"name":"Michael Schlenger, Angelika Weidenh\u00f6fer, Katrin Sachse, Alice Kolbinger","amenity":"Klinik"},"geometry":{"type":"Point","coordinates":[11.63861,48.12538]}},{"type":"Feature","properties":{"name":"Praxis f\u00fcr Dermatologie","amenity":"Klinik"},"geometry":{"type":"Point","coordinates":[11.53132,48.15271]}},{"type":"Feature","properties":{"name":"Physio In Der Messestadt","amenity":"Puskesmas"},"geometry":{"type":"Point","coordinates":[11.69731,48.1314]}},{"type":"Feature","properties":{"name":"Dermatologie & Phlebologie - Altstadt","amenity":"Klinik"},"geometry":{"type":"Point","coordinates":[11.57146,48.13772]}},{"type":"Feature","properties":{"name":"Augen\u00e4rztin","amenity":"Klinik"},"geometry":{"type":"Point","coordinates":[11.47598,48.1171]}},{"type":"Feature","properties":{"name":"Peter Paul Klinik","amenity":"Klinik"},"geometry":{"type":"Point","coordinates":[11.54334,48.15987]}},{"type":"Feature","properties":{"name":"Praxis Vitus Hanemann","amenity":"Klinik"},"geometry":{"type":"Point","coordinates":[11.595,48.10923]}},{"type":"Feature","properties":{"name":"Urologie am Pasinger Markt","amenity":"Klinik"},"geometry":{"type":"Point","coordinates":[11.46117,48.14774]}},{"type":"Feature","properties":{"name":"Labor Becker","amenity":"Puskesmas"},"geometry":{"type":"Point","coordinates":[11.57645,48.13669]}},{"type":"Feature","properties":{"name":"Augenarztpraxis David Hilbig","amenity":"Klinik"},"geometry":{"type":"Point","coordinates":[11.51752,48.18203]}},{"type":"Feature","properties":{"name":"Heilpraktikerpraxis Anita C. Bentele","amenity":"Puskesmas"},"geometry":{"type":"Point","coordinates":[11.52574,48.18185]}},{"type":"Feature","properties":{"name":"Lillizahn","amenity":"Puskesmas"},"geometry":{"type":"Point","coordinates":[11.4794,48.11422]}},{"type":"Feature","properties":{"name":"Bettina Gra\u00dfl","amenity":"Puskesmas"},"geometry":{"type":"Point","coordinates":[11.4794,48.11424]}},{"type":"Feature","properties":{"name":"PhysioTeam Sendling","amenity":"Puskesmas"},"geometry":{"type":"Point","coordinates":[11.54057,48.11747]}},{"type":"Feature","properties":{"name":"Dr. med. Christoph Hundemer","amenity":"Klinik"},"geometry":{"type":"Point","coordinates":[11.4665,48.1537]}},{"type":"Feature","properties":{"name":"Helios Endoskopie- und Endometriosezetnrum M\u00fcnchen","amenity":"Klinik"},"geometry":{"type":"Point","coordinates":[11.45636,48.14266]}},{"type":"Feature","properties":{"name":"Dr. med. Victoria Haberl","amenity":"Klinik"},"geometry":{"type":"Point","coordinates":[11.4564,48.14265]}},{"type":"Feature","properties":{"name":"Dr. Leiber","amenity":"Klinik"},"geometry":{"type":"Point","coordinates":[11.46851,48.15091]}},{"type":"Feature","properties":{"name":"Praxis im Chalet","amenity":"Klinik"},"geometry":{"type":"Point","coordinates":[11.45314,48.15505]}},{"type":"Feature","properties":{"name":"Praxisgemeinschaft Kirsten Wolff & Harry Holzer","amenity":"Puskesmas"},"geometry":{"type":"Point","coordinates":[11.43384,48.15095]}},{"type":"Feature","properties":{"name":"Arztpraxis","amenity":"Klinik"},"geometry":{"type":"Point","coordinates":[11.481,48.11081]}},{"type":"Feature","properties":{"name":"Mental Health Space","amenity":"Puskesmas"},"geometry":{"type":"Point","coordinates":[11.58062,48.15819]}},{"type":"Feature","properties":{"name":"Gyn\u00e4kologie am Goetheplatz","amenity":"Klinik"},"geometry":{"type":"Point","coordinates":[11.56089,48.12966]}},{"type":"Feature","properties":{"name":"Zahnarzt Dr. Jordan & Kollegen","amenity":"Puskesmas"},"geometry":{"type":"Point","coordinates":[11.64055,48.15695]}},{"type":"Feature","properties":{"name":"Gibisch","amenity":"Puskesmas"},"geometry":{"type":"Point","coordinates":[11.50046,48.1438]}},{"type":"Feature","properties":{"name":"\u00c4sthetik Zentrum Munich (AEZM)","amenity":"Klinik"},"geometry":{"type":"Point","coordinates":[11.57039,48.13754]}},{"type":"Feature","properties":{"name":"Herzogpark Klinik","amenity":"Klinik"},"geometry":{"type":"Point","coordinates":[11.61868,48.1504]}},{"type":"Feature","properties":{"name":"Dres. Rother & Kollegen","amenity":"Klinik"},"geometry":{"type":"Point","coordinates":[11.64411,48.1017]}},{"type":"Feature","properties":{"name":"Frauenarztpraxis Perlach","amenity":"Klinik"},"geometry":{"type":"Point","coordinates":[11.64413,48.10176]}},{"type":"Feature","properties":{"name":"Haus\u00e4rzte Internisten Neuperlach","amenity":"Klinik"},"geometry":{"type":"Point","coordinates":[11.64414,48.10179]}},{"type":"Feature","properties":{"name":"Dr. Almuth Mainka & Team","amenity":"Puskesmas"},"geometry":{"type":"Point","coordinates":[11.64415,48.10182]}},{"type":"Feature","properties":{"name":"Kieferorthop\u00e4die M\u00fcnchen","amenity":"Puskesmas"},"geometry":{"type":"Point","coordinates":[11.64416,48.10185]}},{"type":"Feature","properties":{"name":"Neurologie am Prinzregentenplatz - neuromuenchen","amenity":"Klinik"},"geometry":{"type":"Point","coordinates":[11.60624,48.13989]}},{"type":"Feature","properties":{"name":"Gyn\u00e4kologie Dr. med. Katharina Auffermann","amenity":"Klinik"},"geometry":{"type":"Point","coordinates":[11.64282,48.14728]}},{"type":"Feature","properties":{"name":"Kinderarztpraxis Dr. Johanna Herzog","amenity":"Klinik"},"geometry":{"type":"Point","coordinates":[11.57523,48.16062]}},{"type":"Feature","properties":{"name":"David Brauns - Physio Therapie Praxis","amenity":"Puskesmas"},"geometry":{"type":"Point","coordinates":[11.48318,48.17518]}},{"type":"Feature","properties":{"name":"H\u00f6rakustik Neumann","amenity":"Puskesmas"},"geometry":{"type":"Point","coordinates":[11.46143,48.1786]}},{"type":"Feature","properties":{"name":"Internistische Hausarztpraxis Trudering","amenity":"Klinik"},"geometry":{"type":"Point","coordinates":[11.6684,48.12248]}},{"type":"Feature","properties":{"name":"prophysio","amenity":"Puskesmas"},"geometry":{"type":"Point","coordinates":[11.6279,48.1728]}},{"type":"Feature","properties":{"name":"Gesundheitsdienst","amenity":"Puskesmas"},"geometry":{"type":"Point","coordinates":[11.46949,48.21677]}},{"type":"Feature","properties":{"name":"Lillizahn Kinder und Jugendzahnheilkunde","amenity":"Puskesmas"},"geometry":{"type":"Point","coordinates":[11.62572,48.17167]}},{"type":"Feature","properties":{"name":"Ad Astra","amenity":"Klinik"},"geometry":{"type":"Point","coordinates":[11.55245,48.14782]}},{"type":"Feature","properties":{"name":"Praxis Georg Soldner","amenity":"Klinik"},"geometry":{"type":"Point","coordinates":[11.46328,48.14315]}},{"type":"Feature","properties":{"name":"Vital DJ","amenity":"Puskesmas"},"geometry":{"type":"Point","coordinates":[11.58215,48.19369]}},{"type":"Feature","properties":{"name":"Moni Peer - Praxis f\u00fcr Neurochirurgie","amenity":"Klinik"},"geometry":{"type":"Point","coordinates":[11.57247,48.14093]}},{"type":"Feature","properties":{"name":"Regionales Schmerzzentrum - Dr. med. Richard Ibrahim","amenity":"Klinik"},"geometry":{"type":"Point","coordinates":[11.69126,48.13229]}},{"type":"Feature","properties":{"name":"Die Radiologie - Mammazentrum M\u00fcnchen","amenity":"Klinik"},"geometry":{"type":"Point","coordinates":[11.60627,48.13979]}},{"type":"Feature","properties":{"name":"Krankengymnastik Dold R\u00f6ssel Puschmann","amenity":"Puskesmas"},"geometry":{"type":"Point","coordinates":[11.54095,48.14982]}},{"type":"Feature","properties":{"name":"Dr. Ruck","amenity":"Puskesmas"},"geometry":{"type":"Point","coordinates":[11.56908,48.13787]}},{"type":"Feature","properties":{"name":"Praxis f\u00fcr Naturheilkunde M\u00fcller/Vogel","amenity":"Puskesmas"},"geometry":{"type":"Point","coordinates":[11.5415,48.11979]}},{"type":"Feature","properties":{"name":"Heilpraktiker Praxis Kosmetikstudio Mariella Kraft","amenity":"Puskesmas"},"geometry":{"type":"Point","coordinates":[11.5415,48.11977]}},{"type":"Feature","properties":{"name":"\u00c4sthetische Medizin","amenity":"Klinik"},"geometry":{"type":"Point","coordinates":[11.56166,48.15324]}},{"type":"Feature","properties":{"name":"Dr. med. Abarghooei","amenity":"Puskesmas"},"geometry":{"type":"Point","coordinates":[11.60199,48.17845]}},{"type":"Feature","properties":{"name":"My-Physio-Base","amenity":"Puskesmas"},"geometry":{"type":"Point","coordinates":[11.60072,48.17687]}},{"type":"Feature","properties":{"name":"Tanpa Nama","amenity":"Klinik"},"geometry":{"type":"Point","coordinates":[11.60138,48.17773]}},{"type":"Feature","properties":{"name":"dermatologie a-z","amenity":"Klinik"},"geometry":{"type":"Point","coordinates":[11.60419,48.14335]}},{"type":"Feature","properties":{"name":"Dr. med Georgios Georarakis","amenity":"Klinik"},"geometry":{"type":"Point","coordinates":[11.54231,48.13537]}},{"type":"Feature","properties":{"name":"Tina Engert","amenity":"Klinik"},"geometry":{"type":"Point","coordinates":[11.44696,48.1406]}},{"type":"Feature","properties":{"name":"Dr. med. Monika Aiblinger","amenity":"Klinik"},"geometry":{"type":"Point","coordinates":[11.47327,48.15918]}},{"type":"Feature","properties":{"name":"Dr. med. Steffen Rabe","amenity":"Klinik"},"geometry":{"type":"Point","coordinates":[11.46423,48.15081]}},{"type":"Feature","properties":{"name":"Dr. med. Kamil Vyhnalek","amenity":"Klinik"},"geometry":{"type":"Point","coordinates":[11.4722,48.14498]}},{"type":"Feature","properties":{"name":"Dr. Beckers Central Apotheke","amenity":"Puskesmas"},"geometry":{"type":"Point","coordinates":[11.5657,48.13889]}},{"type":"Feature","properties":{"name":"Haus\u00e4rzte M\u00fcnchen-Pasing","amenity":"Klinik"},"geometry":{"type":"Point","coordinates":[11.46399,48.14282]}},{"type":"Feature","properties":{"name":"Apothekerei","amenity":"Puskesmas"},"geometry":{"type":"Point","coordinates":[11.57457,48.1566]}},{"type":"Feature","properties":{"name":"Eduard Milke","amenity":"Puskesmas"},"geometry":{"type":"Point","coordinates":[11.55183,48.12608]}},{"type":"Feature","properties":{"name":"HNO Dr. med. Alfred Lierheimer","amenity":"Klinik"},"geometry":{"type":"Point","coordinates":[11.59949,48.12826]}},{"type":"Feature","properties":{"name":"Ihre Allgemeinmedizin in Nymphenburg","amenity":"Klinik"},"geometry":{"type":"Point","coordinates":[11.51202,48.15474]}},{"type":"Feature","properties":{"name":"Praxis Frauen\u00e4rztin Dr. Galit Birnbaum","amenity":"Klinik"},"geometry":{"type":"Point","coordinates":[11.63255,48.17358]}},{"type":"Feature","properties":{"name":"Naturheilpraxis f\u00fcr Traditionelle Chinesische Medizin","amenity":"Puskesmas"},"geometry":{"type":"Point","coordinates":[11.47852,48.08256]}},{"type":"Feature","properties":{"name":"Apotheke im Eichenhof","amenity":"Puskesmas"},"geometry":{"type":"Point","coordinates":[11.40629,48.17844]}},{"type":"Feature","properties":{"name":"Dr. med. Philipp von Heinemann","amenity":"Klinik"},"geometry":{"type":"Point","coordinates":[11.52336,48.09879]}},{"type":"Feature","properties":{"name":"Psychotherapeutisches Gesundheitszentrum","amenity":"Klinik"},"geometry":{"type":"Point","coordinates":[11.55799,48.12914]}},{"type":"Feature","properties":{"name":"Podologie","amenity":"Puskesmas"},"geometry":{"type":"Point","coordinates":[11.58662,48.1682]}},{"type":"Feature","properties":{"name":"Kieferchirurgie - Implantologie M\u00fcnchen","amenity":"Puskesmas"},"geometry":{"type":"Point","coordinates":[11.53827,48.15122]}},{"type":"Feature","properties":{"name":"Dr. med. Fabian Falkenstein","amenity":"Klinik"},"geometry":{"type":"Point","coordinates":[11.5346,48.12099]}},{"type":"Feature","properties":{"name":"Praxisgemeinschaft am Westpark","amenity":"Klinik"},"geometry":{"type":"Point","coordinates":[11.53471,48.12413]}},{"type":"Feature","properties":{"name":"Bickhofe und Funk","amenity":"Puskesmas"},"geometry":{"type":"Point","coordinates":[11.53481,48.12214]}},{"type":"Feature","properties":{"name":"Hals-/Nasen-/Ohrenklinik","amenity":"Klinik"},"geometry":{"type":"Point","coordinates":[11.56443,48.13435]}},{"type":"Feature","properties":{"name":"Reflexion","amenity":"Puskesmas"},"geometry":{"type":"Point","coordinates":[11.54551,48.1967]}},{"type":"Feature","properties":{"name":"Daniela Hadem-K\u00e4lber","amenity":"Puskesmas"},"geometry":{"type":"Point","coordinates":[11.5338,48.1223]}},{"type":"Feature","properties":{"name":"HP Carmen Stratmann","amenity":"Puskesmas"},"geometry":{"type":"Point","coordinates":[11.49672,48.0914]}},{"type":"Feature","properties":{"name":"Stenda Clinic","amenity":"Puskesmas"},"geometry":{"type":"Point","coordinates":[11.49657,48.08979]}},{"type":"Feature","properties":{"name":"Dr. Peter Bergauer","amenity":"Puskesmas"},"geometry":{"type":"Point","coordinates":[11.49691,48.08923]}},{"type":"Feature","properties":{"name":"Die Arche","amenity":"Puskesmas"},"geometry":{"type":"Point","coordinates":[11.56169,48.16448]}},{"type":"Feature","properties":{"name":"Urologische Gemeinschaftspraxis Dr. med Markus Kunisch Dr. med Markus Frimberger","amenity":"Klinik"},"geometry":{"type":"Point","coordinates":[11.52919,48.15409]}},{"type":"Feature","properties":{"name":"Kinderarztpraxis am Arabellapark","amenity":"Klinik"},"geometry":{"type":"Point","coordinates":[11.62037,48.15295]}},{"type":"Feature","properties":{"name":"Privatpraxis Dr. med univ. Hermann Dorigoni","amenity":"Klinik"},"geometry":{"type":"Point","coordinates":[11.46803,48.16494]}},{"type":"Feature","properties":{"name":"Dres. med. univ. Dorigoni","amenity":"Klinik"},"geometry":{"type":"Point","coordinates":[11.4681,48.16494]}},{"type":"Feature","properties":{"name":"Dr. med. univ. O. Flora","amenity":"Klinik"},"geometry":{"type":"Point","coordinates":[11.46812,48.16491]}},{"type":"Feature","properties":{"name":"heyzahn","amenity":"Puskesmas"},"geometry":{"type":"Point","coordinates":[11.47095,48.16491]}},{"type":"Feature","properties":{"name":"Urologie Obermenzing","amenity":"Klinik"},"geometry":{"type":"Point","coordinates":[11.47112,48.16496]}},{"type":"Feature","properties":{"name":"Hausarztpraxis","amenity":"Klinik"},"geometry":{"type":"Point","coordinates":[11.57629,48.16272]}},{"type":"Feature","properties":{"name":"Interdisziplin\u00e4re Fr\u00fchf\u00f6rderstelle M\u00fcnchen West","amenity":"Klinik"},"geometry":{"type":"Point","coordinates":[11.50291,48.14702]}},{"type":"Feature","properties":{"name":"Logowest","amenity":"Puskesmas"},"geometry":{"type":"Point","coordinates":[11.5028,48.14702]}},{"type":"Feature","properties":{"name":"Urologische Praxis Dr. Florian Thein","amenity":"Klinik"},"geometry":{"type":"Point","coordinates":[11.50272,48.14684]}},{"type":"Feature","properties":{"name":"Neurologie Dr. med. Franz W. Nowak","amenity":"Klinik"},"geometry":{"type":"Point","coordinates":[11.50269,48.14686]}},{"type":"Feature","properties":{"name":"Zoom - Orthop\u00e4die","amenity":"Klinik"},"geometry":{"type":"Point","coordinates":[11.50267,48.14688]}},{"type":"Feature","properties":{"name":"Dr. Thaller - Kieferorthop\u00e4die","amenity":"Klinik"},"geometry":{"type":"Point","coordinates":[11.50266,48.1469]}},{"type":"Feature","properties":{"name":"Frauenarzt Praxis Dr. med. Ph. Hederich","amenity":"Klinik"},"geometry":{"type":"Point","coordinates":[11.50267,48.14694]}},{"type":"Feature","properties":{"name":"HNO Praxis und Schlaflabor Dres. Hien Merz und Oliver B\u00fcrstner","amenity":"Klinik"},"geometry":{"type":"Point","coordinates":[11.50267,48.14697]}},{"type":"Feature","properties":{"name":"Dr. med. Sabine Anders","amenity":"Klinik"},"geometry":{"type":"Point","coordinates":[11.50268,48.147]}},{"type":"Feature","properties":{"name":"Physiotherapie Nymphenburg","amenity":"Puskesmas"},"geometry":{"type":"Point","coordinates":[11.50294,48.14688]}},{"type":"Feature","properties":{"name":"Kinet Med.","amenity":"Puskesmas"},"geometry":{"type":"Point","coordinates":[11.53381,48.12039]}},{"type":"Feature","properties":{"name":"Praxis K\u00f6rperleben","amenity":"Puskesmas"},"geometry":{"type":"Point","coordinates":[11.58856,48.16461]}},{"type":"Feature","properties":{"name":"Cell Spa Longevity Arztpraxis","amenity":"Klinik"},"geometry":{"type":"Point","coordinates":[11.5765,48.14058]}},{"type":"Feature","properties":{"name":"isarAOP","amenity":"Klinik"},"geometry":{"type":"Point","coordinates":[11.56611,48.13493]}},{"type":"Feature","properties":{"name":"Hauck & Vocks","amenity":"Klinik"},"geometry":{"type":"Point","coordinates":[11.6098,48.15133]}},{"type":"Feature","properties":{"name":"Dr. Peters","amenity":"Klinik"},"geometry":{"type":"Point","coordinates":[11.61381,48.13847]}},{"type":"Feature","properties":{"name":"Radiologisches Zentrum M\u00fcnchen - PET-CT","amenity":"Klinik"},"geometry":{"type":"Point","coordinates":[11.56446,48.13504]}},{"type":"Feature","properties":{"name":"H\u00e4matologie Onkologie M\u00fcnchen","amenity":"Klinik"},"geometry":{"type":"Point","coordinates":[11.50295,48.14692]}},{"type":"Feature","properties":{"name":"New Health Order","amenity":"Puskesmas"},"geometry":{"type":"Point","coordinates":[11.57225,48.16266]}},{"type":"Feature","properties":{"name":"Gyn\u00e4kologie Goetheplatz","amenity":"Klinik"},"geometry":{"type":"Point","coordinates":[11.55816,48.129]}},{"type":"Feature","properties":{"name":"Dr. med. M. D. Ghadieh","amenity":"Klinik"},"geometry":{"type":"Point","coordinates":[11.55814,48.12902]}},{"type":"Feature","properties":{"name":"Dr. med. Wolfgang Meierin","amenity":"Klinik"},"geometry":{"type":"Point","coordinates":[11.55808,48.12905]}},{"type":"Feature","properties":{"name":"ispz Hauner (integriertes sozialp\u00e4diatrisches Zentrum)","amenity":"Klinik"},"geometry":{"type":"Point","coordinates":[11.55804,48.12916]}},{"type":"Feature","properties":{"name":"PPPP","amenity":"Klinik"},"geometry":{"type":"Point","coordinates":[11.55797,48.12913]}},{"type":"Feature","properties":{"name":"checkupbox","amenity":"Puskesmas"},"geometry":{"type":"Point","coordinates":[11.6,48.08771]}},{"type":"Feature","properties":{"name":"HNO Praxis","amenity":"Klinik"},"geometry":{"type":"Point","coordinates":[11.56906,48.13488]}},{"type":"Feature","properties":{"name":"Volker Straub Psychotherapie (nach HeilprG)","amenity":"Puskesmas"},"geometry":{"type":"Point","coordinates":[11.57026,48.13236]}},{"type":"Feature","properties":{"name":"Zahnarztpraxis Dr. Faradjli","amenity":"Klinik"},"geometry":{"type":"Point","coordinates":[11.55511,48.13197]}},{"type":"Feature","properties":{"name":"Kieferorthop\u00e4die am Gasteig","amenity":"Puskesmas"},"geometry":{"type":"Point","coordinates":[11.59188,48.12972]}},{"type":"Feature","properties":{"name":"Zentrum f\u00fcr Angewandte Hypnose","amenity":"Puskesmas"},"geometry":{"type":"Point","coordinates":[11.56317,48.13349]}},{"type":"Feature","properties":{"name":"Psychotherapie, Supervision, Coaching. Rainer M\u00fcller & Maria Priella Karsten","amenity":"Puskesmas"},"geometry":{"type":"Point","coordinates":[11.56316,48.13356]}},{"type":"Feature","properties":{"name":"Margarete Keller O.D. & J\u00fcrgen Karle & Gabi Miethe","amenity":"Puskesmas"},"geometry":{"type":"Point","coordinates":[11.56329,48.13353]}},{"type":"Feature","properties":{"name":"Marie Ahrents","amenity":"Puskesmas"},"geometry":{"type":"Point","coordinates":[11.56322,48.13358]}},{"type":"Feature","properties":{"name":"Ali Zojaji","amenity":"Puskesmas"},"geometry":{"type":"Point","coordinates":[11.56324,48.13359]}},{"type":"Feature","properties":{"name":"Lisa Wagner-Zojaji","amenity":"Puskesmas"},"geometry":{"type":"Point","coordinates":[11.56323,48.13354]}},{"type":"Feature","properties":{"name":"Kompetenzzentrum barrierefreies Wohnen","amenity":"Puskesmas"},"geometry":{"type":"Point","coordinates":[11.6886,48.13814]}},{"type":"Feature","properties":{"name":"DRK Blutspendedienst","amenity":"Puskesmas"},"geometry":{"type":"Point","coordinates":[11.54731,48.1368]}},{"type":"Feature","properties":{"name":"HNO Praxis","amenity":"Klinik"},"geometry":{"type":"Point","coordinates":[11.56618,48.13515]}},{"type":"Feature","properties":{"name":"Praxis Logop\u00e4die","amenity":"Puskesmas"},"geometry":{"type":"Point","coordinates":[11.60764,48.12001]}},{"type":"Feature","properties":{"name":"Praxis f\u00fcr Physiotherapie Lymphzentrum Gro\u00dfhadern","amenity":"Puskesmas"},"geometry":{"type":"Point","coordinates":[11.48273,48.11502]}},{"type":"Feature","properties":{"name":"Privatpraxis f\u00fcr integrative Medizin","amenity":"Klinik"},"geometry":{"type":"Point","coordinates":[11.49046,48.1134]}},{"type":"Feature","properties":{"name":"Arztpraxis","amenity":"Klinik"},"geometry":{"type":"Point","coordinates":[11.49615,48.1124]}},{"type":"Feature","properties":{"name":"Praxis F\u00fcr Physiotherapie","amenity":"Puskesmas"},"geometry":{"type":"Point","coordinates":[11.49524,48.11261]}},{"type":"Feature","properties":{"name":"Radiologie M\u00fcnchen Nymphenburg","amenity":"Klinik"},"geometry":{"type":"Point","coordinates":[11.51211,48.15451]}},{"type":"Feature","properties":{"name":"Dr. Thomas Rausch","amenity":"Klinik"},"geometry":{"type":"Point","coordinates":[11.57393,48.13468]}},{"type":"Feature","properties":{"name":"HNO Solln","amenity":"Klinik"},"geometry":{"type":"Point","coordinates":[11.52655,48.07758]}},{"type":"Feature","properties":{"name":"HNO Solln","amenity":"Klinik"},"geometry":{"type":"Point","coordinates":[11.52652,48.07756]}},{"type":"Feature","properties":{"name":"Dr. Christopher E. Simonis","amenity":"Klinik"},"geometry":{"type":"Point","coordinates":[11.58558,48.17179]}},{"type":"Feature","properties":{"name":"Deirdre McGinley-Zorn","amenity":"Puskesmas"},"geometry":{"type":"Point","coordinates":[11.57464,48.16131]}},{"type":"Feature","properties":{"name":"JM Praxis","amenity":"Puskesmas"},"geometry":{"type":"Point","coordinates":[11.55807,48.14728]}},{"type":"Feature","properties":{"name":"PD Dr. Hennings","amenity":"Klinik"},"geometry":{"type":"Point","coordinates":[11.46119,48.14847]}},{"type":"Feature","properties":{"name":"Tanpa Nama","amenity":"Puskesmas"},"geometry":{"type":"Point","coordinates":[11.53432,48.15694]}},{"type":"Feature","properties":{"name":"Dr. Christian Reder","amenity":"Puskesmas"},"geometry":{"type":"Point","coordinates":[11.54492,48.13477]}},{"type":"Feature","properties":{"name":"Juri Meiler","amenity":"Puskesmas"},"geometry":{"type":"Point","coordinates":[11.54478,48.13478]}},{"type":"Feature","properties":{"name":"Praxis f\u00fcr Systemische Paar- und Familientherapie","amenity":"Puskesmas"},"geometry":{"type":"Point","coordinates":[11.5075,48.07825]}},{"type":"Feature","properties":{"name":"Praxis f\u00fcr Paar-, Familien- und Lebensberatung","amenity":"Puskesmas"},"geometry":{"type":"Point","coordinates":[11.50745,48.07822]}},{"type":"Feature","properties":{"name":"Psychotherapie M\u00fcnchen-S\u00fcd - Praxis f\u00fcr Kinder und Jugendliche","amenity":"Puskesmas"},"geometry":{"type":"Point","coordinates":[11.50743,48.07827]}},{"type":"Feature","properties":{"name":"Dermatologie Zentrum Prof. BRAUN-FALCO","amenity":"Klinik"},"geometry":{"type":"Point","coordinates":[11.55285,48.14892]}},{"type":"Feature","properties":{"name":"European Radiosurgery Center Munich","amenity":"Klinik"},"geometry":{"type":"Point","coordinates":[11.47382,48.10801]}},{"type":"Feature","properties":{"name":"Johannes-Hospiz M\u00fcnchen","amenity":"Klinik"},"geometry":{"type":"Point","coordinates":[11.51032,48.15731]}},{"type":"Feature","properties":{"name":"Tagesklinik Dr. med. Ute Sendler - Onkologie, H\u00e4matologie, Kardiologie","amenity":"Klinik"},"geometry":{"type":"Point","coordinates":[11.56462,48.13426]}},{"type":"Feature","properties":{"name":"Strahlentherapie Pasing - Praxis f\u00fcr Strahlentherapie","amenity":"Klinik"},"geometry":{"type":"Point","coordinates":[11.45413,48.14476]}},{"type":"Feature","properties":{"name":"Klinik f\u00fcr Suchtmedizin und Psychotherapie","amenity":"Klinik"},"geometry":{"type":"Point","coordinates":[11.57551,48.17057]}},{"type":"Feature","properties":{"name":"kbo-Klinik f\u00fcr Psychiatrie und Psychotherapie Nord","amenity":"Klinik"},"geometry":{"type":"Point","coordinates":[11.58005,48.1724]}},{"type":"Feature","properties":{"name":"kbo-Tagesklinik und Institutsambulanz Nord","amenity":"Klinik"},"geometry":{"type":"Point","coordinates":[11.58498,48.17549]}},{"type":"Feature","properties":{"name":"Podologie-Praxis Schrank","amenity":"Puskesmas"},"geometry":{"type":"Point","coordinates":[11.53537,48.12211]}},{"type":"Feature","properties":{"name":"Hubertusklinik Dr. M. Winterberg","amenity":"Klinik"},"geometry":{"type":"Point","coordinates":[11.58967,48.18374]}},{"type":"Feature","properties":{"name":"Dr. med. Frieder Br\u00fcckner","amenity":"Klinik"},"geometry":{"type":"Point","coordinates":[11.50517,48.15191]}},{"type":"Feature","properties":{"name":"Dr. Ralf Schicha","amenity":"Puskesmas"},"geometry":{"type":"Point","coordinates":[11.5697,48.16196]}},{"type":"Feature","properties":{"name":"Mantz / Piehler","amenity":"Puskesmas"},"geometry":{"type":"Point","coordinates":[11.54345,48.12503]}},{"type":"Feature","properties":{"name":"Dr. med. Renate Ruth Saur","amenity":"Klinik"},"geometry":{"type":"Point","coordinates":[11.50721,48.15238]}},{"type":"Feature","properties":{"name":"Dr. med. Alexander Schuck","amenity":"Klinik"},"geometry":{"type":"Point","coordinates":[11.51195,48.15789]}},{"type":"Feature","properties":{"name":"Irena Feldmann","amenity":"Klinik"},"geometry":{"type":"Point","coordinates":[11.46405,48.14622]}},{"type":"Feature","properties":{"name":"Zahndesign Barbutova","amenity":"Puskesmas"},"geometry":{"type":"Point","coordinates":[11.45439,48.14719]}},{"type":"Feature","properties":{"name":"Dr. Pia v. Hundelshausen","amenity":"Klinik"},"geometry":{"type":"Point","coordinates":[11.57221,48.10661]}},{"type":"Feature","properties":{"name":"Dr. med. Christoph Schmid","amenity":"Klinik"},"geometry":{"type":"Point","coordinates":[11.5025,48.13245]}},{"type":"Feature","properties":{"name":"Praxis f\u00fcr Physiotherapie und Osteopathie Steinert & Paul GbR","amenity":"Puskesmas"},"geometry":{"type":"Point","coordinates":[11.5344,48.12061]}},{"type":"Feature","properties":{"name":"Prof. Dr. Paschos","amenity":"Klinik"},"geometry":{"type":"Point","coordinates":[11.50194,48.11593]}},{"type":"Feature","properties":{"name":"Praxis f\u00fcr Kieferchirurgie und Implantologie","amenity":"Puskesmas"},"geometry":{"type":"Point","coordinates":[11.57115,48.16535]}},{"type":"Feature","properties":{"name":"Alexander Schauer, Praxis f\u00fcr Allgemeinmedizin","amenity":"Klinik"},"geometry":{"type":"Point","coordinates":[11.51968,48.08841]}},{"type":"Feature","properties":{"name":"Derma Concept","amenity":"Puskesmas"},"geometry":{"type":"Point","coordinates":[11.54252,48.15653]}},{"type":"Feature","properties":{"name":"Praxis f\u00fcr alternative K\u00f6rpertherapien","amenity":"Puskesmas"},"geometry":{"type":"Point","coordinates":[11.54042,48.1574]}},{"type":"Feature","properties":{"name":"Muscle Mind Concept","amenity":"Puskesmas"},"geometry":{"type":"Point","coordinates":[11.69565,48.11355]}},{"type":"Feature","properties":{"name":"Krankengymnastik-Praxis Sauerwein-K\u00e4stle","amenity":"Puskesmas"},"geometry":{"type":"Point","coordinates":[11.7067,48.11227]}},{"type":"Feature","properties":{"name":"Dr. med. dent. Helmut Kohlpaintner","amenity":"Puskesmas"},"geometry":{"type":"Point","coordinates":[11.69729,48.11488]}},{"type":"Feature","properties":{"name":"Frauen\u00e4rztin Wimbauer-M\u00fcller","amenity":"Klinik"},"geometry":{"type":"Point","coordinates":[11.7045,48.11292]}},{"type":"Feature","properties":{"name":"Dr. Martin Frank","amenity":"Puskesmas"},"geometry":{"type":"Point","coordinates":[11.706,48.1124]}},{"type":"Feature","properties":{"name":"Dental Labor","amenity":"Puskesmas"},"geometry":{"type":"Point","coordinates":[11.70654,48.1123]}},{"type":"Feature","properties":{"name":"Kieferorthop\u00e4die Dr. Stratesteffen","amenity":"Puskesmas"},"geometry":{"type":"Point","coordinates":[11.70752,48.11207]}},{"type":"Feature","properties":{"name":"Dr. med. Hofstetter","amenity":"Klinik"},"geometry":{"type":"Point","coordinates":[11.70815,48.11196]}},{"type":"Feature","properties":{"name":"Praxis f\u00fcr Naturheilkunde Nunner","amenity":"Puskesmas"},"geometry":{"type":"Point","coordinates":[11.70837,48.11192]}},{"type":"Feature","properties":{"name":"Linn Prevent","amenity":"Klinik"},"geometry":{"type":"Point","coordinates":[11.70842,48.11192]}},{"type":"Feature","properties":{"name":"Dr. Christian Toth","amenity":"Klinik"},"geometry":{"type":"Point","coordinates":[11.70655,48.11181]}},{"type":"Feature","properties":{"name":"Dr. Hans Abeken","amenity":"Puskesmas"},"geometry":{"type":"Point","coordinates":[11.53424,48.12198]}},{"type":"Feature","properties":{"name":"Allergie-Ambulanz","amenity":"Klinik"},"geometry":{"type":"Point","coordinates":[11.59286,48.16331]}},{"type":"Feature","properties":{"name":"Lichtabteilung","amenity":"Klinik"},"geometry":{"type":"Point","coordinates":[11.59256,48.16311]}},{"type":"Feature","properties":{"name":"Dipl. Psych. Monika Parzinger","amenity":"Puskesmas"},"geometry":{"type":"Point","coordinates":[11.5341,48.12226]}},{"type":"Feature","properties":{"name":"Haus\u00e4rtzlich-internistische Gemeinschaftspraxis Dr. med. Ralph von Steinburg und Thomas Feldmer","amenity":"Klinik"},"geometry":{"type":"Point","coordinates":[11.57168,48.11129]}},{"type":"Feature","properties":{"name":"Dr. Rahmatullah Alakkozai","amenity":"Klinik"},"geometry":{"type":"Point","coordinates":[11.65665,48.10744]}},{"type":"Feature","properties":{"name":"Dr. Bresser","amenity":"Klinik"},"geometry":{"type":"Point","coordinates":[11.65666,48.10737]}},{"type":"Feature","properties":{"name":"Zahnwerkstatt","amenity":"Puskesmas"},"geometry":{"type":"Point","coordinates":[11.57231,48.10653]}},{"type":"Feature","properties":{"name":"Dr. med. Rudolf Mehringer","amenity":"Klinik"},"geometry":{"type":"Point","coordinates":[11.57603,48.10951]}},{"type":"Feature","properties":{"name":"Dr. med. Georg Engl","amenity":"Klinik"},"geometry":{"type":"Point","coordinates":[11.58955,48.16549]}},{"type":"Feature","properties":{"name":"Dr med. Franz Roth","amenity":"Klinik"},"geometry":{"type":"Point","coordinates":[11.58965,48.16562]}},{"type":"Feature","properties":{"name":"Internistische Hausarzt-Praxis Dr. med. Ulrike Siegmund","amenity":"Klinik"},"geometry":{"type":"Point","coordinates":[11.62297,48.12947]}},{"type":"Feature","properties":{"name":"Guy-Edems Honku","amenity":"Puskesmas"},"geometry":{"type":"Point","coordinates":[11.53561,48.11726]}},{"type":"Feature","properties":{"name":"Dr. med. Nicole B\u00f6nisch","amenity":"Klinik"},"geometry":{"type":"Point","coordinates":[11.57519,48.13668]}},{"type":"Feature","properties":{"name":"Dr. med. Klaus Wil","amenity":"Klinik"},"geometry":{"type":"Point","coordinates":[11.57512,48.13665]}},{"type":"Feature","properties":{"name":"Dr. med I. Theopold","amenity":"Klinik"},"geometry":{"type":"Point","coordinates":[11.57503,48.13658]}},{"type":"Feature","properties":{"name":"Praxis f\u00fcr Diabetes Mellitus und Hormonst\u00f6rungen","amenity":"Klinik"},"geometry":{"type":"Point","coordinates":[11.57512,48.13659]}},{"type":"Feature","properties":{"name":"Dr. med. Ulrike Brandl","amenity":"Klinik"},"geometry":{"type":"Point","coordinates":[11.57507,48.13655]}},{"type":"Feature","properties":{"name":"Dipl. Psych. Carmen Enssleb","amenity":"Puskesmas"},"geometry":{"type":"Point","coordinates":[11.53111,48.12015]}},{"type":"Feature","properties":{"name":"Dr. phil. Wilhelm Schmidt","amenity":"Puskesmas"},"geometry":{"type":"Point","coordinates":[11.53101,48.1201]}},{"type":"Feature","properties":{"name":"PhysioArt Neuhausen","amenity":"Puskesmas"},"geometry":{"type":"Point","coordinates":[11.53457,48.14576]}},{"type":"Feature","properties":{"name":"Hans Brandl","amenity":"Puskesmas"},"geometry":{"type":"Point","coordinates":[11.53777,48.12003]}},{"type":"Feature","properties":{"name":"Prof. Dr. Dr. Markus Reinholz - Hautarzt","amenity":"Klinik"},"geometry":{"type":"Point","coordinates":[11.58669,48.16501]}},{"type":"Feature","properties":{"name":"Onkologische Tagesklinik","amenity":"Klinik"},"geometry":{"type":"Point","coordinates":[11.50416,48.16658]}},{"type":"Feature","properties":{"name":"Sozialp\u00e4diatrisches Zentrum (SPZ)","amenity":"Klinik"},"geometry":{"type":"Point","coordinates":[11.50332,48.16694]}},{"type":"Feature","properties":{"name":"Erwachsenenklinik","amenity":"Klinik"},"geometry":{"type":"Point","coordinates":[11.50558,48.16559]}},{"type":"Feature","properties":{"name":"Kinderklinik","amenity":"Klinik"},"geometry":{"type":"Point","coordinates":[11.50361,48.16631]}},{"type":"Feature","properties":{"name":"Transgender-Sch\u00f6nheitsklinik Dr. Funk","amenity":"Klinik"},"geometry":{"type":"Point","coordinates":[11.67035,48.07916]}},{"type":"Feature","properties":{"name":"Zahnarztpraxis Martinolli","amenity":"Puskesmas"},"geometry":{"type":"Point","coordinates":[11.58558,48.15897]}},{"type":"Feature","properties":{"name":"Carolin Kaprov","amenity":"Puskesmas"},"geometry":{"type":"Point","coordinates":[11.59176,48.16576]}},{"type":"Feature","properties":{"name":"Tanpa Nama","amenity":"Klinik"},"geometry":{"type":"Point","coordinates":[11.58666,48.13986]}},{"type":"Feature","properties":{"name":"theresium Dr. Kl\u00f6ppel","amenity":"Klinik"},"geometry":{"type":"Point","coordinates":[11.5446,48.12831]}},{"type":"Feature","properties":{"name":"Hausarztpraxis Heimeranplatz","amenity":"Klinik"},"geometry":{"type":"Point","coordinates":[11.53447,48.13372]}},{"type":"Feature","properties":{"name":"Verhaltenstherapie Veronika M. Zettl","amenity":"Puskesmas"},"geometry":{"type":"Point","coordinates":[11.54281,48.12182]}},{"type":"Feature","properties":{"name":"Dr. Fatma S\u00fcrer","amenity":"Puskesmas"},"geometry":{"type":"Point","coordinates":[11.54234,48.12164]}},{"type":"Feature","properties":{"name":"Dipl.Psych Ingrid von Koppenfels","amenity":"Puskesmas"},"geometry":{"type":"Point","coordinates":[11.54231,48.12164]}},{"type":"Feature","properties":{"name":"Micheline Schwarze","amenity":"Puskesmas"},"geometry":{"type":"Point","coordinates":[11.54229,48.11993]}},{"type":"Feature","properties":{"name":"Christine Zinsler","amenity":"Puskesmas"},"geometry":{"type":"Point","coordinates":[11.54233,48.11992]}},{"type":"Feature","properties":{"name":"Dr. med Dieter H\u00fcting","amenity":"Klinik"},"geometry":{"type":"Point","coordinates":[11.5424,48.11993]}},{"type":"Feature","properties":{"name":"Dr. med Tatsch","amenity":"Klinik"},"geometry":{"type":"Point","coordinates":[11.54245,48.11992]}},{"type":"Feature","properties":{"name":"Geburtspraxis Kindler 19","amenity":"Klinik"},"geometry":{"type":"Point","coordinates":[11.54228,48.1199]}},{"type":"Feature","properties":{"name":"Heidrun Haug-Schopf","amenity":"Puskesmas"},"geometry":{"type":"Point","coordinates":[11.54233,48.11989]}},{"type":"Feature","properties":{"name":"Michaela Wenzel","amenity":"Puskesmas"},"geometry":{"type":"Point","coordinates":[11.5424,48.11989]}},{"type":"Feature","properties":{"name":"Elisabeth Wggel","amenity":"Puskesmas"},"geometry":{"type":"Point","coordinates":[11.54244,48.11989]}},{"type":"Feature","properties":{"name":"Linda L\u00f6bel","amenity":"Puskesmas"},"geometry":{"type":"Point","coordinates":[11.54228,48.11987]}},{"type":"Feature","properties":{"name":"Dr. med Michael Mayer","amenity":"Klinik"},"geometry":{"type":"Point","coordinates":[11.56338,48.13601]}},{"type":"Feature","properties":{"name":"Brandl","amenity":"Puskesmas"},"geometry":{"type":"Point","coordinates":[11.52007,48.07805]}},{"type":"Feature","properties":{"name":"Apotheke am Haderner Stern","amenity":"Puskesmas"},"geometry":{"type":"Point","coordinates":[11.49189,48.11992]}},{"type":"Feature","properties":{"name":"Hausarztpraxis Sendling-Westpark","amenity":"Klinik"},"geometry":{"type":"Point","coordinates":[11.51656,48.11305]}},{"type":"Feature","properties":{"name":"Augenzentrum Dr. Dashevsky","amenity":"Klinik"},"geometry":{"type":"Point","coordinates":[11.55049,48.14875]}},{"type":"Feature","properties":{"name":"MVZ Herzog Carl Theodor","amenity":"Klinik"},"geometry":{"type":"Point","coordinates":[11.55062,48.14847]}},{"type":"Feature","properties":{"name":"MVZ KfH-Gesundheitszentrum M\u00fcnchen-Schwabing","amenity":"Klinik"},"geometry":{"type":"Point","coordinates":[11.58193,48.17238]}},{"type":"Feature","properties":{"name":"MVZ Dr. Lubos Medizin Bogenhausen","amenity":"Klinik"},"geometry":{"type":"Point","coordinates":[11.61603,48.14956]}},{"type":"Feature","properties":{"name":"MVZ Dr. Lubos Medizin Pasing","amenity":"Klinik"},"geometry":{"type":"Point","coordinates":[11.45779,48.14684]}},{"type":"Feature","properties":{"name":"Dermatologie im Schlosspalais","amenity":"Klinik"},"geometry":{"type":"Point","coordinates":[11.50686,48.1606]}},{"type":"Feature","properties":{"name":"Dr. med. Doris Gebauer Allgemeinmedizin","amenity":"Klinik"},"geometry":{"type":"Point","coordinates":[11.42193,48.16087]}},{"type":"Feature","properties":{"name":"Orthop\u00e4die am Viktualienmarkt","amenity":"Klinik"},"geometry":{"type":"Point","coordinates":[11.57881,48.13463]}},{"type":"Feature","properties":{"name":"Bernadette Fittkau-T\u00f6nnesmann","amenity":"Puskesmas"},"geometry":{"type":"Point","coordinates":[11.69282,48.11176]}},{"type":"Feature","properties":{"name":"Dr. Elvan Grimm","amenity":"Puskesmas"},"geometry":{"type":"Point","coordinates":[11.58442,48.14944]}},{"type":"Feature","properties":{"name":"Caritas Beratungsstelle F\u00fcr Eltern Kind, Jugendliche Und Familien","amenity":"Puskesmas"},"geometry":{"type":"Point","coordinates":[11.53429,48.12028]}},{"type":"Feature","properties":{"name":"Tal Psychosoziale Beratungsstelle","amenity":"Puskesmas"},"geometry":{"type":"Point","coordinates":[11.53428,48.1167]}},{"type":"Feature","properties":{"name":"Tanpa Nama","amenity":"Klinik"},"geometry":{"type":"Point","coordinates":[11.60629,48.13988]}},{"type":"Feature","properties":{"name":"Dr. med. Peter R\u00f6misch","amenity":"Klinik"},"geometry":{"type":"Point","coordinates":[11.59527,48.1111]}},{"type":"Feature","properties":{"name":"Dr. med. Gerlinde Patzek","amenity":"Klinik"},"geometry":{"type":"Point","coordinates":[11.59531,48.11111]}},{"type":"Feature","properties":{"name":"Nadine Haid","amenity":"Puskesmas"},"geometry":{"type":"Point","coordinates":[11.59533,48.11115]}},{"type":"Feature","properties":{"name":"Dr. med. J\u00f6rg Wiemer","amenity":"Klinik"},"geometry":{"type":"Point","coordinates":[11.59523,48.11107]}},{"type":"Feature","properties":{"name":"Dr. med. Peter Sandor","amenity":"Klinik"},"geometry":{"type":"Point","coordinates":[11.59534,48.11112]}},{"type":"Feature","properties":{"name":"Dr. med. Evagelia R\u00fc\u00dfmann-Tzilini","amenity":"Klinik"},"geometry":{"type":"Point","coordinates":[11.59525,48.11113]}},{"type":"Feature","properties":{"name":"Zenkel Ulbrich Spaett","amenity":"Klinik"},"geometry":{"type":"Point","coordinates":[11.5953,48.11114]}},{"type":"Feature","properties":{"name":"Internistisches Zentrum","amenity":"Klinik"},"geometry":{"type":"Point","coordinates":[11.59522,48.1111]}},{"type":"Feature","properties":{"name":"Dermazentrum","amenity":"Klinik"},"geometry":{"type":"Point","coordinates":[11.59524,48.11116]}},{"type":"Feature","properties":{"name":"Dr. med. Hannah Gerstenkorn","amenity":"Klinik"},"geometry":{"type":"Point","coordinates":[11.59532,48.11109]}},{"type":"Feature","properties":{"name":"Therapiezentrum im Gesundheitszentrum Giesing","amenity":"Puskesmas"},"geometry":{"type":"Point","coordinates":[11.59528,48.11117]}},{"type":"Feature","properties":{"name":"Maximilian R\u00f6misch","amenity":"Klinik"},"geometry":{"type":"Point","coordinates":[11.59528,48.11108]}},{"type":"Feature","properties":{"name":"Farid Raufi","amenity":"Klinik"},"geometry":{"type":"Point","coordinates":[11.5952,48.11115]}},{"type":"Feature","properties":{"name":"Dr. med. Frank R\u00fc\u00dfmann","amenity":"Klinik"},"geometry":{"type":"Point","coordinates":[11.59521,48.11112]}},{"type":"Feature","properties":{"name":"Dr. med. Cordula Brechmann","amenity":"Klinik"},"geometry":{"type":"Point","coordinates":[11.59536,48.11109]}},{"type":"Feature","properties":{"name":"Jahn Hofstetter Klug","amenity":"Klinik"},"geometry":{"type":"Point","coordinates":[11.59536,48.11118]}},{"type":"Feature","properties":{"name":"Medizinisches Versorgungszentrum f\u00fcr Urologie / Chirurgie / Psychiatrie u. Psychotherapie","amenity":"Klinik"},"geometry":{"type":"Point","coordinates":[11.5294,48.18233]}},{"type":"Feature","properties":{"name":"HNO M\u00fcnchen im Medicenter am OEZ","amenity":"Klinik"},"geometry":{"type":"Point","coordinates":[11.5294,48.18232]}},{"type":"Feature","properties":{"name":"\u00c4sthetik Zahn\u00e4rzte","amenity":"Klinik"},"geometry":{"type":"Point","coordinates":[11.5293,48.18234]}},{"type":"Feature","properties":{"name":"Dr med. Wolfgang Merk","amenity":"Klinik"},"geometry":{"type":"Point","coordinates":[11.52947,48.18234]}},{"type":"Feature","properties":{"name":"Leszek Sporysz","amenity":"Puskesmas"},"geometry":{"type":"Point","coordinates":[11.5293,48.18232]}},{"type":"Feature","properties":{"name":"Kinder\u00e4rzte am OEZ","amenity":"Klinik"},"geometry":{"type":"Point","coordinates":[11.5293,48.18237]}},{"type":"Feature","properties":{"name":"Frauenarzt am OEZ","amenity":"Klinik"},"geometry":{"type":"Point","coordinates":[11.52941,48.18237]}},{"type":"Feature","properties":{"name":"Radiologie am OEZ Moosach","amenity":"Klinik"},"geometry":{"type":"Point","coordinates":[11.52929,48.1823]}},{"type":"Feature","properties":{"name":"Spezielle Orthop\u00e4die Unfallchirurgie M\u00fcnchen","amenity":"Klinik"},"geometry":{"type":"Point","coordinates":[11.5294,48.1823]}},{"type":"Feature","properties":{"name":"Praxis f\u00fcr Gesundheitspflege Evelyn Neppel","amenity":"Puskesmas"},"geometry":{"type":"Point","coordinates":[11.59798,48.18415]}},{"type":"Feature","properties":{"name":"Praxis f\u00fcr Musiktherapie Sonja Ebert","amenity":"Puskesmas"},"geometry":{"type":"Point","coordinates":[11.59824,48.1843]}},{"type":"Feature","properties":{"name":"Naturheilpraxis Alexander Str\u00f6hlein","amenity":"Puskesmas"},"geometry":{"type":"Point","coordinates":[11.59792,48.1841]}},{"type":"Feature","properties":{"name":"Alexandra Stadelhofer","amenity":"Puskesmas"},"geometry":{"type":"Point","coordinates":[11.53444,48.1202]}},{"type":"Feature","properties":{"name":"Sicher Lachen","amenity":"Puskesmas"},"geometry":{"type":"Point","coordinates":[11.50482,48.18487]}},{"type":"Feature","properties":{"name":"Brustdiagnostik M\u00fcnchen","amenity":"Puskesmas"},"geometry":{"type":"Point","coordinates":[11.56611,48.13487]}},{"type":"Feature","properties":{"name":"Dr. Indra Nyamaa","amenity":"Puskesmas"},"geometry":{"type":"Point","coordinates":[11.63778,48.12547]}},{"type":"Feature","properties":{"name":"Lisa-Marie Lieske","amenity":"Puskesmas"},"geometry":{"type":"Point","coordinates":[11.63773,48.12546]}},{"type":"Feature","properties":{"name":"Haus\u00e4rztliche Praxis Thomas und Dr.Christine Fuchs","amenity":"Klinik"},"geometry":{"type":"Point","coordinates":[11.53445,48.12111]}},{"type":"Feature","properties":{"name":"Dr. med. Rebell","amenity":"Puskesmas"},"geometry":{"type":"Point","coordinates":[11.54205,48.13348]}},{"type":"Feature","properties":{"name":"Praxis f\u00fcr ganzheitliche Gesundheit und Balance","amenity":"Puskesmas"},"geometry":{"type":"Point","coordinates":[11.63002,48.16302]}},{"type":"Feature","properties":{"name":"KONZEPT WEISS M\u00dcNCHEN","amenity":"Puskesmas"},"geometry":{"type":"Point","coordinates":[11.587,48.16463]}},{"type":"Feature","properties":{"name":"Urologe - Androloge am Promenadeplatz","amenity":"Klinik"},"geometry":{"type":"Point","coordinates":[11.57237,48.14089]}},{"type":"Feature","properties":{"name":"ZAR M\u00fcnchen West - Zentrum f\u00fcr ambulante Rehabilitation","amenity":"Puskesmas"},"geometry":{"type":"Point","coordinates":[11.53377,48.13243]}},{"type":"Feature","properties":{"name":"DIE RADIOLOGIE am Heimeranplatz","amenity":"Klinik"},"geometry":{"type":"Point","coordinates":[11.53378,48.13252]}},{"type":"Feature","properties":{"name":"Tanpa Nama","amenity":"Klinik"},"geometry":{"type":"Point","coordinates":[11.40975,48.1445]}},{"type":"Feature","properties":{"name":"Medizentrum Eckert","amenity":"Klinik"},"geometry":{"type":"Point","coordinates":[11.41029,48.14504]}},{"type":"Feature","properties":{"name":"Physiotherapie Freiham","amenity":"Puskesmas"},"geometry":{"type":"Point","coordinates":[11.41027,48.14459]}},{"type":"Feature","properties":{"name":"Dr. med. dent. Susanne Langhoff-Falkenberg","amenity":"Puskesmas"},"geometry":{"type":"Point","coordinates":[11.50183,48.13985]}},{"type":"Feature","properties":{"name":"Dr. Med. Christina Smith - Hautarzt","amenity":"Klinik"},"geometry":{"type":"Point","coordinates":[11.58447,48.16286]}},{"type":"Feature","properties":{"name":"Zahninsel","amenity":"Puskesmas"},"geometry":{"type":"Point","coordinates":[11.64015,48.14615]}},{"type":"Feature","properties":{"name":"Allgemeinmedizin Hadern","amenity":"Klinik"},"geometry":{"type":"Point","coordinates":[11.49207,48.11666]}},{"type":"Feature","properties":{"name":"Dr. Hannah Gerstenkorn &  Anna Stadler","amenity":"Klinik"},"geometry":{"type":"Point","coordinates":[11.62055,48.10651]}},{"type":"Feature","properties":{"name":"Johanna Bartels","amenity":"Puskesmas"},"geometry":{"type":"Point","coordinates":[11.55368,48.12581]}},{"type":"Feature","properties":{"name":"Haus\u00e4rztliche Gemeinschaftspraxis Dr. Westphal und Dr. Sailer","amenity":"Klinik"},"geometry":{"type":"Point","coordinates":[11.49535,48.08749]}},{"type":"Feature","properties":{"name":"Roland Ruh","amenity":"Puskesmas"},"geometry":{"type":"Point","coordinates":[11.57885,48.16511]}},{"type":"Feature","properties":{"name":"Zahnarzt am Nordbad","amenity":"Puskesmas"},"geometry":{"type":"Point","coordinates":[11.56251,48.16366]}},{"type":"Feature","properties":{"name":"Dr. Gudrun Schmidt","amenity":"Puskesmas"},"geometry":{"type":"Point","coordinates":[11.56685,48.17986]}},{"type":"Feature","properties":{"name":"Herz-Gef\u00e4\u00df-Zentrum M\u00fcnchen","amenity":"Klinik"},"geometry":{"type":"Point","coordinates":[11.57477,48.13943]}},{"type":"Feature","properties":{"name":"Apotheke am Weiher","amenity":"Puskesmas"},"geometry":{"type":"Point","coordinates":[11.40698,48.1766]}},{"type":"Feature","properties":{"name":"Rund um Frau","amenity":"Klinik"},"geometry":{"type":"Point","coordinates":[11.41352,48.15041]}},{"type":"Feature","properties":{"name":"Physiotherapie Franziska Rudert","amenity":"Puskesmas"},"geometry":{"type":"Point","coordinates":[11.58589,48.1676]}},{"type":"Feature","properties":{"name":"Gesundheitszentrum am Maximiliansplatz Physiotherapie & Training","amenity":"Klinik"},"geometry":{"type":"Point","coordinates":[11.57173,48.14134]}},{"type":"Feature","properties":{"name":"ECOM Plaxis f\u00fcr Orthop\u00e4die, Sportmedizin, und Unfallchirugie- Arztpartnerschaft","amenity":"Klinik"},"geometry":{"type":"Point","coordinates":[11.62097,48.15044]}},{"type":"Feature","properties":{"name":"Gemeinschaftspraxis Dr. That","amenity":"Klinik"},"geometry":{"type":"Point","coordinates":[11.55757,48.12837]}},{"type":"Feature","properties":{"name":"ECOS Reha","amenity":"Puskesmas"},"geometry":{"type":"Point","coordinates":[11.62083,48.15039]}},{"type":"Feature","properties":{"name":"OZB M\u00fcnchen","amenity":"Klinik"},"geometry":{"type":"Point","coordinates":[11.61725,48.14847]}},{"type":"Feature","properties":{"name":"Kardiologie Zentrum M\u00fcnchen Bogenhausen","amenity":"Klinik"},"geometry":{"type":"Point","coordinates":[11.61608,48.15301]}},{"type":"Feature","properties":{"name":"Zahnarztpraxis Dr. Knauer","amenity":"Puskesmas"},"geometry":{"type":"Point","coordinates":[11.57034,48.11219]}},{"type":"Feature","properties":{"name":"Zahnarztpraxis am Candidplatz","amenity":"Puskesmas"},"geometry":{"type":"Point","coordinates":[11.57163,48.11123]}},{"type":"Feature","properties":{"name":"Dipl. Psych. Birgit B. Lehner","amenity":"Puskesmas"},"geometry":{"type":"Point","coordinates":[11.56437,48.16629]}},{"type":"Feature","properties":{"name":"Praxisgemeinschaft","amenity":"Puskesmas"},"geometry":{"type":"Point","coordinates":[11.56434,48.16627]}},{"type":"Feature","properties":{"name":"smile eyes Giesing","amenity":"Klinik"},"geometry":{"type":"Point","coordinates":[11.57166,48.11117]}},{"type":"Feature","properties":{"name":"Longevity Center Munich","amenity":"Klinik"},"geometry":{"type":"Point","coordinates":[11.5751,48.16242]}},{"type":"Feature","properties":{"name":"Heideck Apotheke","amenity":"Puskesmas"},"geometry":{"type":"Point","coordinates":[11.5403,48.16114]}},{"type":"Feature","properties":{"name":"Psychosomatische Tagesklinik Westend","amenity":"Rumah Sakit"},"geometry":{"type":"Point","coordinates":[11.52357,48.13403]}},{"type":"Feature","properties":{"name":"Dr. med. dent. Housni Houari Fah","amenity":"Puskesmas"},"geometry":{"type":"Point","coordinates":[11.56265,48.13913]}},{"type":"Feature","properties":{"name":"Physiotherapie REHA fit","amenity":"Puskesmas"},"geometry":{"type":"Point","coordinates":[11.63299,48.16622]}},{"type":"Feature","properties":{"name":"PST","amenity":"Puskesmas"},"geometry":{"type":"Point","coordinates":[11.57005,48.16111]}},{"type":"Feature","properties":{"name":"Bens Physio","amenity":"Puskesmas"},"geometry":{"type":"Point","coordinates":[11.55898,48.15135]}},{"type":"Feature","properties":{"name":"Atemhaus M\u00fcnchen \"Herta Richter\"","amenity":"Puskesmas"},"geometry":{"type":"Point","coordinates":[11.50741,48.11556]}},{"type":"Feature","properties":{"name":"Stefanie K\u00fchn","amenity":"Puskesmas"},"geometry":{"type":"Point","coordinates":[11.56216,48.15905]}},{"type":"Feature","properties":{"name":"Igor Kokanovic","amenity":"Puskesmas"},"geometry":{"type":"Point","coordinates":[11.57291,48.17914]}},{"type":"Feature","properties":{"name":"Hausarztpraxis","amenity":"Klinik"},"geometry":{"type":"Point","coordinates":[11.57292,48.17923]}},{"type":"Feature","properties":{"name":"Ritter + Behle","amenity":"Puskesmas"},"geometry":{"type":"Point","coordinates":[11.55946,48.1635]}},{"type":"Feature","properties":{"name":"Evidenced Physio","amenity":"Puskesmas"},"geometry":{"type":"Point","coordinates":[11.58603,48.16291]}},{"type":"Feature","properties":{"name":"Dr. Karlheim","amenity":"Klinik"},"geometry":{"type":"Point","coordinates":[11.54611,48.1037]}},{"type":"Feature","properties":{"name":"Dr. med. Sarah Quick","amenity":"Klinik"},"geometry":{"type":"Point","coordinates":[11.5719,48.15604]}},{"type":"Feature","properties":{"name":"Dr. med. Mareike Steinmann","amenity":"Puskesmas"},"geometry":{"type":"Point","coordinates":[11.57213,48.15893]}},{"type":"Feature","properties":{"name":"M.Sc. Psych. Benjamin E. Mayer","amenity":"Puskesmas"},"geometry":{"type":"Point","coordinates":[11.57212,48.15888]}},{"type":"Feature","properties":{"name":"Die Physio Box","amenity":"Puskesmas"},"geometry":{"type":"Point","coordinates":[11.52357,48.13412]}},{"type":"Feature","properties":{"name":"Tier\u00e4rztliche Chiropraktik & Osteopathie f\u00fcr Hunde und Katzen Jasmin Hoffmann","amenity":"Puskesmas"},"geometry":{"type":"Point","coordinates":[11.57304,48.16331]}},{"type":"Feature","properties":{"name":"Psychologische Gemeinschaftspraxis","amenity":"Klinik"},"geometry":{"type":"Point","coordinates":[11.5831,48.17018]}},{"type":"Feature","properties":{"name":"Praxisgemeinschaft H\u00f6rwarthstrasse","amenity":"Klinik"},"geometry":{"type":"Point","coordinates":[11.58077,48.16918]}},{"type":"Feature","properties":{"name":"Praxis f\u00fcr Psychotherapie","amenity":"Puskesmas"},"geometry":{"type":"Point","coordinates":[11.57959,48.16939]}},{"type":"Feature","properties":{"name":"Dipl.-Psych. Angelika Kohnle","amenity":"Puskesmas"},"geometry":{"type":"Point","coordinates":[11.55332,48.15418]}},{"type":"Feature","properties":{"name":"G.W. Langheinrich","amenity":"Puskesmas"},"geometry":{"type":"Point","coordinates":[11.57823,48.16653]}},{"type":"Feature","properties":{"name":"AVI Hausarztpraxis","amenity":"Klinik"},"geometry":{"type":"Point","coordinates":[11.56368,48.13108]}},{"type":"Feature","properties":{"name":"Dr. med. R. Kosak","amenity":"Klinik"},"geometry":{"type":"Point","coordinates":[11.54036,48.11605]}},{"type":"Feature","properties":{"name":"Dr. med. Kathrin Sch\u00e4fer","amenity":"Klinik"},"geometry":{"type":"Point","coordinates":[11.54032,48.116]}},{"type":"Feature","properties":{"name":"Dr. med. Tobias Roeckel","amenity":"Klinik"},"geometry":{"type":"Point","coordinates":[11.5404,48.11598]}},{"type":"Feature","properties":{"name":"Burn-out-Diagnostik Institut","amenity":"Klinik"},"geometry":{"type":"Point","coordinates":[11.53863,48.11711]}},{"type":"Feature","properties":{"name":"PD Dr. med. Adam Chaker & Team","amenity":"Klinik"},"geometry":{"type":"Point","coordinates":[11.53863,48.11706]}},{"type":"Feature","properties":{"name":"Dr. med. Wolfgang Krueger","amenity":"Klinik"},"geometry":{"type":"Point","coordinates":[11.53869,48.1171]}},{"type":"Feature","properties":{"name":"Issycares","amenity":"Klinik"},"geometry":{"type":"Point","coordinates":[11.65774,48.14953]}},{"type":"Feature","properties":{"name":"Kim Grabosch","amenity":"Puskesmas"},"geometry":{"type":"Point","coordinates":[11.65798,48.14954]}},{"type":"Feature","properties":{"name":"Dr. Gerhard Sch\u00e4ffler","amenity":"Puskesmas"},"geometry":{"type":"Point","coordinates":[11.57531,48.16043]}},{"type":"Feature","properties":{"name":"Konstantins Vrontou","amenity":"Puskesmas"},"geometry":{"type":"Point","coordinates":[11.56482,48.16466]}},{"type":"Feature","properties":{"name":"Dr.med.dent. Felix Jung","amenity":"Puskesmas"},"geometry":{"type":"Point","coordinates":[11.58969,48.16333]}},{"type":"Feature","properties":{"name":"Osteopathie & Naturmedizin Schwabing","amenity":"Puskesmas"},"geometry":{"type":"Point","coordinates":[11.56788,48.16102]}},{"type":"Feature","properties":{"name":"Praxis f\u00fcr Psychotherapie am Hohenzollernplatz","amenity":"Puskesmas"},"geometry":{"type":"Point","coordinates":[11.56787,48.16101]}},{"type":"Feature","properties":{"name":"\u00c4rztehaus am Nordbad","amenity":"Klinik"},"geometry":{"type":"Point","coordinates":[11.56321,48.15946]}}]}