{
"type": "FeatureCollection",
"name": "jangkauan",
"crs": { "type": "name", "properties": { "name": "urn:ogc:def:crs:OGC:1.3:CRS84" } },
"features": [
{ "type": "Feature", "properties": { "Jangkuan1": "1000m", "Jangkuan": "200", "Kategoris": "Sangat Dekat" }, "geometry": { "type": "MultiPolygon", "coordinates": [ [ [ [ 11.462649287698111, 48.112848632450245 ], [ 11.462766012638195, 48.11624353177622 ], [ 11.474894956728875, 48.117127929278396 ], [ 11.47592549370094, 48.121575490222824 ], [ 11.463497625778702, 48.12222383316886 ], [ 11.462690303709872, 48.122576788168004 ], [ 11.462242610608207, 48.124960887480277 ], [ 11.463882902500462, 48.125797660904595 ], [ 11.472710237973288, 48.125535590847058 ], [ 11.472764752408949, 48.126923074134375 ], [ 11.466152756975509, 48.131476588472488 ], [ 11.469068154248832, 48.133306832061074 ], [ 11.470619179133184, 48.133794517446546 ], [ 11.475371125593227, 48.130494090329584 ], [ 11.480055015423986, 48.131469593544729 ], [ 11.48131395068148, 48.135061865451789 ], [ 11.477875549371559, 48.136005408836368 ], [ 11.477292571283108, 48.14021276276349 ], [ 11.468981963922088, 48.138620260285904 ], [ 11.463192204800263, 48.138541560039954 ], [ 11.469032236413433, 48.134596104464819 ], [ 11.464572573586389, 48.132580221887245 ], [ 11.457320315765061, 48.137490649889031 ], [ 11.453876072765887, 48.13237949955014 ], [ 11.452003686277546, 48.131332542136597 ], [ 11.449637842242391, 48.131731148230898 ], [ 11.44878316913516, 48.133650479755772 ], [ 11.453721429406475, 48.140531077602994 ], [ 11.453830809089052, 48.142078672052222 ], [ 11.44780336966539, 48.137662032739421 ], [ 11.440697046493527, 48.134349548070219 ], [ 11.438399406112783, 48.131779063577191 ], [ 11.436841027004926, 48.131409639168076 ], [ 11.43349269394743, 48.134132706240806 ], [ 11.437177951518741, 48.137181493547914 ], [ 11.444266119203476, 48.140373597662411 ], [ 11.45004164346447, 48.144632207273276 ], [ 11.427463797744792, 48.141500181771349 ], [ 11.430012507394409, 48.136695562267988 ], [ 11.427956790734116, 48.135090102829928 ], [ 11.425040443422326, 48.135902611591327 ], [ 11.42210605375378, 48.140772737397931 ], [ 11.411443812142195, 48.139265801324555 ], [ 11.415298381929357, 48.133049816472344 ], [ 11.40961679641852, 48.132211885828028 ], [ 11.406029744298802, 48.138451066496785 ], [ 11.400549924526276, 48.137412441607637 ], [ 11.402571796688743, 48.133793927227053 ], [ 11.401765132444368, 48.134090651775615 ], [ 11.398886964492814, 48.13614140038279 ], [ 11.397096193314999, 48.138687092184384 ], [ 11.39631558366081, 48.144779872532297 ], [ 11.397132801761012, 48.147580979900553 ], [ 11.397781824009744, 48.146423563355725 ], [ 11.397687792192215, 48.14297583439982 ], [ 11.398330267572018, 48.141656859021587 ], [ 11.39983809609779, 48.141130552880156 ], [ 11.420365698176349, 48.144204512721622 ], [ 11.416757577002711, 48.152309205650845 ], [ 11.41519794408145, 48.15463168653914 ], [ 11.412893524851846, 48.155668432199214 ], [ 11.398211495148381, 48.148894792773021 ], [ 11.400124091105546, 48.15083450638501 ], [ 11.40087148426398, 48.153459066898392 ], [ 11.402340041302574, 48.155247276890854 ], [ 11.400042353314356, 48.162054771839045 ], [ 11.404829665664645, 48.163076332711249 ], [ 11.408911064354886, 48.166281360862008 ], [ 11.404392211937317, 48.171538525345987 ], [ 11.405462530338333, 48.175276778307278 ], [ 11.403161359537721, 48.176639661677889 ], [ 11.399729549492434, 48.176669778887323 ], [ 11.392869806659796, 48.178589682356389 ], [ 11.393632091059454, 48.181485379382721 ], [ 11.39419091561593, 48.182165613531957 ], [ 11.405685720324149, 48.181060950974015 ], [ 11.406706198868983, 48.187429554330457 ], [ 11.412067482662406, 48.186539580028189 ], [ 11.410940609279901, 48.181990929075859 ], [ 11.411383003210245, 48.181362753917405 ], [ 11.419217948085146, 48.181531645520465 ], [ 11.420195238037003, 48.177978150100486 ], [ 11.411562082411514, 48.177702190913372 ], [ 11.420396144801741, 48.176237070450192 ], [ 11.418940653255691, 48.172714200943979 ], [ 11.410552722631031, 48.174048573788731 ], [ 11.409718689749885, 48.172217163457468 ], [ 11.413051747228014, 48.168844415664168 ], [ 11.418940437097147, 48.172713937976312 ], [ 11.417469607862543, 48.171003484108653 ], [ 11.42268662024742, 48.169818413119224 ], [ 11.415583477901013, 48.165255538332033 ], [ 11.41679887606476, 48.161801901303932 ], [ 11.423935091822422, 48.163349376954365 ], [ 11.426965126491082, 48.16270889036408 ], [ 11.42872153372913, 48.163237592955092 ], [ 11.430746000797978, 48.164386770808143 ], [ 11.429919111186305, 48.166019647988279 ], [ 11.430485496386162, 48.167754403115723 ], [ 11.433260195175139, 48.165628825085534 ], [ 11.437002783801557, 48.168376151746052 ], [ 11.440809281815014, 48.169573386283908 ], [ 11.44498262805079, 48.169925027132329 ], [ 11.452224555411254, 48.168251512353322 ], [ 11.453738769976056, 48.17009183397488 ], [ 11.450752929630465, 48.172183569766005 ], [ 11.448457280144659, 48.176397076061846 ], [ 11.449527239649878, 48.175773726827849 ], [ 11.458964829194397, 48.178019380286827 ], [ 11.457205779464536, 48.185733292532163 ], [ 11.458043184838285, 48.188434966330362 ], [ 11.456700105126354, 48.193114350862309 ], [ 11.455365198449281, 48.194940027373413 ], [ 11.455388847121602, 48.200623843342221 ], [ 11.459914606919385, 48.201084777747276 ], [ 11.460781398996485, 48.200973875843331 ], [ 11.460782129680231, 48.199051416526977 ], [ 11.466377793737056, 48.1996983501732 ], [ 11.476389863793367, 48.195914212192463 ], [ 11.469365343334614, 48.196386928378516 ], [ 11.460950036842444, 48.195429334462943 ], [ 11.463388651196711, 48.188847274853799 ], [ 11.462598107396428, 48.185840032692333 ], [ 11.463257952624261, 48.183666475280496 ], [ 11.47036701786684, 48.183943447842267 ], [ 11.474325168724874, 48.185216086637254 ], [ 11.490058491715818, 48.185867440566618 ], [ 11.492539447786628, 48.184686148307136 ], [ 11.492504022459917, 48.180938588114778 ], [ 11.493076954419424, 48.180792025213727 ], [ 11.492844469911278, 48.184217360534753 ], [ 11.493644338497631, 48.185404748219121 ], [ 11.495734988583882, 48.185935830730863 ], [ 11.501595900992378, 48.185384695673918 ], [ 11.499559536504655, 48.191416821331828 ], [ 11.496654399648216, 48.191924611123596 ], [ 11.499443858649201, 48.192992568216589 ], [ 11.49801870421083, 48.19550083866168 ], [ 11.508190838411291, 48.194484785193204 ], [ 11.519904032330826, 48.192206726017091 ], [ 11.521987614249266, 48.20109058237837 ], [ 11.525950903999156, 48.208775575759596 ], [ 11.525995203048918, 48.216335212697324 ], [ 11.518453971543588, 48.216528575416667 ], [ 11.51545949110648, 48.21583156613999 ], [ 11.515064559643909, 48.217943382729189 ], [ 11.515858996509143, 48.220706465997203 ], [ 11.519422022280329, 48.224127416809708 ], [ 11.529850417763651, 48.226521433808898 ], [ 11.536778600854582, 48.224745417068966 ], [ 11.539756133940248, 48.222548378306122 ], [ 11.535213183903888, 48.222795782092781 ], [ 11.532079748463209, 48.216856963863954 ], [ 11.538135873876957, 48.215937071675704 ], [ 11.539777790943296, 48.216704816680753 ], [ 11.547816581148089, 48.216466966017826 ], [ 11.559231023157801, 48.214795133642077 ], [ 11.55881305168432, 48.220847403149783 ], [ 11.560785071715003, 48.221811929902906 ], [ 11.563143995454253, 48.221664855353062 ], [ 11.565699886750686, 48.219868451379845 ], [ 11.564802617293365, 48.217043555317034 ], [ 11.565687994387876, 48.210752725734089 ], [ 11.57833267372658, 48.212917417328768 ], [ 11.58034636029323, 48.212805230173977 ], [ 11.581821331912774, 48.210809884170935 ], [ 11.590109340884293, 48.2110356777143 ], [ 11.588524127482312, 48.203056982149747 ], [ 11.595361115439232, 48.203652700904897 ], [ 11.6163337333554, 48.201159126549911 ], [ 11.618193846908131, 48.205159913915473 ], [ 11.616115426003528, 48.206466485555765 ], [ 11.616187039040831, 48.208401811548775 ], [ 11.619467734727129, 48.204630772062842 ], [ 11.619984427410772, 48.20186964355819 ], [ 11.622434206023822, 48.201552651863643 ], [ 11.621197697752248, 48.199121552217477 ], [ 11.622833884121356, 48.198058735081275 ], [ 11.624561035910761, 48.200804815756861 ], [ 11.629182856372751, 48.198872874815429 ], [ 11.624028293959475, 48.191149104716999 ], [ 11.617388350836634, 48.188764994701302 ], [ 11.622534877832846, 48.187851659258278 ], [ 11.629757469433905, 48.184830941616923 ], [ 11.626466990820099, 48.181966799661396 ], [ 11.619078000412589, 48.18486529065634 ], [ 11.612055999895503, 48.18398559479666 ], [ 11.601220985269112, 48.173830124437451 ], [ 11.602616271063082, 48.172487139588803 ], [ 11.602883974577859, 48.170955826460379 ], [ 11.600238516899211, 48.16539788630034 ], [ 11.598966622502672, 48.164397999229742 ], [ 11.599433825648324, 48.163693127207054 ], [ 11.60580604214406, 48.160273602119602 ], [ 11.6068971601372, 48.158306768482618 ], [ 11.611260682771784, 48.156528238558714 ], [ 11.616527651323141, 48.162520193701063 ], [ 11.618964605890508, 48.164173146918536 ], [ 11.621324823393312, 48.167342728671727 ], [ 11.622657534323301, 48.171703357240048 ], [ 11.627354103833074, 48.175268028543876 ], [ 11.628490398897128, 48.178915859155168 ], [ 11.630592563799285, 48.179746629477606 ], [ 11.632833106035967, 48.179097483488349 ], [ 11.633403772222787, 48.177778402442328 ], [ 11.638286098476417, 48.177991054958575 ], [ 11.640303732222023, 48.17707137899751 ], [ 11.640612973345853, 48.175979238831275 ], [ 11.639189251258594, 48.174428326746117 ], [ 11.639453311621073, 48.172517961251621 ], [ 11.638613305103471, 48.170364228378652 ], [ 11.640991234407489, 48.169957957565188 ], [ 11.642791030126729, 48.171064807907207 ], [ 11.652650918619955, 48.171611073396349 ], [ 11.661290301801611, 48.169355262088537 ], [ 11.665927434886893, 48.165212240106797 ], [ 11.66488622479225, 48.160128956593887 ], [ 11.661920090963424, 48.158077158056003 ], [ 11.663107783754462, 48.157794394967048 ], [ 11.660611407286437, 48.150362981973728 ], [ 11.661125620318808, 48.147328416952639 ], [ 11.664494397637345, 48.142371575644702 ], [ 11.673292811398156, 48.141473186456302 ], [ 11.682857296430454, 48.142547584646252 ], [ 11.682310404504191, 48.145696742427191 ], [ 11.683996770039514, 48.146877022064821 ], [ 11.68565729044648, 48.146901884894987 ], [ 11.687420846018098, 48.14577326279872 ], [ 11.688008299229363, 48.143583203588697 ], [ 11.691521148670269, 48.144372238169595 ], [ 11.695157397642609, 48.14362383493274 ], [ 11.698648951384495, 48.143957084849681 ], [ 11.701010711245219, 48.141351023670488 ], [ 11.706993968880891, 48.140965778945194 ], [ 11.710669806245965, 48.139601003179592 ], [ 11.713535400219321, 48.137542677726643 ], [ 11.715310266876951, 48.134992353837418 ], [ 11.715674511483648, 48.132999981873162 ], [ 11.710701544473551, 48.131641769811367 ], [ 11.690506397583221, 48.131596087101038 ], [ 11.688354471717938, 48.132293137833628 ], [ 11.687792520175732, 48.133681711844076 ], [ 11.683536765535132, 48.133647075267831 ], [ 11.678053168098387, 48.127357775028145 ], [ 11.688853911702161, 48.123864179469045 ], [ 11.689599450448709, 48.122021049784983 ], [ 11.687972632117591, 48.119837949846684 ], [ 11.694598727460173, 48.118029744187311 ], [ 11.697302362409184, 48.119748804431708 ], [ 11.699736450795744, 48.119850880560932 ], [ 11.701342936818476, 48.118030705520177 ], [ 11.699082942048074, 48.116036232067714 ], [ 11.705393950268725, 48.11415450204079 ], [ 11.715775946618233, 48.11248480103206 ], [ 11.717248961299614, 48.110614774958265 ], [ 11.715030916371912, 48.108995215634963 ], [ 11.711215437016529, 48.109280722562843 ], [ 11.709748010011563, 48.107355055375209 ], [ 11.706134122058328, 48.105760963445569 ], [ 11.707197928643769, 48.104514219969438 ], [ 11.706796593639469, 48.102939236496148 ], [ 11.703322014346904, 48.101818413884601 ], [ 11.701831980124688, 48.102307730042085 ], [ 11.699095292937063, 48.105129007586839 ], [ 11.696503790172375, 48.104569214007597 ], [ 11.693914716055561, 48.105575007930277 ], [ 11.688024373825018, 48.111549688709047 ], [ 11.682255902051928, 48.11499063716019 ], [ 11.673655609183573, 48.108687627898412 ], [ 11.669514153298321, 48.104196710681322 ], [ 11.667128151952861, 48.103860805361776 ], [ 11.664630536898629, 48.105124851371158 ], [ 11.663349918698769, 48.102776699015806 ], [ 11.661717749502607, 48.101866115939664 ], [ 11.657381627773438, 48.094854987794839 ], [ 11.675031706944168, 48.087808403827246 ], [ 11.678564999277318, 48.085513702314955 ], [ 11.683555485897815, 48.084210652501511 ], [ 11.684199271016617, 48.083186218080648 ], [ 11.683821454344434, 48.082103880155948 ], [ 11.681751014756051, 48.081242474899454 ], [ 11.679484505723789, 48.08149046715657 ], [ 11.679491307660543, 48.077933884906408 ], [ 11.676984134656113, 48.076650385876647 ], [ 11.674387779047947, 48.077851624551855 ], [ 11.674009905266823, 48.083488639889445 ], [ 11.673158520688196, 48.084227632544092 ], [ 11.654956913081465, 48.091532940854833 ], [ 11.652870870460786, 48.090212882924867 ], [ 11.647913829787136, 48.090338670499925 ], [ 11.647912051547451, 48.087312404407299 ], [ 11.651358343453136, 48.084192635124609 ], [ 11.652736973328301, 48.081278434181208 ], [ 11.650912617511922, 48.079553364742509 ], [ 11.648775976480014, 48.080670767344238 ], [ 11.647849447315854, 48.080248104522312 ], [ 11.646592322338901, 48.082534009792639 ], [ 11.642437916514941, 48.086657496307154 ], [ 11.642904851456475, 48.095453762084517 ], [ 11.62851003271825, 48.098657154166204 ], [ 11.626498975218226, 48.088010518949019 ], [ 11.623748614056941, 48.084944238290241 ], [ 11.62071359499752, 48.083044667335322 ], [ 11.620345760583259, 48.084403698752908 ], [ 11.622122432993335, 48.092407146403126 ], [ 11.618739504781939, 48.090712360770013 ], [ 11.619257095188132, 48.088149685373921 ], [ 11.617846845079253, 48.086817723832766 ], [ 11.615279110163115, 48.086799702701128 ], [ 11.613760461540851, 48.088356916770877 ], [ 11.59850854700294, 48.084286739492832 ], [ 11.600277494093943, 48.078370912196831 ], [ 11.595793895390454, 48.078874576872913 ], [ 11.594390783569423, 48.079394294563329 ], [ 11.592998148723456, 48.08193309911497 ], [ 11.591116350240521, 48.082891182278537 ], [ 11.586675274294462, 48.091916655505521 ], [ 11.584878193199467, 48.093051170516262 ], [ 11.585046672576681, 48.095007744646971 ], [ 11.583807925250669, 48.096915384342459 ], [ 11.55680220187395, 48.08520761872326 ], [ 11.549895550391707, 48.070919637003094 ], [ 11.548856850500295, 48.07005301989718 ], [ 11.546434590679301, 48.069875909447333 ], [ 11.544796973187939, 48.071085201373684 ], [ 11.544877185655993, 48.07219550920415 ], [ 11.554216067525918, 48.091093422622222 ], [ 11.555595176326941, 48.092187003285694 ], [ 11.560171249940376, 48.092984971420329 ], [ 11.560312380311693, 48.093855255746327 ], [ 11.556820197046733, 48.093474412899063 ], [ 11.554664179501092, 48.094492836831975 ], [ 11.554193525439729, 48.095809104107083 ], [ 11.55579068511391, 48.098172079763579 ], [ 11.548688269910091, 48.099064657359534 ], [ 11.539709170437318, 48.08880863786635 ], [ 11.536581187963442, 48.087929597272307 ], [ 11.537024365364251, 48.086002653575484 ], [ 11.534035802802608, 48.082096932487971 ], [ 11.522112987288395, 48.071449912335993 ], [ 11.520518837549973, 48.069340450044358 ], [ 11.519213624871684, 48.065430934249086 ], [ 11.514246372918391, 48.064829696013206 ], [ 11.513780643064447, 48.065782022418041 ], [ 11.515388435218805, 48.070397387982325 ], [ 11.518616112534749, 48.074513805755977 ], [ 11.510714572199552, 48.075084716580172 ], [ 11.507793971045524, 48.076553795749675 ], [ 11.501785990864347, 48.077827662288087 ], [ 11.496048154584141, 48.080998803520728 ], [ 11.491380870443924, 48.076633273912364 ], [ 11.489258608221734, 48.077212270446047 ], [ 11.486057214208644, 48.075119940420258 ], [ 11.4821699609607, 48.073916782471969 ], [ 11.483778330147581, 48.075661035482398 ], [ 11.485007368752646, 48.079475887888798 ], [ 11.484809651662568, 48.084964027226391 ], [ 11.472683226446458, 48.087714483938285 ], [ 11.468784579920168, 48.089536145990188 ], [ 11.468138461092364, 48.090560033355459 ], [ 11.469054891689744, 48.092073382791071 ], [ 11.470583227268005, 48.092506243691716 ], [ 11.477847176085373, 48.090648383837809 ], [ 11.478382623244372, 48.091918500227173 ], [ 11.478572657044477, 48.094692216096171 ], [ 11.477456526276969, 48.096987663033062 ], [ 11.474371864419203, 48.102098890306493 ], [ 11.472353625603914, 48.10377504956066 ], [ 11.474040834015595, 48.113437874329961 ], [ 11.462649287698111, 48.112848632450245 ] ], [ [ 11.662297521211547, 48.141087509458117 ], [ 11.658998767465219, 48.136841417968938 ], [ 11.665464340043631, 48.138017215894614 ], [ 11.665564869580269, 48.142128639201658 ], [ 11.662297521211547, 48.141087509458117 ] ], [ [ 11.610667431587695, 48.100584680928257 ], [ 11.608485852808755, 48.099901492535352 ], [ 11.607495414285166, 48.098503876869081 ], [ 11.609622685435967, 48.099130742723169 ], [ 11.611609424079679, 48.096651763559279 ], [ 11.61096577920434, 48.099242109995544 ], [ 11.61243731349359, 48.0993641087044 ], [ 11.610667431587695, 48.100584680928257 ] ], [ [ 11.489881663864539, 48.167232107471406 ], [ 11.48972164458822, 48.167426010976556 ], [ 11.489890395143853, 48.167185507835974 ], [ 11.489881663864539, 48.167232107471406 ] ], [ [ 11.659470667723335, 48.128397000331432 ], [ 11.670148947612628, 48.124290390954499 ], [ 11.671939752256998, 48.127595521003826 ], [ 11.67863010699871, 48.135113855118682 ], [ 11.67438417046041, 48.135222088508826 ], [ 11.672184995545605, 48.133257034541295 ], [ 11.668399974499495, 48.133796616587588 ], [ 11.662841678741596, 48.132365156520407 ], [ 11.659470667723335, 48.128397000331432 ] ], [ [ 11.491260287620547, 48.082626863192672 ], [ 11.49098352958328, 48.082821632318861 ], [ 11.49096017795155, 48.082242103907127 ], [ 11.491260287620547, 48.082626863192672 ] ], [ [ 11.692996082818741, 48.135251951443543 ], [ 11.710846366949868, 48.135277996753956 ], [ 11.712658416693062, 48.136262068613675 ], [ 11.705961142122977, 48.13646124861291 ], [ 11.695710032236606, 48.138637875888406 ], [ 11.692658926133014, 48.137620159458962 ], [ 11.692996082818741, 48.135251951443543 ] ], [ [ 11.482723042686327, 48.137899245186652 ], [ 11.483700085545491, 48.139145687959747 ], [ 11.484135441261646, 48.139710092176962 ], [ 11.482469809461277, 48.138950892886356 ], [ 11.482723042686327, 48.137899245186652 ] ], [ [ 11.499568101752557, 48.110263091634344 ], [ 11.494014059734535, 48.110439487309201 ], [ 11.479586466894428, 48.11345345941254 ], [ 11.477874806326017, 48.104920838594133 ], [ 11.483826496846625, 48.095446532201265 ], [ 11.483019053522685, 48.089625088250969 ], [ 11.484842629886744, 48.08905169180796 ], [ 11.485136684632016, 48.094560128079237 ], [ 11.486683761332742, 48.096941781654031 ], [ 11.498317800283704, 48.103153603083094 ], [ 11.499411727242354, 48.105945790703281 ], [ 11.499568101752557, 48.110263091634344 ] ], [ [ 11.48052627362244, 48.117007121837524 ], [ 11.494721390049474, 48.11409298659057 ], [ 11.499599895392707, 48.113988213881484 ], [ 11.499718310948705, 48.118616469008195 ], [ 11.495395462999509, 48.119906272825467 ], [ 11.492347278241821, 48.122237657421991 ], [ 11.481578498377319, 48.121566546183594 ], [ 11.48052627362244, 48.117007121837524 ] ], [ [ 11.575247809020684, 48.189433328330416 ], [ 11.581441203909623, 48.189635330944213 ], [ 11.581320780547719, 48.194605430014114 ], [ 11.584067526170744, 48.20884231142783 ], [ 11.578177088064106, 48.209308525788884 ], [ 11.566195843396795, 48.207158717001001 ], [ 11.566281325266491, 48.206590697890682 ], [ 11.573159896172774, 48.20680249432867 ], [ 11.575436362496418, 48.205573043502547 ], [ 11.576294053046892, 48.200700200133895 ], [ 11.574671685875403, 48.196776369926738 ], [ 11.575247809020684, 48.189433328330416 ] ], [ [ 11.493890871790825, 48.131322750906349 ], [ 11.496830457191002, 48.133079407274202 ], [ 11.500133107278819, 48.13314521593032 ], [ 11.500149442971063, 48.133725706968917 ], [ 11.486897133133995, 48.134878490307287 ], [ 11.485534105044442, 48.131941134729097 ], [ 11.493890871790825, 48.131322750906349 ] ], [ [ 11.500245248877041, 48.137338961117173 ], [ 11.489747645836392, 48.138787949819324 ], [ 11.489202662537847, 48.138303955828682 ], [ 11.500245248877041, 48.137338961117173 ] ], [ [ 11.567018038892774, 48.097208167747972 ], [ 11.570450101443654, 48.095586647758687 ], [ 11.579001648540411, 48.099239209464322 ], [ 11.57945023964915, 48.103041156406 ], [ 11.5767619658765, 48.107858158733215 ], [ 11.571340821091228, 48.102664491139066 ], [ 11.567018038892774, 48.097208167747972 ] ], [ [ 11.570784629253399, 48.108946357976123 ], [ 11.569390068952226, 48.109108314246576 ], [ 11.566565892763867, 48.106061234881686 ], [ 11.562225331120052, 48.100364772986509 ], [ 11.562592107811478, 48.099606980936628 ], [ 11.570784629253399, 48.108946357976123 ] ], [ [ 11.543482364717089, 48.109214174625279 ], [ 11.542619539697796, 48.108931357434521 ], [ 11.542684502510056, 48.10812549057519 ], [ 11.543008844187021, 48.108669311999421 ], [ 11.543482364717089, 48.109214174625279 ] ], [ [ 11.564798717586527, 48.111128419073303 ], [ 11.555127961471973, 48.110342645955583 ], [ 11.55006867267241, 48.102573310274877 ], [ 11.556906984785495, 48.101734228087523 ], [ 11.564798717586527, 48.111128419073303 ] ], [ [ 11.425672864415738, 48.144932011305514 ], [ 11.440773940023801, 48.147454412376831 ], [ 11.422328854729113, 48.152536347933392 ], [ 11.425672864415738, 48.144932011305514 ] ], [ [ 11.453735993248795, 48.152176343705719 ], [ 11.441532502284916, 48.161859251386559 ], [ 11.434690639667641, 48.161940745856583 ], [ 11.428128133974299, 48.15892384572215 ], [ 11.424073087651163, 48.159629285103826 ], [ 11.418046339794975, 48.158280039305396 ], [ 11.41994778768971, 48.156606838354712 ], [ 11.44622038080311, 48.150228790061632 ], [ 11.448728269452673, 48.148124355938968 ], [ 11.451305027233262, 48.148482663689897 ], [ 11.453735993248795, 48.152176343705719 ] ], [ [ 11.454969593287391, 48.156656443799768 ], [ 11.455030192914698, 48.159256256830048 ], [ 11.453047219740661, 48.163249940648981 ], [ 11.44710055081946, 48.162456214195991 ], [ 11.454969593287391, 48.156656443799768 ] ], [ [ 11.463822210205874, 48.150877023839207 ], [ 11.464569014322448, 48.162969891995729 ], [ 11.458630287549104, 48.162858778995286 ], [ 11.460423828356564, 48.159404150258922 ], [ 11.459520628630193, 48.152154295839182 ], [ 11.463822210205874, 48.150877023839207 ] ], [ [ 11.495602782586754, 48.095652196362501 ], [ 11.497938997362017, 48.096810272616437 ], [ 11.502974190599755, 48.096303792372751 ], [ 11.504549654038598, 48.097531792030793 ], [ 11.50115845292984, 48.099696723486296 ], [ 11.491110912346274, 48.094654138166092 ], [ 11.490586950545273, 48.093584771403478 ], [ 11.49100945521665, 48.087104936077516 ], [ 11.492108999584181, 48.086340722106563 ], [ 11.49313974543165, 48.086978770118321 ], [ 11.495602782586754, 48.095652196362501 ] ], [ [ 11.497782083465673, 48.084986337931568 ], [ 11.500775564014614, 48.082786191450538 ], [ 11.500300440226196, 48.08519274517171 ], [ 11.497782083465673, 48.084986337931568 ] ], [ [ 11.457869605643658, 48.174185736637853 ], [ 11.453446068203323, 48.172905094975668 ], [ 11.456747772394154, 48.172313043658555 ], [ 11.457869605643658, 48.174185736637853 ] ], [ [ 11.538926823408481, 48.098685912282868 ], [ 11.531208473226751, 48.098076942114417 ], [ 11.529420651243349, 48.094085373729165 ], [ 11.525625128992308, 48.093495070562177 ], [ 11.524956337344717, 48.092346288072477 ], [ 11.536535307157761, 48.092137130668469 ], [ 11.538668490013455, 48.094963514895234 ], [ 11.538926823408481, 48.098685912282868 ] ], [ [ 11.526070063699446, 48.08145668879191 ], [ 11.529526749729049, 48.084051544525849 ], [ 11.532614884420546, 48.087976236687794 ], [ 11.53531774350423, 48.088463083400853 ], [ 11.523097805967387, 48.088699706159296 ], [ 11.520841877306307, 48.084311724401402 ], [ 11.526070063699446, 48.08145668879191 ] ], [ [ 11.50617111426978, 48.086455920039185 ], [ 11.506504315345351, 48.080369263413701 ], [ 11.514808197020317, 48.077940164664255 ], [ 11.523139927896628, 48.078130112274216 ], [ 11.514727405840031, 48.082965725187101 ], [ 11.514562890285314, 48.084071863952815 ], [ 11.517274132963134, 48.088621298145512 ], [ 11.50617111426978, 48.086455920039185 ] ], [ [ 11.519365470091351, 48.092795839066675 ], [ 11.5056120212091, 48.092488949547644 ], [ 11.505655544042003, 48.090261465417633 ], [ 11.519365470091351, 48.092795839066675 ] ], [ [ 11.587033311638994, 48.189776456843568 ], [ 11.60699776015613, 48.188263276260422 ], [ 11.610478715260415, 48.189777819562686 ], [ 11.61406952725002, 48.196494956367388 ], [ 11.612090415110266, 48.197685112643107 ], [ 11.595023565369686, 48.199974941213561 ], [ 11.587805412909779, 48.199367536597784 ], [ 11.586788835174024, 48.193742060302164 ], [ 11.587033311638994, 48.189776456843568 ] ], [ [ 11.589956213381546, 48.186086659216322 ], [ 11.598738066425565, 48.184301400175677 ], [ 11.600891485033996, 48.185189337388863 ], [ 11.593165513001658, 48.186020411783879 ], [ 11.589956213381546, 48.186086659216322 ] ], [ [ 11.500195526033073, 48.08878938417633 ], [ 11.50007158225068, 48.09211358840097 ], [ 11.500071327312751, 48.092332210864583 ], [ 11.499208104130627, 48.088782063224606 ], [ 11.500195526033073, 48.08878938417633 ] ], [ [ 11.63946729954948, 48.100153238880644 ], [ 11.642531308362969, 48.099404611683731 ], [ 11.643592927819421, 48.103732298834089 ], [ 11.640461160669775, 48.104071276256839 ], [ 11.63932071598566, 48.103301748244085 ], [ 11.63946729954948, 48.100153238880644 ] ], [ [ 11.517719325503412, 48.09632884906128 ], [ 11.520832370769678, 48.097086924402483 ], [ 11.514083056352192, 48.09628701611669 ], [ 11.517719325503412, 48.09632884906128 ] ], [ [ 11.521305243437004, 48.101265409404846 ], [ 11.521381567693613, 48.104125929743134 ], [ 11.513521345581694, 48.100023289154699 ], [ 11.521305243437004, 48.101265409404846 ] ], [ [ 11.517883759670189, 48.108264652559129 ], [ 11.507282260617494, 48.102964114240557 ], [ 11.506961257108541, 48.101612468738992 ], [ 11.507671122457396, 48.100904526042534 ], [ 11.512208863230585, 48.104208288395014 ], [ 11.518798629000337, 48.107303220380345 ], [ 11.517883759670189, 48.108264652559129 ] ], [ [ 11.490633946372263, 48.128010608741029 ], [ 11.481911172139975, 48.128085158008851 ], [ 11.482182926629322, 48.125723005725781 ], [ 11.490578036628046, 48.125814756248673 ], [ 11.490633946372263, 48.128010608741029 ] ], [ [ 11.505140383834661, 48.114089075892572 ], [ 11.514021604830521, 48.115113079749662 ], [ 11.514094600977021, 48.116277034673018 ], [ 11.505149331771474, 48.114856356820006 ], [ 11.505140383834661, 48.114089075892572 ] ], [ [ 11.505240015660219, 48.118602620437066 ], [ 11.515059078317318, 48.119867205031824 ], [ 11.515956935076439, 48.122098916852821 ], [ 11.505388617288181, 48.12331393606091 ], [ 11.505240015660219, 48.118602620437066 ] ], [ [ 11.514603329299286, 48.111379664959102 ], [ 11.505097591559865, 48.11034850282411 ], [ 11.504959909061004, 48.10658111521164 ], [ 11.514603329299286, 48.111379664959102 ] ], [ [ 11.587592614471594, 48.182590083611252 ], [ 11.587892882648887, 48.179367713639508 ], [ 11.591807279698303, 48.178196341473736 ], [ 11.594998178209764, 48.181493917427758 ], [ 11.587592614471594, 48.182590083611252 ] ], [ [ 11.57547846187385, 48.185748532101044 ], [ 11.5759414621595, 48.179854305965222 ], [ 11.58233506284542, 48.179379138041867 ], [ 11.581753551697924, 48.185936688975289 ], [ 11.57547846187385, 48.185748532101044 ] ], [ [ 11.569409586849263, 48.197565972100357 ], [ 11.570907681211096, 48.200753128545287 ], [ 11.570392910487097, 48.203183076399242 ], [ 11.566794192069995, 48.203009471270263 ], [ 11.568624281626256, 48.189200099934176 ], [ 11.569864152246449, 48.189253490156993 ], [ 11.569409586849263, 48.197565972100357 ] ], [ [ 11.436927413324465, 48.165267065683814 ], [ 11.440528213291106, 48.165395475177434 ], [ 11.450510681921008, 48.166578966602572 ], [ 11.445796203445658, 48.169710359358554 ], [ 11.440858866360086, 48.167726927531611 ], [ 11.43756109512492, 48.167889548997486 ], [ 11.435411300509598, 48.166196270565628 ], [ 11.436927413324465, 48.165267065683814 ] ], [ [ 11.688555838201708, 48.116049647923042 ], [ 11.697473765774411, 48.108657711324348 ], [ 11.700893703631269, 48.109636462816248 ], [ 11.703036684376173, 48.108706285460542 ], [ 11.706009806835722, 48.110166671256962 ], [ 11.699761125167205, 48.111607539800971 ], [ 11.688555838201708, 48.116049647923042 ] ], [ [ 11.529420163315704, 48.222556013863446 ], [ 11.519555030648496, 48.220072956245353 ], [ 11.528248133981835, 48.21983632139159 ], [ 11.529420163315704, 48.222556013863446 ] ], [ [ 11.463763162667746, 48.14464544738037 ], [ 11.462787156554979, 48.147050211305917 ], [ 11.461675011338732, 48.147358891043254 ], [ 11.461701944752029, 48.145532905883996 ], [ 11.459992258392347, 48.142256475288505 ], [ 11.467901398050223, 48.142148505390388 ], [ 11.470584900139292, 48.14285265889545 ], [ 11.46967068230664, 48.143655781893138 ], [ 11.463763162667746, 48.14464544738037 ] ], [ [ 11.455941605816919, 48.145277181198963 ], [ 11.455616341372618, 48.144670419634743 ], [ 11.455603536604686, 48.144602993857205 ], [ 11.455941605816919, 48.145277181198963 ] ], [ [ 11.537993626237517, 48.123701563786277 ], [ 11.537414398454972, 48.120148739255271 ], [ 11.537041781179269, 48.118680882183327 ], [ 11.537786916361508, 48.118729798437734 ], [ 11.538637845314424, 48.123639165829637 ], [ 11.537993626237517, 48.123701563786277 ] ], [ [ 11.53141093245342, 48.118632737105123 ], [ 11.532530817708071, 48.122687381451158 ], [ 11.530942599546757, 48.123499480834688 ], [ 11.530248487658829, 48.124848438828913 ], [ 11.532524937302716, 48.126869383321477 ], [ 11.531727542735872, 48.127698723445619 ], [ 11.528408882178768, 48.127693983078082 ], [ 11.524664159061317, 48.125431018011824 ], [ 11.525011614450619, 48.123390907957877 ], [ 11.521257098595306, 48.120621671561899 ], [ 11.519701074130715, 48.115832273498398 ], [ 11.525049329985038, 48.118112638143415 ], [ 11.53141093245342, 48.118632737105123 ] ], [ [ 11.522527611704998, 48.111889594742379 ], [ 11.523388448708925, 48.113004097190348 ], [ 11.520959188081058, 48.111912095268011 ], [ 11.522527611704998, 48.111889594742379 ] ], [ [ 11.64867218239343, 48.114567735121533 ], [ 11.651474044849159, 48.11684727866178 ], [ 11.6459878141142, 48.119039799288714 ], [ 11.644103689420167, 48.119437510015757 ], [ 11.643264084901265, 48.11777956760104 ], [ 11.64867218239343, 48.114567735121533 ] ], [ [ 11.663352734864295, 48.112147430813025 ], [ 11.656723441125017, 48.114972008651215 ], [ 11.652262405294969, 48.111802401592982 ], [ 11.652623742999564, 48.110971034450237 ], [ 11.657510837657298, 48.110502907929295 ], [ 11.660788829124867, 48.108377120455856 ], [ 11.663352734864295, 48.112147430813025 ] ], [ [ 11.668894075580962, 48.111819574840609 ], [ 11.66695965493642, 48.108628765251055 ], [ 11.667316988627, 48.108390688939764 ], [ 11.669822513864066, 48.111221303920232 ], [ 11.668894075580962, 48.111819574840609 ] ], [ [ 11.656205987614188, 48.119276164591845 ], [ 11.659679894284418, 48.121046277093939 ], [ 11.650730449125041, 48.123439872857006 ], [ 11.646623406477035, 48.123941248704831 ], [ 11.64587294965577, 48.12283559891835 ], [ 11.656205987614188, 48.119276164591845 ] ], [ [ 11.527059905012424, 48.102071818030844 ], [ 11.52815596305596, 48.104399103647147 ], [ 11.531350824305909, 48.108352096792999 ], [ 11.528618104622646, 48.108106816606188 ], [ 11.526020395785114, 48.106284911236195 ], [ 11.527059905012424, 48.102071818030844 ] ], [ [ 11.49768859548044, 48.123360712490772 ], [ 11.499832177165624, 48.122343404843178 ], [ 11.499873624477136, 48.12365081603599 ], [ 11.49768859548044, 48.123360712490772 ] ], [ [ 11.499985602462809, 48.127735825045484 ], [ 11.499179897829791, 48.129553283605503 ], [ 11.497844050531482, 48.128862748465153 ], [ 11.499985602462809, 48.127735825045484 ] ], [ [ 11.623180979724482, 48.09910206742817 ], [ 11.616592848876012, 48.099380071892035 ], [ 11.617739135557526, 48.094638183993304 ], [ 11.622958001615176, 48.097437923430718 ], [ 11.623180979724482, 48.09910206742817 ] ], [ [ 11.61214210695068, 48.094259052058163 ], [ 11.612719553770415, 48.092463326068831 ], [ 11.612149936975412, 48.094675257124919 ], [ 11.61214210695068, 48.094259052058163 ] ], [ [ 11.570106478814568, 48.185560987419066 ], [ 11.569216130605158, 48.184338854331934 ], [ 11.569926243443383, 48.179305453902934 ], [ 11.570584702112015, 48.179494157723347 ], [ 11.570106478814568, 48.185560987419066 ] ], [ [ 11.53082916484054, 48.206997483678734 ], [ 11.527218666337626, 48.200246843274897 ], [ 11.526743463755771, 48.197927175431133 ], [ 11.527413797784137, 48.19636548847545 ], [ 11.526066973042925, 48.194977375041773 ], [ 11.525100783412576, 48.19112760191706 ], [ 11.53137242831987, 48.190240369107819 ], [ 11.53301993905918, 48.200170954957542 ], [ 11.534383395985682, 48.201386008577984 ], [ 11.536793345089771, 48.201776642065703 ], [ 11.536891196722911, 48.202693018725618 ], [ 11.53082916484054, 48.206997483678734 ] ], [ [ 11.538277280789785, 48.197956978490467 ], [ 11.537144701877914, 48.194327692209406 ], [ 11.542492456039671, 48.193754823375293 ], [ 11.545518915408913, 48.192242096632363 ], [ 11.541233632464754, 48.199139027837099 ], [ 11.538277280789785, 48.197956978490467 ] ], [ [ 11.545427957587505, 48.201499574704947 ], [ 11.553521017164091, 48.187969711069577 ], [ 11.563031825041493, 48.188787251598569 ], [ 11.55980197709922, 48.210895078475588 ], [ 11.547209593405535, 48.21289271242491 ], [ 11.54254613370246, 48.213076151237658 ], [ 11.540115917926206, 48.21210352191612 ], [ 11.532751305355044, 48.213065418046249 ], [ 11.535751786154407, 48.208534686165422 ], [ 11.545427957587505, 48.201499574704947 ] ], [ [ 11.555867251666339, 48.184434647167805 ], [ 11.560118563428651, 48.17803556616105 ], [ 11.564728075511788, 48.177929888248734 ], [ 11.563669953213163, 48.185108605906265 ], [ 11.555867251666339, 48.184434647167805 ] ], [ [ 11.543658371302918, 48.184366872560226 ], [ 11.543113867064857, 48.178538481353364 ], [ 11.546989839029813, 48.178095458139701 ], [ 11.549756347982616, 48.178735484357368 ], [ 11.55411415744318, 48.178023373101709 ], [ 11.549949324238105, 48.184205680155777 ], [ 11.543658371302918, 48.184366872560226 ] ], [ [ 11.53701335934408, 48.178180593523756 ], [ 11.538162584241498, 48.184865917097341 ], [ 11.535584091149934, 48.18506202561418 ], [ 11.531819694974228, 48.180850898672929 ], [ 11.531845053449853, 48.17829265276584 ], [ 11.53701335934408, 48.178180593523756 ] ], [ [ 11.536620067581385, 48.188728776305979 ], [ 11.54312115263644, 48.188116766368424 ], [ 11.547954886444128, 48.187979085104125 ], [ 11.547591498397734, 48.188894089645757 ], [ 11.543279659460001, 48.188559879634411 ], [ 11.539896914631326, 48.190434141650698 ], [ 11.536806133543475, 48.190728198709692 ], [ 11.536620067581385, 48.188728776305979 ] ], [ [ 11.618038043286438, 48.192661533313 ], [ 11.620606454535039, 48.194519780832962 ], [ 11.619589920600498, 48.195148383886576 ], [ 11.618038043286438, 48.192661533313 ] ], [ [ 11.505794038145829, 48.137207792837678 ], [ 11.512125862955937, 48.136941245057841 ], [ 11.519423101922289, 48.136740258391995 ], [ 11.50581574240543, 48.137856899917416 ], [ 11.505794038145829, 48.137207792837678 ] ], [ [ 11.536577633187889, 48.134060255862934 ], [ 11.538440396368911, 48.135427443967231 ], [ 11.542849034407878, 48.135486569039188 ], [ 11.546731472992629, 48.137389492198693 ], [ 11.537321417915802, 48.13800691397892 ], [ 11.536577633187889, 48.134060255862934 ] ], [ [ 11.542131057848543, 48.127936545713119 ], [ 11.542693494124499, 48.131886219973879 ], [ 11.542206430549088, 48.131912402863946 ], [ 11.541513007521218, 48.128719929538299 ], [ 11.542131057848543, 48.127936545713119 ] ], [ [ 11.539896664398475, 48.153092050833443 ], [ 11.554241421451501, 48.15019995165936 ], [ 11.554599816268651, 48.150710617132312 ], [ 11.546989822774231, 48.156840677517721 ], [ 11.539896664398475, 48.153092050833443 ] ], [ [ 11.539678381009741, 48.149345012153134 ], [ 11.540382383507039, 48.147386285611645 ], [ 11.543357378737333, 48.148618695440064 ], [ 11.539678381009741, 48.149345012153134 ] ], [ [ 11.537808549554983, 48.144058757639073 ], [ 11.537367346311546, 48.141725810479578 ], [ 11.542777015181711, 48.141384204427887 ], [ 11.545700240822143, 48.141211904243384 ], [ 11.545862985160893, 48.14222695867474 ], [ 11.537808549554983, 48.144058757639073 ] ], [ [ 11.560918389011738, 48.170314764347061 ], [ 11.556969570662128, 48.174175369022429 ], [ 11.548933253617397, 48.174342103811391 ], [ 11.54635169905908, 48.173576238630211 ], [ 11.543997827533323, 48.174213036227279 ], [ 11.541562147486815, 48.171976807539664 ], [ 11.540862642326447, 48.166378305014689 ], [ 11.547744280414841, 48.162062224576822 ], [ 11.550196472853738, 48.163143222547049 ], [ 11.550578483132501, 48.166763358031211 ], [ 11.552661951410439, 48.169118229648568 ], [ 11.555905387238115, 48.170241979157971 ], [ 11.560918389011738, 48.170314764347061 ] ], [ [ 11.561254860433277, 48.163078342446596 ], [ 11.561993692025011, 48.166440571567001 ], [ 11.557561027290019, 48.166758624214239 ], [ 11.555950000121246, 48.165797458088136 ], [ 11.555766380708938, 48.163332142664444 ], [ 11.561254860433277, 48.163078342446596 ] ], [ [ 11.543371175925866, 48.159674001598006 ], [ 11.540403272194224, 48.161445595721098 ], [ 11.540111889047704, 48.15789337169285 ], [ 11.543371175925866, 48.159674001598006 ] ], [ [ 11.531722132783308, 48.137297899167926 ], [ 11.531597360765931, 48.138326213431498 ], [ 11.530880573387096, 48.138373974766729 ], [ 11.530893370384653, 48.137889619492114 ], [ 11.531722132783308, 48.137297899167926 ] ], [ [ 11.522685396445908, 48.131639536375936 ], [ 11.519171178379919, 48.128671558808477 ], [ 11.514783069724951, 48.12637361014783 ], [ 11.51864142534332, 48.126015212960738 ], [ 11.524336787233274, 48.130443158281984 ], [ 11.522685396445908, 48.131639536375936 ] ], [ [ 11.517266151192398, 48.13310359865087 ], [ 11.505682810907507, 48.133504261328852 ], [ 11.505522989990039, 48.127906650016783 ], [ 11.507550126219705, 48.127690177455555 ], [ 11.512058945199687, 48.129606720897726 ], [ 11.517266151192398, 48.13310359865087 ] ], [ [ 11.536265107838856, 48.129829781796666 ], [ 11.536318963276241, 48.129816128423805 ], [ 11.536236739829029, 48.129853587071672 ], [ 11.536265107838856, 48.129829781796666 ] ], [ [ 11.534425735395235, 48.156787762837723 ], [ 11.534974121586222, 48.165403093550943 ], [ 11.534049319203222, 48.16631169287087 ], [ 11.532154580354572, 48.167667555943574 ], [ 11.529946793552329, 48.167434757222203 ], [ 11.532922750851332, 48.158733370926335 ], [ 11.534425735395235, 48.156787762837723 ] ], [ [ 11.517376607123355, 48.169684712003026 ], [ 11.522560915322039, 48.170479134156487 ], [ 11.526924125655013, 48.170867840149683 ], [ 11.52203191303421, 48.173370107398064 ], [ 11.513862732552548, 48.170651693284945 ], [ 11.517376607123355, 48.169684712003026 ] ], [ [ 11.512366649664822, 48.166940248789039 ], [ 11.510519032021637, 48.164359226024153 ], [ 11.514034427266555, 48.161924742470951 ], [ 11.514269730818731, 48.157586814397753 ], [ 11.527527234125619, 48.158662153301179 ], [ 11.526262046693653, 48.163616782244013 ], [ 11.524490636950485, 48.166971687651667 ], [ 11.516710719171067, 48.165919957774619 ], [ 11.512366649664822, 48.166940248789039 ] ], [ [ 11.5188680178697, 48.152526320233463 ], [ 11.530165306833165, 48.154210036047559 ], [ 11.529107299518259, 48.155222132206447 ], [ 11.516629467992024, 48.153991891726506 ], [ 11.5188680178697, 48.152526320233463 ] ], [ [ 11.517022400940581, 48.175911463964802 ], [ 11.511685674831165, 48.178514156286283 ], [ 11.505965691626315, 48.174319596213209 ], [ 11.509010732542858, 48.17278888646365 ], [ 11.511095263538248, 48.174360672200564 ], [ 11.517022400940581, 48.175911463964802 ] ], [ [ 11.477809765973532, 48.176111743446768 ], [ 11.490065972162801, 48.167727652222524 ], [ 11.492092183732012, 48.170645848998547 ], [ 11.497678001959267, 48.17439477866526 ], [ 11.489845365175869, 48.177608287529672 ], [ 11.477809765973532, 48.176111743446768 ] ], [ [ 11.507129563544394, 48.16926769981265 ], [ 11.503804121912719, 48.170773629634589 ], [ 11.499955202921681, 48.170914188597223 ], [ 11.495512020264718, 48.167403467595747 ], [ 11.505593110570807, 48.16603429763498 ], [ 11.507129563544394, 48.16926769981265 ] ], [ [ 11.485501826312403, 48.165652540470539 ], [ 11.47190584072648, 48.175736514094453 ], [ 11.46429612568045, 48.175503485674291 ], [ 11.463385847089706, 48.175334478343494 ], [ 11.463174994475603, 48.172961364305728 ], [ 11.461623725842164, 48.170421526738167 ], [ 11.459906632672562, 48.169169668732614 ], [ 11.460007425110421, 48.166547936474267 ], [ 11.485501826312403, 48.165652540470539 ] ], [ [ 11.474306090010954, 48.14714738856631 ], [ 11.500595032269972, 48.145230887309204 ], [ 11.501421960358039, 48.151508987041701 ], [ 11.502776872127038, 48.153194301598113 ], [ 11.506610124383785, 48.154399501446569 ], [ 11.508535168697138, 48.156015195533307 ], [ 11.508632061534509, 48.160630685306288 ], [ 11.504686205760009, 48.162319566047032 ], [ 11.493555163750669, 48.163571523799554 ], [ 11.486835032444658, 48.161989404163336 ], [ 11.469954355927889, 48.162945430650765 ], [ 11.46901109627238, 48.149131862416731 ], [ 11.474306090010954, 48.14714738856631 ] ], [ [ 11.516690222750265, 48.143424493105734 ], [ 11.517650117120839, 48.148748255999756 ], [ 11.511119624787646, 48.152440751206278 ], [ 11.506608127981456, 48.150503609169242 ], [ 11.505953815789928, 48.144745946883717 ], [ 11.516690222750265, 48.143424493105734 ] ], [ [ 11.492598698345533, 48.142122333751068 ], [ 11.500384276073515, 48.141479586781131 ], [ 11.490404103509379, 48.142520498392692 ], [ 11.492598698345533, 48.142122333751068 ] ], [ [ 11.531669045397186, 48.142070947773433 ], [ 11.532055692790278, 48.144861044617947 ], [ 11.523015163849868, 48.147425052036958 ], [ 11.521999264326988, 48.142828920900477 ], [ 11.531669045397186, 48.142070947773433 ] ], [ [ 11.525505873532891, 48.138402231506149 ], [ 11.523928448109064, 48.138864181829987 ], [ 11.523772389185661, 48.138877719584627 ], [ 11.525505873532891, 48.138402231506149 ] ], [ [ 11.527616209642463, 48.149966415550203 ], [ 11.533799090264468, 48.148391846613279 ], [ 11.533986397803824, 48.150596348201482 ], [ 11.532839370289704, 48.151030972869414 ], [ 11.527616209642463, 48.149966415550203 ] ], [ [ 11.628943585713579, 48.13070664112935 ], [ 11.631074960337321, 48.136554549428432 ], [ 11.61837862330661, 48.135320411081878 ], [ 11.619157889493005, 48.132306668455037 ], [ 11.628943585713579, 48.13070664112935 ] ], [ [ 11.643469909042901, 48.12902800527344 ], [ 11.6410663669668, 48.130155990178835 ], [ 11.634732591334044, 48.130992616091206 ], [ 11.633988846848647, 48.129430595776114 ], [ 11.643048799120896, 48.128197966573836 ], [ 11.643469909042901, 48.12902800527344 ] ], [ [ 11.619060105126012, 48.128484847386105 ], [ 11.619417179379594, 48.128162288037018 ], [ 11.619493886603596, 48.128403550333751 ], [ 11.619060105126012, 48.128484847386105 ] ], [ [ 11.65500151599362, 48.137512415017049 ], [ 11.637560792018702, 48.136819395954717 ], [ 11.6357539461656, 48.134545605568242 ], [ 11.643031563, 48.133507975017167 ], [ 11.654725568201531, 48.130084636528316 ], [ 11.659059644847501, 48.134927058066054 ], [ 11.66554293564783, 48.136844725363908 ], [ 11.657736385251344, 48.136550531863278 ], [ 11.65500151599362, 48.137512415017049 ] ], [ [ 11.655504050530254, 48.148422885149692 ], [ 11.64693898109943, 48.145551777407697 ], [ 11.642395644641937, 48.144884515286563 ], [ 11.641059753646619, 48.14182486759956 ], [ 11.653317044888572, 48.141480717867118 ], [ 11.658756706039105, 48.142367170357147 ], [ 11.656047485597488, 48.146147163315412 ], [ 11.655504050530254, 48.148422885149692 ] ], [ [ 11.644649289707138, 48.157565752118948 ], [ 11.643207483708888, 48.148933320177754 ], [ 11.655611423134244, 48.152067175555914 ], [ 11.658240397864541, 48.15952646460039 ], [ 11.660047300138606, 48.161897485859463 ], [ 11.660420644226253, 48.164354759468765 ], [ 11.657432695124095, 48.165725903181688 ], [ 11.656612643884838, 48.166888972397864 ], [ 11.653436913596973, 48.167875499610062 ], [ 11.646437698233102, 48.167581258405086 ], [ 11.647753900248867, 48.162204246098611 ], [ 11.644649289707138, 48.157565752118948 ] ], [ [ 11.638392741249008, 48.119351043938934 ], [ 11.641101037891772, 48.124609025435078 ], [ 11.636335305333779, 48.125075264677591 ], [ 11.633949890964635, 48.120047071245722 ], [ 11.638392741249008, 48.119351043938934 ] ], [ [ 11.628830830941938, 48.12113838358372 ], [ 11.631198556686885, 48.126148533944644 ], [ 11.62471552146517, 48.127559856844499 ], [ 11.623358781937343, 48.12198935614078 ], [ 11.628830830941938, 48.12113838358372 ] ], [ [ 11.630600545904821, 48.145151749832856 ], [ 11.62963521378968, 48.140822758773048 ], [ 11.634714267463979, 48.142073268690694 ], [ 11.636830808598049, 48.144477474723146 ], [ 11.630600545904821, 48.145151749832856 ] ], [ [ 11.620311164989342, 48.155547911710343 ], [ 11.626915197693055, 48.155446828786097 ], [ 11.626381394810881, 48.162033673056719 ], [ 11.620311164989342, 48.155547911710343 ] ], [ [ 11.631229863355188, 48.148775611412681 ], [ 11.637777143789471, 48.148065327478875 ], [ 11.638618073322212, 48.15345816628372 ], [ 11.631546776483598, 48.151599629596639 ], [ 11.631229863355188, 48.148775611412681 ] ], [ [ 11.638411659334038, 48.157829919898553 ], [ 11.64215099932048, 48.161867178294159 ], [ 11.642241954381461, 48.164266074149481 ], [ 11.641452619790847, 48.166106626196687 ], [ 11.635645028582543, 48.167091951246022 ], [ 11.632141258108597, 48.164510300290708 ], [ 11.631783761612356, 48.158659550165808 ], [ 11.632494424656278, 48.155408706408814 ], [ 11.638411659334038, 48.157829919898553 ] ], [ [ 11.617680059913468, 48.139891983441018 ], [ 11.624234118052758, 48.140166356808777 ], [ 11.625374924300209, 48.146162996030554 ], [ 11.61901371798082, 48.146972042465464 ], [ 11.617680059913468, 48.139891983441018 ] ], [ [ 11.612742874878125, 48.143934260216099 ], [ 11.613353895210746, 48.14733417808948 ], [ 11.610729150134462, 48.147929421450293 ], [ 11.609361760725292, 48.142861375763523 ], [ 11.612742874878125, 48.143934260216099 ] ], [ [ 11.619021881308118, 48.150664525221629 ], [ 11.625898739736563, 48.149801742678861 ], [ 11.626098524292724, 48.151778576673003 ], [ 11.618607136095362, 48.151646160738622 ], [ 11.619021881308118, 48.150664525221629 ] ], [ [ 11.605065045455136, 48.154755036282033 ], [ 11.602107791516454, 48.151204524131295 ], [ 11.601805586465947, 48.150783120325393 ], [ 11.607923738224761, 48.153593025047613 ], [ 11.605065045455136, 48.154755036282033 ] ], [ [ 11.598957425036993, 48.147050873412091 ], [ 11.597949366389246, 48.144179230609517 ], [ 11.598661171504322, 48.143919074580381 ], [ 11.60086059061134, 48.147033985636227 ], [ 11.598957425036993, 48.147050873412091 ] ], [ [ 11.60392354490428, 48.142123527744758 ], [ 11.603971033283834, 48.141801816841962 ], [ 11.603984178848107, 48.142526314579655 ], [ 11.60392354490428, 48.142123527744758 ] ], [ [ 11.588852523081259, 48.160511200367672 ], [ 11.582242422372456, 48.146551049715619 ], [ 11.590597301742426, 48.144521698416568 ], [ 11.591425048983993, 48.146457617063383 ], [ 11.600326678557147, 48.157272829060204 ], [ 11.598946000124233, 48.15895748462502 ], [ 11.590985222203553, 48.164058281193988 ], [ 11.589145162602248, 48.162715409642949 ], [ 11.588852523081259, 48.160511200367672 ] ], [ [ 11.57704550281381, 48.165003729524408 ], [ 11.577525292393569, 48.161957096052291 ], [ 11.583494910340162, 48.161514106607171 ], [ 11.58360355470805, 48.165327589607209 ], [ 11.57704550281381, 48.165003729524408 ] ], [ [ 11.583356886658157, 48.168926212040269 ], [ 11.582622349802985, 48.175637519430538 ], [ 11.575585730989056, 48.176089900846868 ], [ 11.576552736902872, 48.168729289629432 ], [ 11.583356886658157, 48.168926212040269 ] ], [ [ 11.577171151500893, 48.14775056725896 ], [ 11.581018891296676, 48.155936438767512 ], [ 11.577929505461348, 48.155988990705737 ], [ 11.578043790959978, 48.153954969150604 ], [ 11.575483759755214, 48.14991736722056 ], [ 11.576943486456649, 48.149102493968435 ], [ 11.577171151500893, 48.14775056725896 ] ], [ [ 11.555400978635767, 48.146256423088431 ], [ 11.555407188707006, 48.14626740399288 ], [ 11.55533732949066, 48.146276756397278 ], [ 11.555400978635767, 48.146256423088431 ] ], [ [ 11.526266823805845, 48.180211248566728 ], [ 11.524114112415507, 48.180182239734563 ], [ 11.524066128626156, 48.178323513689065 ], [ 11.526334525433303, 48.178341801561452 ], [ 11.526266823805845, 48.180211248566728 ] ], [ [ 11.402458552165516, 48.155262473883056 ], [ 11.41039098462609, 48.159182214372599 ], [ 11.407028172829753, 48.159031046700107 ], [ 11.402458552165516, 48.155262473883056 ] ], [ [ 11.46422929109098, 48.17923185320717 ], [ 11.47202254286891, 48.179456071639478 ], [ 11.47232209718886, 48.180589314335293 ], [ 11.463865567886993, 48.180025507775852 ], [ 11.46422929109098, 48.17923185320717 ] ], [ [ 11.498615079448268, 48.181747974342088 ], [ 11.498429752587761, 48.181928045202874 ], [ 11.498413267749717, 48.181692498873915 ], [ 11.498615079448268, 48.181747974342088 ] ], [ [ 11.502138106111897, 48.176962771344883 ], [ 11.502743048017836, 48.177407935265315 ], [ 11.505483092119034, 48.179200128608016 ], [ 11.499353561882193, 48.178053146334733 ], [ 11.502138106111897, 48.176962771344883 ] ], [ [ 11.518327800357046, 48.183706436924531 ], [ 11.51878119351143, 48.188565544491084 ], [ 11.505279224408438, 48.191033461931113 ], [ 11.506782500158399, 48.186339199541266 ], [ 11.510246552709642, 48.184092603263757 ], [ 11.512350343538508, 48.183140754501494 ], [ 11.518327800357046, 48.183706436924531 ] ], [ [ 11.518738745525154, 48.180051873784706 ], [ 11.518017598261221, 48.180063714696331 ], [ 11.518767541711336, 48.179688508869468 ], [ 11.518738745525154, 48.180051873784706 ] ], [ [ 11.524016938805117, 48.187503301560568 ], [ 11.523709456809739, 48.183775098088518 ], [ 11.528049394319577, 48.183835991652579 ], [ 11.529634277089292, 48.18560012687459 ], [ 11.527498931400537, 48.187271368280271 ], [ 11.524016938805117, 48.187503301560568 ] ], [ [ 11.487142165043782, 48.18171219042587 ], [ 11.486391036267531, 48.181618965897236 ], [ 11.487134133649976, 48.18145289747082 ], [ 11.487142165043782, 48.18171219042587 ] ], [ [ 11.531254045619416, 48.174082132815876 ], [ 11.53122046111082, 48.173375063490319 ], [ 11.53563554228244, 48.17065232889761 ], [ 11.536003560702573, 48.17448655122255 ], [ 11.531254045619416, 48.174082132815876 ] ], [ [ 11.560375613031562, 48.144531704923807 ], [ 11.562888102794794, 48.144181799343599 ], [ 11.561715202289227, 48.144857887701086 ], [ 11.560711877839932, 48.145144004864036 ], [ 11.560375613031562, 48.144531704923807 ] ], [ [ 11.536374289881222, 48.115085698981964 ], [ 11.53652624409802, 48.112514852940038 ], [ 11.536721354942008, 48.112512478636816 ], [ 11.536964846117256, 48.115083892972429 ], [ 11.536374289881222, 48.115085698981964 ] ], [ [ 11.528681174303532, 48.114911643373617 ], [ 11.53101800312777, 48.114711893832535 ], [ 11.53100333654233, 48.115017301476115 ], [ 11.528681174303532, 48.114911643373617 ] ], [ [ 11.551091550068969, 48.141123778574368 ], [ 11.551529222943095, 48.140833275415609 ], [ 11.552279985803212, 48.140857831736987 ], [ 11.551091550068969, 48.141123778574368 ] ], [ [ 11.549988403904054, 48.133999669943769 ], [ 11.549397405033121, 48.132123786754811 ], [ 11.547655019169367, 48.130394839282154 ], [ 11.547861369104808, 48.128998181122313 ], [ 11.550054090823771, 48.127625529241378 ], [ 11.553070118043593, 48.129191619469104 ], [ 11.553109085306332, 48.129994479438722 ], [ 11.5528194892517, 48.131743210720472 ], [ 11.549988403904054, 48.133999669943769 ] ], [ [ 11.552374299732266, 48.12432606597676 ], [ 11.551334004682339, 48.123639126525717 ], [ 11.551164602322411, 48.121632041883252 ], [ 11.552374299732266, 48.12432606597676 ] ], [ [ 11.627814894812273, 48.104079089189952 ], [ 11.634003674606902, 48.101245804168492 ], [ 11.63377758046008, 48.104073693603105 ], [ 11.627814894812273, 48.104079089189952 ] ], [ [ 11.656254067425495, 48.106209798496984 ], [ 11.653059356311868, 48.10727055647461 ], [ 11.656251493671972, 48.104585283886252 ], [ 11.656254067425495, 48.106209798496984 ] ], [ [ 11.652488421110398, 48.096576657407397 ], [ 11.655249227681169, 48.100348670852398 ], [ 11.652481116178452, 48.101918455458708 ], [ 11.650065172202014, 48.09733740845072 ], [ 11.652488421110398, 48.096576657407397 ] ], [ [ 11.56781239617184, 48.172150143633786 ], [ 11.567585602906329, 48.169514759036318 ], [ 11.570926170395859, 48.169229946545727 ], [ 11.570052650370343, 48.175291635755265 ], [ 11.56781239617184, 48.172150143633786 ] ], [ [ 11.570820050758503, 48.156513113323349 ], [ 11.565175247797702, 48.157712114474485 ], [ 11.563556447675044, 48.153268698353344 ], [ 11.567945091029181, 48.152039477821369 ], [ 11.570820050758503, 48.156513113323349 ] ], [ [ 11.572010779391066, 48.162565871987063 ], [ 11.571404403328328, 48.165556216875451 ], [ 11.567515211987605, 48.165895234154739 ], [ 11.566842198743759, 48.162871648358554 ], [ 11.572010779391066, 48.162565871987063 ] ], [ [ 11.588467101913354, 48.174096699394838 ], [ 11.589493912135874, 48.16903942716187 ], [ 11.593576543910162, 48.17290267802133 ], [ 11.588467101913354, 48.174096699394838 ] ], [ [ 11.567819807463781, 48.13638234030217 ], [ 11.570224254287965, 48.133904929523354 ], [ 11.574497887731104, 48.136355945255353 ], [ 11.581260635132983, 48.136791104988795 ], [ 11.581887530926497, 48.138860980665633 ], [ 11.580259930292581, 48.140843009593283 ], [ 11.580760522432879, 48.142944508788851 ], [ 11.578879928946055, 48.141058496450604 ], [ 11.57530227615907, 48.141196940607514 ], [ 11.568199135833913, 48.138622996283765 ], [ 11.567819807463781, 48.13638234030217 ] ], [ [ 11.562220452845875, 48.135506839672793 ], [ 11.558525837617154, 48.135645497531222 ], [ 11.558774160435046, 48.131902251939046 ], [ 11.563107159530476, 48.134046447739863 ], [ 11.562220452845875, 48.135506839672793 ] ], [ [ 11.5611018113522, 48.127292161824577 ], [ 11.566260215590344, 48.125596146501124 ], [ 11.571753502952857, 48.128497731416552 ], [ 11.569622260889172, 48.130079145149971 ], [ 11.566186053685856, 48.130996796029152 ], [ 11.561095371552257, 48.128593878234845 ], [ 11.5611018113522, 48.127292161824577 ] ], [ [ 11.538226229704273, 48.102252511847233 ], [ 11.536902002663533, 48.108711110728599 ], [ 11.536050841052544, 48.106399499553241 ], [ 11.532505234831735, 48.101741125177483 ], [ 11.538226229704273, 48.102252511847233 ] ], [ [ 11.599560689046578, 48.179396976576015 ], [ 11.59679639646072, 48.176186307380419 ], [ 11.600103167020796, 48.17911487782419 ], [ 11.599560689046578, 48.179396976576015 ] ], [ [ 11.594174678668105, 48.167097971116085 ], [ 11.59420046620048, 48.166943792965299 ], [ 11.594244918320063, 48.167009972663017 ], [ 11.594174678668105, 48.167097971116085 ] ], [ [ 11.648360591919927, 48.12748362048255 ], [ 11.650401471870559, 48.127549473353994 ], [ 11.648667990774364, 48.128089714311066 ], [ 11.648360591919927, 48.12748362048255 ] ], [ [ 11.605391380211957, 48.137481308683348 ], [ 11.601769997976279, 48.13848612555158 ], [ 11.601364591019639, 48.137563202308449 ], [ 11.605391380211957, 48.137481308683348 ] ], [ [ 11.595870678462047, 48.121641231557675 ], [ 11.587369779730112, 48.119746048624528 ], [ 11.589635040818784, 48.118973569179801 ], [ 11.596527555073003, 48.120614543451651 ], [ 11.595870678462047, 48.121641231557675 ] ], [ [ 11.584305285935608, 48.124219486204453 ], [ 11.584780190837037, 48.124155924771529 ], [ 11.584366933069257, 48.124275972821692 ], [ 11.584305285935608, 48.124219486204453 ] ], [ [ 11.598667066072204, 48.116935748710681 ], [ 11.596875449765371, 48.116900655563022 ], [ 11.596760469902311, 48.116873029845351 ], [ 11.598667066072204, 48.116935748710681 ] ], [ [ 11.583067608390143, 48.128990607883217 ], [ 11.589052171930289, 48.127020867150918 ], [ 11.590692383729875, 48.128130162112903 ], [ 11.588431729501407, 48.129712637947691 ], [ 11.585263155886201, 48.13006236192529 ], [ 11.583067608390143, 48.128990607883217 ] ], [ [ 11.577394832434734, 48.132630248189464 ], [ 11.574655028916855, 48.131713776133232 ], [ 11.576599628050682, 48.130272755974325 ], [ 11.580828465165041, 48.132425585671818 ], [ 11.577394832434734, 48.132630248189464 ] ], [ [ 11.599737118402144, 48.133772592455038 ], [ 11.593532072715803, 48.131466757473895 ], [ 11.599278136673984, 48.127769900192305 ], [ 11.607577334112905, 48.133812126224008 ], [ 11.599737118402144, 48.133772592455038 ] ], [ [ 11.590908242457397, 48.135151684625875 ], [ 11.590767977428943, 48.134567465518792 ], [ 11.591354412592798, 48.134757410984463 ], [ 11.590908242457397, 48.135151684625875 ] ], [ [ 11.600014862477375, 48.113338182042362 ], [ 11.595718688639797, 48.113177682076419 ], [ 11.598139177356888, 48.10922275899523 ], [ 11.601074148461768, 48.109881444328806 ], [ 11.600014862477375, 48.113338182042362 ] ], [ [ 11.592951633991337, 48.107862582677726 ], [ 11.590002324635194, 48.113322851509139 ], [ 11.587824496443455, 48.113515661099555 ], [ 11.584311700588174, 48.112336296110527 ], [ 11.580641108330356, 48.112895592956939 ], [ 11.579723672539217, 48.112225418093807 ], [ 11.583930528965547, 48.106560754697121 ], [ 11.585658282290094, 48.106463381868494 ], [ 11.592951633991337, 48.107862582677726 ] ], [ [ 11.594044915891411, 48.104251811675617 ], [ 11.586193368502776, 48.102867979279836 ], [ 11.586679750487406, 48.102054886998538 ], [ 11.594028366119687, 48.103933799581739 ], [ 11.594044915891411, 48.104251811675617 ] ], [ [ 11.607919395654035, 48.090639189580067 ], [ 11.606777335942924, 48.095068961605172 ], [ 11.604822666549822, 48.097389224034671 ], [ 11.603285019728791, 48.102147298188541 ], [ 11.588921892936497, 48.098672013746977 ], [ 11.595917300705054, 48.088030754614401 ], [ 11.607919395654035, 48.090639189580067 ] ], [ [ 11.60168632017535, 48.106195243185077 ], [ 11.59963028511716, 48.105159173179437 ], [ 11.601837787153455, 48.105723240420808 ], [ 11.60168632017535, 48.106195243185077 ] ], [ [ 11.586021489105001, 48.141611098051186 ], [ 11.587858228250077, 48.13952452408099 ], [ 11.588622696693962, 48.141162987689235 ], [ 11.586021489105001, 48.141611098051186 ] ], [ [ 11.57618124461826, 48.122453657539737 ], [ 11.577437830728709, 48.124294472924802 ], [ 11.575907772402578, 48.125345059215604 ], [ 11.571525460408999, 48.123035184917335 ], [ 11.574472541506704, 48.121940454807294 ], [ 11.57618124461826, 48.122453657539737 ] ], [ [ 11.542221982753137, 48.114137137387281 ], [ 11.545956475618683, 48.113802001620101 ], [ 11.545714367022622, 48.120724618666472 ], [ 11.543694851739163, 48.120370514530315 ], [ 11.542221982753137, 48.114137137387281 ] ], [ [ 11.543938094419419, 48.124288360005309 ], [ 11.544667157410348, 48.124482240316475 ], [ 11.54511783400125, 48.1247112047229 ], [ 11.543938094419419, 48.124288360005309 ] ], [ [ 11.560682657200116, 48.117629954891001 ], [ 11.558119388120376, 48.114257434367168 ], [ 11.565551908284043, 48.114985352510914 ], [ 11.569407669013115, 48.114315439038258 ], [ 11.571741591457339, 48.118842669387583 ], [ 11.567010419081877, 48.120636635617394 ], [ 11.560682657200116, 48.117629954891001 ] ], [ [ 11.551296237647376, 48.114204205690847 ], [ 11.55516196175425, 48.118269719107282 ], [ 11.551111103667967, 48.12100464672654 ], [ 11.551296237647376, 48.114204205690847 ] ], [ [ 11.579405543485095, 48.119528045082298 ], [ 11.579702007138687, 48.119060017017041 ], [ 11.579851763307692, 48.118562040929113 ], [ 11.580003452848423, 48.118706622640474 ], [ 11.579405543485095, 48.119528045082298 ] ], [ [ 11.633982508676798, 48.109105701716913 ], [ 11.636519429634488, 48.110832679854767 ], [ 11.643911128939024, 48.110978547150694 ], [ 11.644585986792885, 48.111864590566924 ], [ 11.639011066187249, 48.115153450591308 ], [ 11.630814578195654, 48.11677104588275 ], [ 11.619514074474857, 48.113314087916486 ], [ 11.621624271910862, 48.108734079291395 ], [ 11.622877743373156, 48.107743891912712 ], [ 11.633768682128453, 48.107733093416023 ], [ 11.633982508676798, 48.109105701716913 ] ], [ [ 11.621891878324815, 48.118168696534333 ], [ 11.622049709081946, 48.117820335182174 ], [ 11.623061575807274, 48.118297881327855 ], [ 11.621891878324815, 48.118168696534333 ] ], [ [ 11.610208903433547, 48.122860671412049 ], [ 11.610858753714009, 48.127158295199116 ], [ 11.605967823864621, 48.123916565421574 ], [ 11.607340883410803, 48.122769719979239 ], [ 11.610208903433547, 48.122860671412049 ] ], [ [ 11.616018959803824, 48.125229049662721 ], [ 11.615710136671888, 48.122506346051885 ], [ 11.617857855063294, 48.122339811583558 ], [ 11.617782801377995, 48.124190770917821 ], [ 11.616018959803824, 48.125229049662721 ] ], [ [ 11.61308757656289, 48.133892066821012 ], [ 11.613628185740852, 48.133217119108828 ], [ 11.613025009262703, 48.134370977005133 ], [ 11.61308757656289, 48.133892066821012 ] ], [ [ 11.613781581887398, 48.118184876186724 ], [ 11.615804252857302, 48.117492197238732 ], [ 11.616354750801548, 48.118749723175455 ], [ 11.614920444801172, 48.118843443598585 ], [ 11.613781581887398, 48.118184876186724 ] ], [ [ 11.606328695483741, 48.110641021920117 ], [ 11.61120994703049, 48.112110636745513 ], [ 11.610474217798828, 48.115017685053481 ], [ 11.60923023303017, 48.115988581807819 ], [ 11.605145513482967, 48.114680800337638 ], [ 11.606328695483741, 48.110641021920117 ] ], [ [ 11.603684966816699, 48.118223792331811 ], [ 11.605249224142172, 48.118692390346631 ], [ 11.603605321219373, 48.118374909221465 ], [ 11.603684966816699, 48.118223792331811 ] ], [ [ 11.610368002067311, 48.103170870335205 ], [ 11.609994771223752, 48.103703508781521 ], [ 11.608422627595214, 48.103366786601129 ], [ 11.608505553729207, 48.103053655568942 ], [ 11.610368002067311, 48.103170870335205 ] ], [ [ 11.608185535373918, 48.107211718931786 ], [ 11.607692124482856, 48.107147424193705 ], [ 11.606909407908695, 48.107058427511177 ], [ 11.608185535373918, 48.107211718931786 ] ], [ [ 11.620660085094039, 48.104046985431587 ], [ 11.616664670658768, 48.103723155371952 ], [ 11.616498861284816, 48.102978273417889 ], [ 11.622486873111429, 48.102726949549336 ], [ 11.620660085094039, 48.104046985431587 ] ], [ [ 11.551826432484701, 48.159437608950924 ], [ 11.55422604069218, 48.156797330700506 ], [ 11.554718730867197, 48.15704544589493 ], [ 11.551826432484701, 48.159437608950924 ] ], [ [ 11.557720167884597, 48.154040032025691 ], [ 11.558220584752926, 48.153806296177635 ], [ 11.558454769589558, 48.154443490257385 ], [ 11.557720167884597, 48.154040032025691 ] ], [ [ 11.70620282539767, 48.140321435983047 ], [ 11.706062247681141, 48.140278055835672 ], [ 11.706301628522706, 48.140227688919246 ], [ 11.70620282539767, 48.140321435983047 ] ], [ [ 11.673063102315295, 48.1176221680225 ], [ 11.674259542912557, 48.114556613528634 ], [ 11.67826688553771, 48.117478005858032 ], [ 11.673063102315295, 48.1176221680225 ] ], [ [ 11.675073615706696, 48.122852522233607 ], [ 11.682455980343487, 48.120551431203147 ], [ 11.683403459021124, 48.121751526331778 ], [ 11.675642699524085, 48.123927364086732 ], [ 11.675073615706696, 48.122852522233607 ] ], [ [ 11.665208380501836, 48.11565961590717 ], [ 11.667386590565227, 48.118470138105103 ], [ 11.665040779625686, 48.119221009401208 ], [ 11.661242720158244, 48.117335995612031 ], [ 11.665208380501836, 48.11565961590717 ] ] ], [ [ [ 11.546801882882038, 48.224624541268291 ], [ 11.554382923427267, 48.228579043648764 ], [ 11.560337810846127, 48.22869772809058 ], [ 11.56638259287856, 48.227033605157573 ], [ 11.568880441041433, 48.225249081698067 ], [ 11.546801882882038, 48.224624541268291 ] ] ], [ [ [ 11.627125255591203, 48.181687162091968 ], [ 11.633015481516386, 48.18256769777993 ], [ 11.634182345835129, 48.182416530839838 ], [ 11.631345265435252, 48.180567987363233 ], [ 11.627125255591203, 48.181687162091968 ] ] ], [ [ [ 11.48274071119994, 48.217552702734338 ], [ 11.481305226790372, 48.2126971242282 ], [ 11.474704853466204, 48.218577669601103 ], [ 11.474216474469252, 48.22017783962928 ], [ 11.475866649573373, 48.221382425915657 ], [ 11.478386111143209, 48.221222698981201 ], [ 11.48274071119994, 48.217552702734338 ] ] ], [ [ [ 11.480117379370252, 48.2112559751194 ], [ 11.473235996395147, 48.208135666989548 ], [ 11.468576518887797, 48.207846921241106 ], [ 11.461237547813381, 48.209671352324378 ], [ 11.457971320103541, 48.212273213734193 ], [ 11.459591668332353, 48.21551594594834 ], [ 11.461825402276821, 48.216178132207034 ], [ 11.464281285442, 48.214845165412868 ], [ 11.464048006287381, 48.212098591655383 ], [ 11.46498218297792, 48.211325016335152 ], [ 11.477200324729342, 48.211810603315449 ], [ 11.480117379370252, 48.2112559751194 ] ] ] ] } },
{ "type": "Feature", "properties": { "Jangkuan1": "1000m", "Jangkuan": "500", "Kategoris": "Dekat" }, "geometry": { "type": "MultiPolygon", "coordinates": [ [ [ [ 11.460846323822844, 48.109883117048398 ], [ 11.462380936109493, 48.112522200461392 ], [ 11.474040834015595, 48.113437874329961 ], [ 11.472353625603914, 48.10377504956066 ], [ 11.474371864419203, 48.102098890306493 ], [ 11.477456526276969, 48.096987663033062 ], [ 11.478572657044477, 48.094692216096171 ], [ 11.478382623244372, 48.091918500227173 ], [ 11.477847176085373, 48.090648383837809 ], [ 11.470583227268005, 48.092506243691716 ], [ 11.469054891689744, 48.092073382791071 ], [ 11.468138461092364, 48.090560033355459 ], [ 11.468784579920168, 48.089536145990188 ], [ 11.472683226446458, 48.087714483938285 ], [ 11.484809651662568, 48.084964027226391 ], [ 11.485007368752646, 48.079475887888798 ], [ 11.483778330147581, 48.075661035482398 ], [ 11.4821699609607, 48.073916782471969 ], [ 11.477341288070026, 48.073669913067825 ], [ 11.479684559949153, 48.076269710057701 ], [ 11.480857736285968, 48.079313447888239 ], [ 11.480805070714851, 48.08325793340196 ], [ 11.470746516951587, 48.085347479398372 ], [ 11.464631416843853, 48.088963120973354 ], [ 11.464275604764609, 48.091731967625243 ], [ 11.46641710595193, 48.094112108947662 ], [ 11.470238092648842, 48.09519430792998 ], [ 11.474435036710027, 48.094502031272427 ], [ 11.468346144887837, 48.103502456725558 ], [ 11.469581314672373, 48.110345259858157 ], [ 11.460846323822844, 48.109883117048398 ] ] ], [ [ [ 11.462766012638195, 48.11624353177622 ], [ 11.4630140630422, 48.119001924539795 ], [ 11.467503806912859, 48.119235209578562 ], [ 11.463168273488961, 48.119541460052822 ], [ 11.463796702959037, 48.120701483810599 ], [ 11.462690303709872, 48.122576788168004 ], [ 11.47592549370094, 48.121575490222824 ], [ 11.474894956728875, 48.117127929278396 ], [ 11.462766012638195, 48.11624353177622 ] ] ], [ [ [ 11.463032593434251, 48.127724450037427 ], [ 11.465333189623131, 48.128516404160109 ], [ 11.464146592863806, 48.129125831017511 ], [ 11.466152756975509, 48.131476588472488 ], [ 11.472764752408949, 48.126923074134375 ], [ 11.472710237973288, 48.125535590847058 ], [ 11.463882902500462, 48.125797660904595 ], [ 11.462246274249761, 48.124973704586218 ], [ 11.463032593434251, 48.127724450037427 ] ] ], [ [ [ 11.472669202239612, 48.134439054901605 ], [ 11.47086753730963, 48.135173155981754 ], [ 11.469032236413433, 48.134596104464819 ], [ 11.463192204800263, 48.138541560039954 ], [ 11.468981963922088, 48.138620260285904 ], [ 11.477292571283108, 48.14021276276349 ], [ 11.477875549371559, 48.136005408836368 ], [ 11.48131395068148, 48.135061865451789 ], [ 11.480055015423986, 48.131469593544729 ], [ 11.475371125593227, 48.130494090329584 ], [ 11.470619179133184, 48.133794517446546 ], [ 11.472669202239612, 48.134439054901605 ] ], [ [ 11.473846607732323, 48.135513512548833 ], [ 11.473472687537679, 48.136757786487557 ], [ 11.47210459041708, 48.136378488482116 ], [ 11.473846607732323, 48.135513512548833 ] ] ], [ [ [ 11.464272681775823, 48.132391938932301 ], [ 11.460678713790163, 48.131261573204661 ], [ 11.458197254239053, 48.13258065690264 ], [ 11.456717674443038, 48.130397972139711 ], [ 11.450363331123862, 48.129359462269854 ], [ 11.446960836515814, 48.129719886557609 ], [ 11.444800980898599, 48.132634042431306 ], [ 11.441319486198319, 48.129951598618675 ], [ 11.437136147851769, 48.131300959780305 ], [ 11.439011736788812, 48.132194284514817 ], [ 11.440697046493527, 48.134349548070219 ], [ 11.44780336966539, 48.137662032739421 ], [ 11.453830809089052, 48.142078672052222 ], [ 11.453721429406475, 48.140531077602994 ], [ 11.448932806650623, 48.134125860212585 ], [ 11.449098902822149, 48.13216303013445 ], [ 11.451164971731327, 48.131294536926873 ], [ 11.453428992350492, 48.131902938399676 ], [ 11.457320315765061, 48.137490649889031 ], [ 11.464272681775823, 48.132391938932301 ] ] ], [ [ [ 11.432653869011054, 48.135326619719564 ], [ 11.42841874850463, 48.133857990337795 ], [ 11.42424842794477, 48.133505694131443 ], [ 11.418774330242663, 48.134528226553513 ], [ 11.415298381929357, 48.133049816472344 ], [ 11.411443812142195, 48.139265801324555 ], [ 11.42210605375378, 48.140772737397931 ], [ 11.425040443422326, 48.135902611591327 ], [ 11.427956790734116, 48.135090102829928 ], [ 11.430012507394409, 48.136695562267988 ], [ 11.427463797744792, 48.141500181771349 ], [ 11.45004164346447, 48.144632207273276 ], [ 11.444266119203476, 48.140373597662411 ], [ 11.437177951518741, 48.137181493547914 ], [ 11.434772461175324, 48.134638194487344 ], [ 11.43349269394743, 48.134132706240806 ], [ 11.432653869011054, 48.135326619719564 ] ], [ [ 11.432931413379011, 48.139509622930042 ], [ 11.433517345027377, 48.138453163086034 ], [ 11.435985795557828, 48.139935684778003 ], [ 11.434813223434881, 48.139776753321222 ], [ 11.432931413379011, 48.139509622930042 ] ], [ [ 11.419650172758173, 48.137676209473177 ], [ 11.416926040227748, 48.137297196656682 ], [ 11.418187167314992, 48.135077352116632 ], [ 11.421212856974236, 48.134965499835999 ], [ 11.419650172758173, 48.137676209473177 ] ] ], [ [ [ 11.409577908248735, 48.132208594800204 ], [ 11.402571796688743, 48.133793927227053 ], [ 11.400549924526276, 48.137412441607637 ], [ 11.406029744298802, 48.138451066496785 ], [ 11.409577908248735, 48.132208594800204 ] ] ], [ [ [ 11.398211495148381, 48.148894792773021 ], [ 11.412893524851846, 48.155668432199214 ], [ 11.41519794408145, 48.15463168653914 ], [ 11.416757577002711, 48.152309205650845 ], [ 11.420365698176349, 48.144204512721622 ], [ 11.39983809609779, 48.141130552880156 ], [ 11.398330267572018, 48.141656859021587 ], [ 11.397389461997138, 48.144142444386347 ], [ 11.397781824009744, 48.146423563355725 ], [ 11.397132801761012, 48.147580979900553 ], [ 11.398211495148381, 48.148894792773021 ] ], [ [ 11.401371901060397, 48.144568372941549 ], [ 11.41501222287873, 48.146215848276057 ], [ 11.412453339265435, 48.151990921808334 ], [ 11.401576969770934, 48.147236381331695 ], [ 11.401371901060397, 48.144568372941549 ] ] ], [ [ [ 11.399991741031728, 48.16232237868406 ], [ 11.40070924093679, 48.16484135045846 ], [ 11.404031258442439, 48.166609904105762 ], [ 11.400541627360044, 48.170729354018832 ], [ 11.400640246883238, 48.173888595041028 ], [ 11.393685206281157, 48.175486886557692 ], [ 11.392869806659796, 48.178589682356389 ], [ 11.399729549492434, 48.176669778887323 ], [ 11.403161359537721, 48.176639661677889 ], [ 11.40547102433607, 48.175266156390812 ], [ 11.404392211937317, 48.171538525345987 ], [ 11.408911064354886, 48.166281360862008 ], [ 11.404829665664645, 48.163076332711249 ], [ 11.401916736528912, 48.162043814131295 ], [ 11.399991741031728, 48.16232237868406 ] ] ], [ [ [ 11.395658089957578, 48.183951442961195 ], [ 11.401981585136435, 48.184378511411957 ], [ 11.402531636014109, 48.187076543149516 ], [ 11.406449544215091, 48.187407855520725 ], [ 11.40669542555788, 48.1867475588394 ], [ 11.405685720324149, 48.181060950974015 ], [ 11.39419091561593, 48.182165613531957 ], [ 11.395658089957578, 48.183951442961195 ] ] ], [ [ [ 11.412067482662406, 48.186539580028189 ], [ 11.416027270146797, 48.184737409011099 ], [ 11.415805573742878, 48.183979472048463 ], [ 11.41790176517898, 48.183402434534159 ], [ 11.419217948085146, 48.181531645520465 ], [ 11.411383003210245, 48.181362753917405 ], [ 11.410940609279901, 48.181990929075859 ], [ 11.412067482662406, 48.186539580028189 ] ] ], [ [ [ 11.420195238037003, 48.177978150100486 ], [ 11.420396144801741, 48.176237070450192 ], [ 11.411562082411514, 48.177702190913372 ], [ 11.420195238037003, 48.177978150100486 ] ] ], [ [ [ 11.418940437097147, 48.172713937976312 ], [ 11.413051747228014, 48.168844415664168 ], [ 11.409718689749885, 48.172217163457468 ], [ 11.410552722631031, 48.174048573788731 ], [ 11.418940437097147, 48.172713937976312 ] ] ], [ [ [ 11.426487308940645, 48.169333100847787 ], [ 11.430485496386162, 48.167754403115723 ], [ 11.429919111186305, 48.166019647988279 ], [ 11.430746000797978, 48.164386770808143 ], [ 11.426965126491082, 48.16270889036408 ], [ 11.423935091822422, 48.163349376954365 ], [ 11.41679887606476, 48.161801901303932 ], [ 11.415583477901013, 48.165255538332033 ], [ 11.42268662024742, 48.169818413119224 ], [ 11.426487308940645, 48.169333100847787 ] ], [ [ 11.426672623246793, 48.168693181734952 ], [ 11.42413689994572, 48.167097417440857 ], [ 11.422322093170774, 48.165871309297053 ], [ 11.425895561835381, 48.165964224621121 ], [ 11.426672623246793, 48.168693181734952 ] ] ], [ [ [ 11.448457280144659, 48.176397076061846 ], [ 11.448192117911461, 48.179593734977239 ], [ 11.450028163416507, 48.178936855728999 ], [ 11.454300061025005, 48.180160537024683 ], [ 11.453165746038339, 48.185815253048943 ], [ 11.453969361579921, 48.188369834220914 ], [ 11.451394904647493, 48.194453252972878 ], [ 11.451338146962296, 48.198961431581189 ], [ 11.455388847121602, 48.200623843342221 ], [ 11.455365198449281, 48.194940027373413 ], [ 11.456700105126354, 48.193114350862309 ], [ 11.458043184838285, 48.188434966330362 ], [ 11.457205779464536, 48.185733292532163 ], [ 11.458964829194397, 48.178019380286827 ], [ 11.449527239649878, 48.175773726827849 ], [ 11.448457280144659, 48.176397076061846 ] ] ], [ [ [ 11.460781398996485, 48.200973875843331 ], [ 11.466377793737056, 48.1996983501732 ], [ 11.460782129680231, 48.199051416526977 ], [ 11.460781398996485, 48.200973875843331 ] ] ], [ [ [ 11.476389863793367, 48.195914212192463 ], [ 11.480118288145151, 48.192379542651295 ], [ 11.469398451610262, 48.193661517473025 ], [ 11.466134767686009, 48.193283465723702 ], [ 11.467405906293887, 48.189098519482812 ], [ 11.467240731823752, 48.186691979786886 ], [ 11.474008598685636, 48.18790571538694 ], [ 11.496408329019303, 48.188615802913795 ], [ 11.49623260273456, 48.189204215862901 ], [ 11.491995950884935, 48.189655609976619 ], [ 11.496654399648216, 48.191924611123596 ], [ 11.499559536504655, 48.191416821331828 ], [ 11.501595900992378, 48.185384695673918 ], [ 11.495734988583882, 48.185935830730863 ], [ 11.493644338497631, 48.185404748219121 ], [ 11.492844469911278, 48.184217360534753 ], [ 11.493076954419424, 48.180792025213727 ], [ 11.492504022459917, 48.180938588114778 ], [ 11.492539447786628, 48.184686148307136 ], [ 11.490058491715818, 48.185867440566618 ], [ 11.474003915327851, 48.185186057181227 ], [ 11.47036701786684, 48.183943447842267 ], [ 11.46509443732818, 48.183532810511942 ], [ 11.46295930896766, 48.184104048863325 ], [ 11.462598107396428, 48.185840032692333 ], [ 11.463388651196711, 48.188847274853799 ], [ 11.460950036842444, 48.195429334462943 ], [ 11.469365343334614, 48.196386928378516 ], [ 11.476389863793367, 48.195914212192463 ] ] ], [ [ [ 11.497617793961092, 48.19764134974816 ], [ 11.498410939452651, 48.200404584321149 ], [ 11.500987806812965, 48.203210120861094 ], [ 11.50037260461983, 48.200524559394118 ], [ 11.501511234755851, 48.197663355278209 ], [ 11.516722343999193, 48.195803946614504 ], [ 11.518074947556904, 48.201751646302412 ], [ 11.521019938895687, 48.20720054079996 ], [ 11.523890523826667, 48.207440178606753 ], [ 11.521700321318841, 48.208554014219771 ], [ 11.52205242259291, 48.213608901361475 ], [ 11.516881149141534, 48.213306518022748 ], [ 11.51545949110648, 48.21583156613999 ], [ 11.518453971543588, 48.216528575416667 ], [ 11.525995203048918, 48.216335212697324 ], [ 11.525950903999156, 48.208775575759596 ], [ 11.521987614249266, 48.20109058237837 ], [ 11.519904032330826, 48.192206726017091 ], [ 11.508190838411291, 48.194484785193204 ], [ 11.498193076210743, 48.195456368101958 ], [ 11.497617793961092, 48.19764134974816 ] ] ], [ [ [ 11.519422022280329, 48.224127416809708 ], [ 11.52477845067796, 48.226287769979592 ], [ 11.529850417763651, 48.226521433808898 ], [ 11.519422022280329, 48.224127416809708 ] ] ], [ [ [ 11.539756133940248, 48.222548378306122 ], [ 11.541920500807239, 48.220190675214489 ], [ 11.538022440976428, 48.219699481177145 ], [ 11.537755555202814, 48.219038296057889 ], [ 11.542610725748983, 48.219364939921434 ], [ 11.544077086128095, 48.216692466225652 ], [ 11.545094971067083, 48.217924844889417 ], [ 11.544835564813155, 48.219316305258552 ], [ 11.554706781116417, 48.218057595461076 ], [ 11.5545660064776, 48.220724180205735 ], [ 11.555293159154818, 48.222160344110748 ], [ 11.545008994161066, 48.221435105748242 ], [ 11.545459930928455, 48.223000104393414 ], [ 11.546801882882038, 48.224624541268291 ], [ 11.568880441041433, 48.225249081698067 ], [ 11.570882040959118, 48.222661452408886 ], [ 11.568082812104437, 48.222507647889792 ], [ 11.569715049770053, 48.220155810818753 ], [ 11.568855517017886, 48.216962925585925 ], [ 11.569240937885127, 48.214224715803986 ], [ 11.577780536818347, 48.215578296910785 ], [ 11.58034636029323, 48.212805230173977 ], [ 11.565687994387876, 48.210752725734089 ], [ 11.564802617293365, 48.217043555317034 ], [ 11.565699886750686, 48.219868451379845 ], [ 11.564492637880791, 48.221189855654032 ], [ 11.561993228196444, 48.221852556657595 ], [ 11.559985119907974, 48.22163616659504 ], [ 11.558570213196161, 48.220368398847874 ], [ 11.559231023157801, 48.214795133642077 ], [ 11.547816581148089, 48.216466966017826 ], [ 11.539777790943296, 48.216704816680753 ], [ 11.538135873876957, 48.215937071675704 ], [ 11.532079748463209, 48.216856963863954 ], [ 11.535213183903888, 48.222795782092781 ], [ 11.539756133940248, 48.222548378306122 ] ] ], [ [ [ 11.558561697188587, 48.22892645508513 ], [ 11.560337810846127, 48.22869772809058 ], [ 11.554579667209342, 48.228595403897977 ], [ 11.558561697188587, 48.22892645508513 ] ] ], [ [ [ 11.590109340884293, 48.2110356777143 ], [ 11.59395028668593, 48.20984501661485 ], [ 11.593232134746016, 48.206309087090361 ], [ 11.613516732162445, 48.204052846797907 ], [ 11.611827692301592, 48.207092804443519 ], [ 11.612972395737566, 48.210178460786516 ], [ 11.616187039040831, 48.208401811548775 ], [ 11.616115426003528, 48.206466485555765 ], [ 11.618193846908131, 48.205159913915473 ], [ 11.6163337333554, 48.201159126549911 ], [ 11.61498885271693, 48.200975668266757 ], [ 11.595518620829509, 48.203641300412968 ], [ 11.588524127482312, 48.203056982149747 ], [ 11.590109340884293, 48.2110356777143 ] ] ], [ [ [ 11.622595858790408, 48.2015317326671 ], [ 11.624561035910761, 48.200804815756861 ], [ 11.622833884121356, 48.198058735081275 ], [ 11.621197697752248, 48.199121552217477 ], [ 11.622595858790408, 48.2015317326671 ] ] ], [ [ [ 11.631988149449153, 48.196864352857332 ], [ 11.626903421153688, 48.189239809353651 ], [ 11.63209220758616, 48.187078884956406 ], [ 11.629757469433905, 48.184830941616923 ], [ 11.622534877832846, 48.187851659258278 ], [ 11.617388350836634, 48.188764994701302 ], [ 11.624028293959475, 48.191149104716999 ], [ 11.629182856372751, 48.198872874815429 ], [ 11.631988149449153, 48.196864352857332 ] ] ], [ [ [ 11.625840213824931, 48.181575341445573 ], [ 11.630799037175798, 48.18053740818101 ], [ 11.63312796593994, 48.181156925304776 ], [ 11.634182345835129, 48.182416530839838 ], [ 11.638175486107025, 48.182070633603367 ], [ 11.637606667214492, 48.180757583432481 ], [ 11.640816053799483, 48.180272872285144 ], [ 11.643841076721863, 48.178367853743332 ], [ 11.644613984306764, 48.175637481722021 ], [ 11.643577240813816, 48.173848304683588 ], [ 11.654033199457233, 48.174214076831788 ], [ 11.663572270896097, 48.171579663735237 ], [ 11.669300614054322, 48.167111723734294 ], [ 11.669936449074987, 48.165513882777169 ], [ 11.669250188070958, 48.163149708163928 ], [ 11.66721212615183, 48.160688694144731 ], [ 11.663438975169457, 48.158551380960994 ], [ 11.665280181476893, 48.161063902677753 ], [ 11.665917639069795, 48.165292640256126 ], [ 11.661745869508218, 48.169099114498529 ], [ 11.652907722833708, 48.171598572794522 ], [ 11.642791030126729, 48.171064807907207 ], [ 11.640991234407489, 48.169957957565188 ], [ 11.638613305103471, 48.170364228378652 ], [ 11.639453311621073, 48.172517961251621 ], [ 11.639189251258594, 48.174428326746117 ], [ 11.640612973345853, 48.175979238831275 ], [ 11.640303732222023, 48.17707137899751 ], [ 11.638286098476417, 48.177991054958575 ], [ 11.633403772222787, 48.177778402442328 ], [ 11.632833106035967, 48.179097483488349 ], [ 11.630592563799285, 48.179746629477606 ], [ 11.628490398897128, 48.178915859155168 ], [ 11.627354103833074, 48.175268028543876 ], [ 11.622657534323301, 48.171703357240048 ], [ 11.621324823393312, 48.167342728671727 ], [ 11.618964605890508, 48.164173146918536 ], [ 11.616527651323141, 48.162520193701063 ], [ 11.611260682771784, 48.156528238558714 ], [ 11.6068971601372, 48.158306768482618 ], [ 11.60580604214406, 48.160273602119602 ], [ 11.599364648269995, 48.163773652750052 ], [ 11.598966622502672, 48.164397999229742 ], [ 11.600238516899211, 48.16539788630034 ], [ 11.602883974577859, 48.170955826460379 ], [ 11.602616271063082, 48.172487139588803 ], [ 11.601220985269112, 48.173830124437451 ], [ 11.612055999895503, 48.18398559479666 ], [ 11.619231297456057, 48.184841864588883 ], [ 11.626466990820099, 48.181966799661396 ], [ 11.625840213824931, 48.181575341445573 ] ], [ [ 11.60613717219556, 48.163869118027257 ], [ 11.60604519317325, 48.16213380250187 ], [ 11.607833473012636, 48.162693144796947 ], [ 11.610154472046617, 48.160616071516905 ], [ 11.615476459315754, 48.165606510031182 ], [ 11.617487979173012, 48.16832851577756 ], [ 11.618878966525122, 48.172646841502939 ], [ 11.623810559697969, 48.176805885945889 ], [ 11.624575383678359, 48.179574854896082 ], [ 11.618818833566703, 48.182024927140276 ], [ 11.613993566201652, 48.181132870075345 ], [ 11.606154005649238, 48.173816495806946 ], [ 11.606864125627721, 48.170519852198922 ], [ 11.604127738857878, 48.164791832885449 ], [ 11.60613717219556, 48.163869118027257 ] ] ], [ [ [ 11.666252257587484, 48.156628847695146 ], [ 11.664908549242808, 48.148634017814622 ], [ 11.667564103312511, 48.144620891250419 ], [ 11.673133115782512, 48.144172607636008 ], [ 11.678181983740028, 48.144755458396176 ], [ 11.679361648226033, 48.147740089371773 ], [ 11.683013823367496, 48.149465730716784 ], [ 11.689021614691454, 48.147126816402022 ], [ 11.693199868351824, 48.146593957071047 ], [ 11.698648951384495, 48.143957084849681 ], [ 11.695157397642609, 48.14362383493274 ], [ 11.691521148670269, 48.144372238169595 ], [ 11.688008299229363, 48.143583203588697 ], [ 11.687022489585424, 48.146268798455814 ], [ 11.684824088042914, 48.146977459784409 ], [ 11.682310404504191, 48.145696742427191 ], [ 11.682857296430454, 48.142547584646252 ], [ 11.673292811398156, 48.141473186456302 ], [ 11.664494397637345, 48.142371575644702 ], [ 11.661125620318808, 48.147328416952639 ], [ 11.660611407286437, 48.150362981973728 ], [ 11.663107783754462, 48.157794394967048 ], [ 11.666252257587484, 48.156628847695146 ] ] ], [ [ [ 11.715674511483648, 48.132999981873162 ], [ 11.715064439875333, 48.129600360429478 ], [ 11.712542554340599, 48.129086116574442 ], [ 11.690548245253826, 48.128898466865053 ], [ 11.68558905370981, 48.130376371406484 ], [ 11.683965585571119, 48.128463859143551 ], [ 11.69177890500616, 48.1257211328575 ], [ 11.693427418290154, 48.123699786659024 ], [ 11.693578544596317, 48.121671826013774 ], [ 11.697205946709186, 48.122588756537539 ], [ 11.701337758735917, 48.122326429571139 ], [ 11.704449976036734, 48.120488037351365 ], [ 11.70522266594233, 48.119179894467031 ], [ 11.705077959499338, 48.117057604953686 ], [ 11.719270611542498, 48.114094953344605 ], [ 11.720529238296216, 48.112968678772667 ], [ 11.721236148858949, 48.110230472927597 ], [ 11.719387238543053, 48.107633439331849 ], [ 11.713664659801712, 48.106317410764049 ], [ 11.71117841335291, 48.104682022141311 ], [ 11.711008035665806, 48.102604065718261 ], [ 11.710052615264527, 48.101351317133634 ], [ 11.707966344444195, 48.100803240431979 ], [ 11.703843396620753, 48.101340789757216 ], [ 11.697651687295963, 48.103451548410312 ], [ 11.692669955101145, 48.102799235321385 ], [ 11.682610116115821, 48.111168154782575 ], [ 11.676845523205579, 48.107026433362755 ], [ 11.672757420699362, 48.102544062500769 ], [ 11.670220458615153, 48.101395658534521 ], [ 11.666617817005248, 48.10121148962925 ], [ 11.66538915292322, 48.100269308704554 ], [ 11.662413162271193, 48.095588376222203 ], [ 11.686601837799753, 48.085974660212095 ], [ 11.687709215642654, 48.084779489604742 ], [ 11.688058560510564, 48.082010491737492 ], [ 11.685912329957072, 48.079632715388954 ], [ 11.683618487311346, 48.078806476528939 ], [ 11.682440865610664, 48.075893625116869 ], [ 11.677080933123309, 48.073953363837767 ], [ 11.673107667280032, 48.074748221502524 ], [ 11.670590153692507, 48.076956354516305 ], [ 11.670039278615445, 48.08246210942459 ], [ 11.655235519470503, 48.087988345951466 ], [ 11.652756327505069, 48.087489689826519 ], [ 11.656410042493393, 48.082696942117373 ], [ 11.656458732538001, 48.079918226474518 ], [ 11.653921106068173, 48.077601875280294 ], [ 11.650277675801878, 48.079480811048732 ], [ 11.652243008404914, 48.080217296400178 ], [ 11.652736973328301, 48.081278434181208 ], [ 11.651358343453136, 48.084192635124609 ], [ 11.647912051547451, 48.087312404407299 ], [ 11.647913829787136, 48.090338670499925 ], [ 11.652870870460786, 48.090212882924867 ], [ 11.654956913081465, 48.091532940854833 ], [ 11.673335021824187, 48.084102459497103 ], [ 11.674009905266823, 48.083488639889445 ], [ 11.674387779047947, 48.077851624551855 ], [ 11.675394760552081, 48.076968345281152 ], [ 11.676984134656113, 48.076650385876647 ], [ 11.679128172609863, 48.077426520798433 ], [ 11.679484505723789, 48.08149046715657 ], [ 11.681751014756051, 48.081242474899454 ], [ 11.683821454344434, 48.082103880155948 ], [ 11.683998457389208, 48.083732596827012 ], [ 11.682913713823941, 48.08457358730351 ], [ 11.678564999277318, 48.085513702314955 ], [ 11.675031706944168, 48.087808403827246 ], [ 11.657381627773438, 48.094854987794839 ], [ 11.661717749502607, 48.101866115939664 ], [ 11.663349918698769, 48.102776699015806 ], [ 11.664630536898629, 48.105124851371158 ], [ 11.667128151952861, 48.103860805361776 ], [ 11.669514153298321, 48.104196710681322 ], [ 11.673655609183573, 48.108687627898412 ], [ 11.682255902051928, 48.11499063716019 ], [ 11.688024373825018, 48.111549688709047 ], [ 11.693914716055561, 48.105575007930277 ], [ 11.696503790172375, 48.104569214007597 ], [ 11.699095292937063, 48.105129007586839 ], [ 11.701831980124688, 48.102307730042085 ], [ 11.703322014346904, 48.101818413884601 ], [ 11.706796593639469, 48.102939236496148 ], [ 11.707197928643769, 48.104514219969438 ], [ 11.706134122058328, 48.105760963445569 ], [ 11.709748010011563, 48.107355055375209 ], [ 11.711215437016529, 48.109280722562843 ], [ 11.715030916371912, 48.108995215634963 ], [ 11.716983062365786, 48.10997370956872 ], [ 11.717237059035595, 48.11117741270467 ], [ 11.715775946618233, 48.11248480103206 ], [ 11.705393950268725, 48.11415450204079 ], [ 11.699082942048074, 48.116036232067714 ], [ 11.701342936818476, 48.118030705520177 ], [ 11.699736450795744, 48.119850880560932 ], [ 11.697302362409184, 48.119748804431708 ], [ 11.694598727460173, 48.118029744187311 ], [ 11.687972632117591, 48.119837949846684 ], [ 11.689599450448709, 48.122021049784983 ], [ 11.688853911702161, 48.123864179469045 ], [ 11.678053168098387, 48.127357775028145 ], [ 11.683536765535132, 48.133647075267831 ], [ 11.687792520175732, 48.133681711844076 ], [ 11.688354471717938, 48.132293137833628 ], [ 11.690506397583221, 48.131596087101038 ], [ 11.710701544473551, 48.131641769811367 ], [ 11.715674511483648, 48.132999981873162 ] ] ], [ [ [ 11.644546916465616, 48.079214715186588 ], [ 11.638871430253253, 48.085239141942083 ], [ 11.638395433615161, 48.093722920449132 ], [ 11.636412813382309, 48.094200077033868 ], [ 11.632086942270657, 48.095049762589582 ], [ 11.629919235824675, 48.08430821976571 ], [ 11.628788651450394, 48.082752710352793 ], [ 11.627011138726216, 48.085301762951019 ], [ 11.626498975218226, 48.088010518949019 ], [ 11.62851003271825, 48.098657154166204 ], [ 11.642904851456475, 48.095453762084517 ], [ 11.642437916514941, 48.086657496307154 ], [ 11.646592322338901, 48.082534009792639 ], [ 11.647849447315854, 48.080248104522312 ], [ 11.644546916465616, 48.079214715186588 ] ] ], [ [ [ 11.620680022179185, 48.083023653377076 ], [ 11.617094038906533, 48.08190059437328 ], [ 11.616308955008554, 48.083967323263181 ], [ 11.61222310141966, 48.084984898697904 ], [ 11.603303961861691, 48.083022694464759 ], [ 11.602783540766159, 48.082869075605593 ], [ 11.604241835759934, 48.078619328544271 ], [ 11.600277494093943, 48.078370912196831 ], [ 11.598423892737859, 48.083741476095568 ], [ 11.600074192934382, 48.085087810856635 ], [ 11.613760461540851, 48.088356916770877 ], [ 11.615279110163115, 48.086799702701128 ], [ 11.617846845079253, 48.086817723832766 ], [ 11.619257095188132, 48.088149685373921 ], [ 11.618739504781939, 48.090712360770013 ], [ 11.622122432993335, 48.092407146403126 ], [ 11.620345760583259, 48.084403698752908 ], [ 11.620680022179185, 48.083023653377076 ] ] ], [ [ [ 11.594390783569423, 48.079394294563329 ], [ 11.588511517624177, 48.082794636959839 ], [ 11.586690410295594, 48.085567567023517 ], [ 11.585888180728224, 48.085316062683667 ], [ 11.583387628192485, 48.090098783273419 ], [ 11.580938718558786, 48.092507791649062 ], [ 11.560253791227254, 48.083572412844106 ], [ 11.552939174945852, 48.06911925289144 ], [ 11.54566474070996, 48.069387904221571 ], [ 11.540685090518448, 48.071775014386546 ], [ 11.551271371429721, 48.09303934132906 ], [ 11.550271011616957, 48.095207607065802 ], [ 11.541161161781625, 48.086013763616634 ], [ 11.53735799160822, 48.080572753716631 ], [ 11.525723177332287, 48.070240966823235 ], [ 11.523357708166758, 48.065304230322624 ], [ 11.520717535443804, 48.065903674885639 ], [ 11.519213624871684, 48.065430934249086 ], [ 11.520518837549973, 48.069340450044358 ], [ 11.522112987288395, 48.071449912335993 ], [ 11.534035802802608, 48.082096932487971 ], [ 11.537024365364251, 48.086002653575484 ], [ 11.536581187963442, 48.087929597272307 ], [ 11.539709170437318, 48.08880863786635 ], [ 11.548688269910091, 48.099064657359534 ], [ 11.55579068511391, 48.098172079763579 ], [ 11.554193525439729, 48.095809104107083 ], [ 11.554664179501092, 48.094492836831975 ], [ 11.556820197046733, 48.093474412899063 ], [ 11.560312380311693, 48.093855255746327 ], [ 11.560171249940376, 48.092984971420329 ], [ 11.555595176326941, 48.092187003285694 ], [ 11.554255764812863, 48.091161223529262 ], [ 11.544877185655993, 48.07219550920415 ], [ 11.545705811107286, 48.070155341556955 ], [ 11.548091181967624, 48.069822116177818 ], [ 11.549895550391707, 48.070919637003094 ], [ 11.55680220187395, 48.08520761872326 ], [ 11.583807925250669, 48.096915384342459 ], [ 11.585046672576681, 48.095007744646971 ], [ 11.584878193199467, 48.093051170516262 ], [ 11.586675274294462, 48.091916655505521 ], [ 11.591116350240521, 48.082891182278537 ], [ 11.592998148723456, 48.08193309911497 ], [ 11.594390783569423, 48.079394294563329 ] ] ], [ [ [ 11.510123996225467, 48.065360275924441 ], [ 11.509922157999464, 48.066550249597405 ], [ 11.511919864680577, 48.071915833692472 ], [ 11.496947462283197, 48.076788381985914 ], [ 11.493097432304587, 48.07392779374625 ], [ 11.492313213061404, 48.07651346898821 ], [ 11.491380870443924, 48.076633273912364 ], [ 11.496048154584141, 48.080998803520728 ], [ 11.501785990864347, 48.077827662288087 ], [ 11.507793971045524, 48.076553795749675 ], [ 11.510714572199552, 48.075084716580172 ], [ 11.518616112534749, 48.074513805755977 ], [ 11.515448871156464, 48.070523133354023 ], [ 11.513761830400094, 48.064892068370114 ], [ 11.510123996225467, 48.065360275924441 ] ] ], [ [ [ 11.61096577920434, 48.099242109995544 ], [ 11.611306650506501, 48.097802180840404 ], [ 11.611609424079679, 48.096651763559279 ], [ 11.609622685435967, 48.099130742723169 ], [ 11.61096577920434, 48.099242109995544 ] ] ], [ [ [ 11.480628078727708, 48.221822480485081 ], [ 11.48274071119994, 48.217552702734338 ], [ 11.477616378942427, 48.221450928486028 ], [ 11.475133919593867, 48.221105091519846 ], [ 11.474121559447566, 48.21961869292133 ], [ 11.481305226790372, 48.2126971242282 ], [ 11.480401135425142, 48.211600249264897 ], [ 11.46498218297792, 48.211325016335152 ], [ 11.464048006287381, 48.212098591655383 ], [ 11.464281285442, 48.214845165412868 ], [ 11.461825402276821, 48.216178132207034 ], [ 11.459591668332353, 48.21551594594834 ], [ 11.457971320103541, 48.212273213734193 ], [ 11.456567409429169, 48.214270181408217 ], [ 11.456457796782436, 48.217216646210979 ], [ 11.462042329181505, 48.218872178891274 ], [ 11.465922439550148, 48.21787256036253 ], [ 11.467328736039466, 48.216825702935417 ], [ 11.468349649081798, 48.214458834954705 ], [ 11.474223209425558, 48.214515374814425 ], [ 11.470509127854914, 48.218121174771753 ], [ 11.470325491291677, 48.220897490749046 ], [ 11.471197505871642, 48.222177966303668 ], [ 11.476562277576713, 48.224203079398528 ], [ 11.480628078727708, 48.221822480485081 ] ] ], [ [ [ 11.469059380198811, 48.207785111636923 ], [ 11.468576518887797, 48.207846921241106 ], [ 11.470435154356739, 48.207900601658174 ], [ 11.469059380198811, 48.207785111636923 ] ] ], [ [ [ 11.664967888847189, 48.126854020233154 ], [ 11.659470667723335, 48.128397000331432 ], [ 11.663035664038862, 48.132441864125035 ], [ 11.668399974499495, 48.133796616587588 ], [ 11.672184995545605, 48.133257034541295 ], [ 11.67438417046041, 48.135222088508826 ], [ 11.67863010699871, 48.135113855118682 ], [ 11.671939752256998, 48.127595521003826 ], [ 11.670148947612628, 48.124290390954499 ], [ 11.664967888847189, 48.126854020233154 ] ], [ [ 11.668236494949772, 48.12867052535519 ], [ 11.669933523746748, 48.130542225600202 ], [ 11.6684275018323, 48.130816709400086 ], [ 11.665259344398329, 48.129764955923058 ], [ 11.668236494949772, 48.12867052535519 ] ] ], [ [ [ 11.49098352958328, 48.082821632318861 ], [ 11.491260287620547, 48.082626863192672 ], [ 11.49096017795155, 48.082242103907127 ], [ 11.49098352958328, 48.082821632318861 ] ] ], [ [ [ 11.710586849526154, 48.135248141411004 ], [ 11.692996082818741, 48.135251951443543 ], [ 11.692658926133014, 48.137620159458962 ], [ 11.695710032236606, 48.138637875888406 ], [ 11.705961142122977, 48.13646124861291 ], [ 11.712658416693062, 48.136262068613675 ], [ 11.710586849526154, 48.135248141411004 ] ] ], [ [ [ 11.483089677601267, 48.138172034178311 ], [ 11.482469809461277, 48.138950892886356 ], [ 11.484135441261646, 48.139710092176962 ], [ 11.483089677601267, 48.138172034178311 ] ] ], [ [ [ 11.499568101752557, 48.110263091634344 ], [ 11.499411727242354, 48.105945790703281 ], [ 11.498317800283704, 48.103153603083094 ], [ 11.486683761332742, 48.096941781654031 ], [ 11.485136684632016, 48.094560128079237 ], [ 11.484842629886744, 48.08905169180796 ], [ 11.483019053522685, 48.089625088250969 ], [ 11.483826496846625, 48.095446532201265 ], [ 11.477874806326017, 48.104920838594133 ], [ 11.479586466894428, 48.11345345941254 ], [ 11.494343349422666, 48.110384289347024 ], [ 11.499568101752557, 48.110263091634344 ] ], [ [ 11.482101780233565, 48.105744560101776 ], [ 11.485725173256135, 48.100083982454002 ], [ 11.494737603505884, 48.10463690749512 ], [ 11.495447506564025, 48.107616131362988 ], [ 11.48303341385853, 48.109923082839153 ], [ 11.482101780233565, 48.105744560101776 ] ] ], [ [ [ 11.48057380366075, 48.117187748043506 ], [ 11.481578498377319, 48.121566546183594 ], [ 11.492347278241821, 48.122237657421991 ], [ 11.495395462999509, 48.119906272825467 ], [ 11.499718310948705, 48.118616469008195 ], [ 11.499599895392707, 48.113988213881484 ], [ 11.494721390049474, 48.11409298659057 ], [ 11.48057380366075, 48.117187748043506 ] ], [ [ 11.490509503733898, 48.119299898278662 ], [ 11.484973155769309, 48.118932037626635 ], [ 11.495254774100996, 48.116807071946972 ], [ 11.490509503733898, 48.119299898278662 ] ] ], [ [ [ 11.575237044976872, 48.189432991852257 ], [ 11.574677513693533, 48.196828951962232 ], [ 11.576294053046892, 48.200700200133895 ], [ 11.575436362496418, 48.205573043502547 ], [ 11.573159896172774, 48.20680249432867 ], [ 11.566281325266491, 48.206590697890682 ], [ 11.566195843396795, 48.207158717001001 ], [ 11.578177088064106, 48.209308525788884 ], [ 11.584067526170744, 48.20884231142783 ], [ 11.581320780547719, 48.194605430014114 ], [ 11.581441203909623, 48.189635330944213 ], [ 11.575237044976872, 48.189432991852257 ] ], [ [ 11.579539793499327, 48.206528187289983 ], [ 11.579249412005172, 48.206457251211397 ], [ 11.579414585144699, 48.205897631009002 ], [ 11.579539793499327, 48.206528187289983 ] ] ], [ [ [ 11.493032491213867, 48.131246931973074 ], [ 11.485534105044442, 48.131941134729097 ], [ 11.486897133133995, 48.134878490307287 ], [ 11.500149442971063, 48.133725706968917 ], [ 11.500133107278819, 48.13314521593032 ], [ 11.497537509741615, 48.133329458597991 ], [ 11.493032491213867, 48.131246931973074 ] ] ], [ [ [ 11.489747645836392, 48.138787949819324 ], [ 11.500114051750449, 48.137348948842238 ], [ 11.489202662537847, 48.138303955828682 ], [ 11.489747645836392, 48.138787949819324 ] ] ], [ [ [ 11.567140031597697, 48.097159525382487 ], [ 11.571586742855928, 48.102953082259525 ], [ 11.5767619658765, 48.107858158733215 ], [ 11.57945023964915, 48.103041156406 ], [ 11.579001648540411, 48.099239209464322 ], [ 11.570450101443654, 48.095586647758687 ], [ 11.567140031597697, 48.097159525382487 ] ], [ [ 11.575145975950262, 48.100789775190755 ], [ 11.57485340019965, 48.101344090773615 ], [ 11.574006516901518, 48.100298914836024 ], [ 11.575145975950262, 48.100789775190755 ] ] ], [ [ [ 11.570988302647619, 48.108925430747945 ], [ 11.567118718510736, 48.105216106250154 ], [ 11.562592107811478, 48.099606980936628 ], [ 11.562225331120052, 48.100364772986509 ], [ 11.566565892763867, 48.106061234881686 ], [ 11.569566671773481, 48.109226246621965 ], [ 11.570988302647619, 48.108925430747945 ] ] ], [ [ [ 11.542824543219734, 48.108384653702778 ], [ 11.542619539697796, 48.108931357434521 ], [ 11.543482364717089, 48.109214174625279 ], [ 11.543141065907331, 48.108842508583216 ], [ 11.542824543219734, 48.108384653702778 ] ] ], [ [ [ 11.555127961471973, 48.110342645955583 ], [ 11.564798717586527, 48.111128419073303 ], [ 11.556906984785495, 48.101734228087523 ], [ 11.55006867267241, 48.102573310274877 ], [ 11.555127961471973, 48.110342645955583 ] ] ], [ [ [ 11.440773940023801, 48.147454412376831 ], [ 11.425672864415738, 48.144932011305514 ], [ 11.422328854729113, 48.152536347933392 ], [ 11.440773940023801, 48.147454412376831 ] ] ], [ [ [ 11.443731403213976, 48.159398118814451 ], [ 11.453735993248795, 48.152176343705719 ], [ 11.451305027233262, 48.148482663689897 ], [ 11.448728269452673, 48.148124355938968 ], [ 11.44622038080311, 48.150228790061632 ], [ 11.41994778768971, 48.156606838354712 ], [ 11.418046339794975, 48.158280039305396 ], [ 11.424073087651163, 48.159629285103826 ], [ 11.428128133974299, 48.15892384572215 ], [ 11.434690639667641, 48.161940745856583 ], [ 11.441532502284916, 48.161859251386559 ], [ 11.443731403213976, 48.159398118814451 ] ], [ [ 11.447482910800186, 48.152811210807876 ], [ 11.439219039921115, 48.159010138119299 ], [ 11.435950312118939, 48.159006138094568 ], [ 11.430473695137643, 48.156652761098556 ], [ 11.447482910800186, 48.152811210807876 ] ] ], [ [ [ 11.454988142381353, 48.156645510183225 ], [ 11.449435319920127, 48.160476185692097 ], [ 11.44710055081946, 48.162456214195991 ], [ 11.453047219740661, 48.163249940648981 ], [ 11.455030192914698, 48.159256256830048 ], [ 11.454988142381353, 48.156645510183225 ] ] ], [ [ [ 11.463810754960624, 48.15074046674826 ], [ 11.459520628630193, 48.152154295839182 ], [ 11.460423828356564, 48.159404150258922 ], [ 11.458630287549104, 48.162858778995286 ], [ 11.464569014322448, 48.162969891995729 ], [ 11.463810754960624, 48.15074046674826 ] ] ], [ [ [ 11.495419072577176, 48.095103078377832 ], [ 11.49313974543165, 48.086978770118321 ], [ 11.492108999584181, 48.086340722106563 ], [ 11.49100945521665, 48.087104936077516 ], [ 11.490586950545273, 48.093584771403478 ], [ 11.491110912346274, 48.094654138166092 ], [ 11.50115845292984, 48.099696723486296 ], [ 11.504549654038598, 48.097531792030793 ], [ 11.502974190599755, 48.096303792372751 ], [ 11.497199318836103, 48.096685711345216 ], [ 11.495419072577176, 48.095103078377832 ] ] ], [ [ [ 11.497830940897066, 48.084949647031429 ], [ 11.500300440226196, 48.08519274517171 ], [ 11.500775564014614, 48.082786191450538 ], [ 11.499601835524018, 48.0838153955496 ], [ 11.497830940897066, 48.084949647031429 ] ] ], [ [ [ 11.453446068203323, 48.172905094975668 ], [ 11.45634800488661, 48.174012753812328 ], [ 11.457869605643658, 48.174185736637853 ], [ 11.456928134612628, 48.172362876173793 ], [ 11.453446068203323, 48.172905094975668 ] ] ], [ [ [ 11.531208473226751, 48.098076942114417 ], [ 11.538926823408481, 48.098685912282868 ], [ 11.538668490013455, 48.094963514895234 ], [ 11.536535307157761, 48.092137130668469 ], [ 11.524956337344717, 48.092346288072477 ], [ 11.525625128992308, 48.093495070562177 ], [ 11.529699312173925, 48.094323821728089 ], [ 11.531208473226751, 48.098076942114417 ] ], [ [ 11.534435936221719, 48.095541530902253 ], [ 11.53429278689558, 48.095142442873872 ], [ 11.534596196748785, 48.095553475339415 ], [ 11.534435936221719, 48.095541530902253 ] ] ], [ [ [ 11.529526749729049, 48.084051544525849 ], [ 11.526070063699446, 48.08145668879191 ], [ 11.520841877306307, 48.084311724401402 ], [ 11.523097805967387, 48.088699706159296 ], [ 11.533966231710782, 48.088800295272812 ], [ 11.53531774350423, 48.088463083400853 ], [ 11.532614884420546, 48.087976236687794 ], [ 11.529526749729049, 48.084051544525849 ] ], [ [ 11.526054108594751, 48.085607191856809 ], [ 11.526423515102909, 48.086072922589452 ], [ 11.52569991779875, 48.085414558582592 ], [ 11.526054108594751, 48.085607191856809 ] ] ], [ [ [ 11.505758107022739, 48.086320377757069 ], [ 11.517274132963134, 48.088621298145512 ], [ 11.514562890285314, 48.084071863952815 ], [ 11.514727405840031, 48.082965725187101 ], [ 11.523139927896628, 48.078130112274216 ], [ 11.514808197020317, 48.077940164664255 ], [ 11.506504315345351, 48.080369263413701 ], [ 11.505758107022739, 48.086320377757069 ] ], [ [ 11.510039401857703, 48.084249322116996 ], [ 11.510492494678243, 48.082591319854117 ], [ 11.510788523025798, 48.082525200385888 ], [ 11.510599464276886, 48.084459978808319 ], [ 11.510039401857703, 48.084249322116996 ] ] ], [ [ [ 11.5056120212091, 48.092488949547644 ], [ 11.519365470091351, 48.092795839066675 ], [ 11.505655544042003, 48.090261465417633 ], [ 11.5056120212091, 48.092488949547644 ] ] ], [ [ [ 11.60699776015613, 48.188263276260422 ], [ 11.587033311638994, 48.189776456843568 ], [ 11.586788835174024, 48.193742060302164 ], [ 11.587805412909779, 48.199367536597784 ], [ 11.595023565369686, 48.199974941213561 ], [ 11.612090415110266, 48.197685112643107 ], [ 11.61406952725002, 48.196494956367388 ], [ 11.610478715260415, 48.189777819562686 ], [ 11.60699776015613, 48.188263276260422 ] ], [ [ 11.609278467795335, 48.195393931849679 ], [ 11.59140293810619, 48.1969616684827 ], [ 11.590839080733666, 48.192478717388234 ], [ 11.605543158894081, 48.191155025917006 ], [ 11.607485717864016, 48.19185132078951 ], [ 11.609278467795335, 48.195393931849679 ] ] ], [ [ [ 11.598738066425565, 48.184301400175677 ], [ 11.592581205511678, 48.185786404191603 ], [ 11.589956213381546, 48.186086659216322 ], [ 11.600891485033996, 48.185189337388863 ], [ 11.598738066425565, 48.184301400175677 ] ] ], [ [ [ 11.500195526033073, 48.08878938417633 ], [ 11.499208104130627, 48.088782063224606 ], [ 11.500071327312751, 48.092332210864583 ], [ 11.500195526033073, 48.08878938417633 ] ] ], [ [ [ 11.63946729954948, 48.100153238880644 ], [ 11.63932071598566, 48.103301748244085 ], [ 11.640461160669775, 48.104071276256839 ], [ 11.643592927819421, 48.103732298834089 ], [ 11.642531308362969, 48.099404611683731 ], [ 11.63946729954948, 48.100153238880644 ] ] ], [ [ [ 11.520797948908426, 48.09671268111731 ], [ 11.514083056352192, 48.09628701611669 ], [ 11.520832370769678, 48.097086924402483 ], [ 11.520797948908426, 48.09671268111731 ] ] ], [ [ [ 11.520775530002515, 48.101179826175802 ], [ 11.518486863990814, 48.10069565790424 ], [ 11.513521345581694, 48.100023289154699 ], [ 11.521381567693613, 48.104125929743134 ], [ 11.521598751159711, 48.102633109977475 ], [ 11.520775530002515, 48.101179826175802 ] ] ], [ [ [ 11.517456449167444, 48.108042579148353 ], [ 11.518798629000337, 48.107303220380345 ], [ 11.512208863230585, 48.104208288395014 ], [ 11.507671122457396, 48.100904526042534 ], [ 11.5068609274576, 48.101773898288002 ], [ 11.507282260617494, 48.102964114240557 ], [ 11.517456449167444, 48.108042579148353 ] ] ], [ [ [ 11.481911172139975, 48.128085158008851 ], [ 11.490633946372263, 48.128010608741029 ], [ 11.490578036628046, 48.125814756248673 ], [ 11.482182926629322, 48.125723005725781 ], [ 11.481911172139975, 48.128085158008851 ] ] ], [ [ [ 11.514021604830521, 48.115113079749662 ], [ 11.505140383834661, 48.114089075892572 ], [ 11.505149331771474, 48.114856356820006 ], [ 11.514094600977021, 48.116277034673018 ], [ 11.514021604830521, 48.115113079749662 ] ] ], [ [ [ 11.515059078317318, 48.119867205031824 ], [ 11.505240015660219, 48.118602620437066 ], [ 11.505388617288181, 48.12331393606091 ], [ 11.515956935076439, 48.122098916852821 ], [ 11.515059078317318, 48.119867205031824 ] ] ], [ [ [ 11.505097591559865, 48.11034850282411 ], [ 11.514603329299286, 48.111379664959102 ], [ 11.504959909061004, 48.10658111521164 ], [ 11.505097591559865, 48.11034850282411 ] ] ], [ [ [ 11.587892882648887, 48.179367713639508 ], [ 11.587592614471594, 48.182590083611252 ], [ 11.588934160194606, 48.182546411744404 ], [ 11.594998178209764, 48.181493917427758 ], [ 11.591807279698303, 48.178196341473736 ], [ 11.587892882648887, 48.179367713639508 ] ] ], [ [ [ 11.5759414621595, 48.179854305965222 ], [ 11.57547846187385, 48.185748532101044 ], [ 11.581753551697924, 48.185936688975289 ], [ 11.58233506284542, 48.179379138041867 ], [ 11.5759414621595, 48.179854305965222 ] ] ], [ [ [ 11.569300266248424, 48.196990014665282 ], [ 11.569864152246449, 48.189253490156993 ], [ 11.568624281626256, 48.189200099934176 ], [ 11.566794192069995, 48.203009471270263 ], [ 11.570392910487097, 48.203183076399242 ], [ 11.570907681211096, 48.200753128545287 ], [ 11.569300266248424, 48.196990014665282 ] ] ], [ [ [ 11.4364846828058, 48.165332151849213 ], [ 11.435411300509598, 48.166196270565628 ], [ 11.43756109512492, 48.167889548997486 ], [ 11.440858866360086, 48.167726927531611 ], [ 11.445796203445658, 48.169710359358554 ], [ 11.450510681921008, 48.166578966602572 ], [ 11.4364846828058, 48.165332151849213 ] ] ], [ [ [ 11.688634783313766, 48.116002077463506 ], [ 11.699761125167205, 48.111607539800971 ], [ 11.706009806835722, 48.110166671256962 ], [ 11.703036684376173, 48.108706285460542 ], [ 11.700893703631269, 48.109636462816248 ], [ 11.697473765774411, 48.108657711324348 ], [ 11.694907289546899, 48.110446335768863 ], [ 11.692873122262236, 48.113365493343956 ], [ 11.688634783313766, 48.116002077463506 ] ] ], [ [ [ 11.519555030648496, 48.220072956245353 ], [ 11.529420163315704, 48.222556013863446 ], [ 11.528248133981835, 48.21983632139159 ], [ 11.519555030648496, 48.220072956245353 ] ] ], [ [ [ 11.462782425521024, 48.145448639014788 ], [ 11.464528928513435, 48.144413007265626 ], [ 11.46967068230664, 48.143655781893138 ], [ 11.470584900139292, 48.14285265889545 ], [ 11.467901398050223, 48.142148505390388 ], [ 11.459992258392347, 48.142256475288505 ], [ 11.461701944752029, 48.145532905883996 ], [ 11.461675011338732, 48.147358891043254 ], [ 11.462787156554979, 48.147050211305917 ], [ 11.462782425521024, 48.145448639014788 ] ] ], [ [ [ 11.455941605816919, 48.145277181198963 ], [ 11.455733287603589, 48.144845697980408 ], [ 11.455603536604686, 48.144602993857205 ], [ 11.455941605816919, 48.145277181198963 ] ] ], [ [ [ 11.537041781179269, 48.118680882183327 ], [ 11.537993626237517, 48.123701563786277 ], [ 11.538637845314424, 48.123639165829637 ], [ 11.537786916361508, 48.118729798437734 ], [ 11.537041781179269, 48.118680882183327 ] ] ], [ [ [ 11.532530817708071, 48.122687381451158 ], [ 11.53141093245342, 48.118632737105123 ], [ 11.525049329985038, 48.118112638143415 ], [ 11.519701074130715, 48.115832273498398 ], [ 11.521257098595306, 48.120621671561899 ], [ 11.525011614450619, 48.123390907957877 ], [ 11.524664159061317, 48.125431018011824 ], [ 11.528408882178768, 48.127693983078082 ], [ 11.531727542735872, 48.127698723445619 ], [ 11.532524937302716, 48.126869383321477 ], [ 11.530248487658829, 48.124848438828913 ], [ 11.530942599546757, 48.123499480834688 ], [ 11.532530817708071, 48.122687381451158 ] ], [ [ 11.527801864091931, 48.121179221685921 ], [ 11.528140941030465, 48.121200627159809 ], [ 11.528157573405842, 48.121543424669206 ], [ 11.527801864091931, 48.121179221685921 ] ] ], [ [ [ 11.523435998459046, 48.111854373007603 ], [ 11.521386147165169, 48.112082272774281 ], [ 11.523388448708925, 48.113004097190348 ], [ 11.523435998459046, 48.111854373007603 ] ] ], [ [ [ 11.651474044849159, 48.11684727866178 ], [ 11.64867218239343, 48.114567735121533 ], [ 11.643264084901265, 48.11777956760104 ], [ 11.644103689420167, 48.119437510015757 ], [ 11.649044932798409, 48.118192201639744 ], [ 11.651474044849159, 48.11684727866178 ] ] ], [ [ [ 11.662925289671392, 48.112315286951201 ], [ 11.660788829124867, 48.108377120455856 ], [ 11.657510837657298, 48.110502907929295 ], [ 11.652623742999564, 48.110971034450237 ], [ 11.652262405294969, 48.111802401592982 ], [ 11.656723441125017, 48.114972008651215 ], [ 11.662925289671392, 48.112315286951201 ] ] ], [ [ [ 11.669822513864066, 48.111221303920232 ], [ 11.667316988627, 48.108390688939764 ], [ 11.66695965493642, 48.108628765251055 ], [ 11.668894075580962, 48.111819574840609 ], [ 11.669822513864066, 48.111221303920232 ] ] ], [ [ [ 11.656205987614188, 48.119276164591845 ], [ 11.651942320065881, 48.12124061550832 ], [ 11.64587294965577, 48.12283559891835 ], [ 11.646623406477035, 48.123941248704831 ], [ 11.650730449125041, 48.123439872857006 ], [ 11.659679894284418, 48.121046277093939 ], [ 11.656205987614188, 48.119276164591845 ] ] ], [ [ [ 11.527027680431056, 48.101862339146763 ], [ 11.526020395785114, 48.106284911236195 ], [ 11.528618104622646, 48.108106816606188 ], [ 11.531350824305909, 48.108352096792999 ], [ 11.527027680431056, 48.101862339146763 ] ] ], [ [ [ 11.498056330618114, 48.123105648013571 ], [ 11.499873624477136, 48.12365081603599 ], [ 11.499832177165624, 48.122343404843178 ], [ 11.499107649698912, 48.122549422802138 ], [ 11.498056330618114, 48.123105648013571 ] ] ], [ [ [ 11.499985602462809, 48.127735825045484 ], [ 11.499309680360927, 48.127666141636048 ], [ 11.497844050531482, 48.128862748465153 ], [ 11.500031259608061, 48.129390967794514 ], [ 11.499985602462809, 48.127735825045484 ] ] ], [ [ [ 11.623180979724482, 48.09910206742817 ], [ 11.622958001615176, 48.097437923430718 ], [ 11.617739135557526, 48.094638183993304 ], [ 11.616592848876012, 48.099380071892035 ], [ 11.623180979724482, 48.09910206742817 ] ] ], [ [ [ 11.612719553770415, 48.092463326068831 ], [ 11.61214210695068, 48.094259052058163 ], [ 11.612149936975412, 48.094675257124919 ], [ 11.612719553770415, 48.092463326068831 ] ] ], [ [ [ 11.570114877061798, 48.18543720884459 ], [ 11.570584702112015, 48.179494157723347 ], [ 11.569926243443383, 48.179305453902934 ], [ 11.569139790943723, 48.185526620416205 ], [ 11.570114877061798, 48.18543720884459 ] ] ], [ [ [ 11.52733396568885, 48.200569159853075 ], [ 11.53082916484054, 48.206997483678734 ], [ 11.536891196722911, 48.202693018725618 ], [ 11.536793345089771, 48.201776642065703 ], [ 11.534383395985682, 48.201386008577984 ], [ 11.53301993905918, 48.200170954957542 ], [ 11.53137242831987, 48.190240369107819 ], [ 11.525100783412576, 48.19112760191706 ], [ 11.526066973042925, 48.194977375041773 ], [ 11.527413797784137, 48.19636548847545 ], [ 11.526743463755771, 48.197927175431133 ], [ 11.52733396568885, 48.200569159853075 ] ] ], [ [ [ 11.538354041895795, 48.19830363734291 ], [ 11.541233632464754, 48.199139027837099 ], [ 11.545518915408913, 48.192242096632363 ], [ 11.542492456039671, 48.193754823375293 ], [ 11.537144701877914, 48.194327692209406 ], [ 11.538354041895795, 48.19830363734291 ] ] ], [ [ [ 11.553521017164091, 48.187969711069577 ], [ 11.545427957587505, 48.201499574704947 ], [ 11.535751786154407, 48.208534686165422 ], [ 11.532751305355044, 48.213065418046249 ], [ 11.540115917926206, 48.21210352191612 ], [ 11.54254613370246, 48.213076151237658 ], [ 11.547209593405535, 48.21289271242491 ], [ 11.55980197709922, 48.210895078475588 ], [ 11.563031825041493, 48.188787251598569 ], [ 11.553521017164091, 48.187969711069577 ] ], [ [ 11.548908196028194, 48.202865495912775 ], [ 11.556490958814964, 48.190949244657872 ], [ 11.55869142431607, 48.191135716728475 ], [ 11.556148538856496, 48.208721549258556 ], [ 11.544141075106673, 48.210334375783745 ], [ 11.540329883001917, 48.209418019784536 ], [ 11.548908196028194, 48.202865495912775 ] ] ], [ [ [ 11.560118563428651, 48.17803556616105 ], [ 11.555867251666339, 48.184434647167805 ], [ 11.563669953213163, 48.185108605906265 ], [ 11.564728075511788, 48.177929888248734 ], [ 11.560118563428651, 48.17803556616105 ] ] ], [ [ [ 11.543658371302918, 48.184366872560226 ], [ 11.549949324238105, 48.184205680155777 ], [ 11.55411415744318, 48.178023373101709 ], [ 11.549756347982616, 48.178735484357368 ], [ 11.546989839029813, 48.178095458139701 ], [ 11.543113867064857, 48.178538481353364 ], [ 11.542666630269698, 48.180638329705616 ], [ 11.543658371302918, 48.184366872560226 ] ], [ [ 11.54751750955449, 48.181257788094058 ], [ 11.54693158600733, 48.18159053756338 ], [ 11.546804212733644, 48.181127878367811 ], [ 11.54751750955449, 48.181257788094058 ] ] ], [ [ [ 11.538162584241498, 48.184865917097341 ], [ 11.53701335934408, 48.178180593523756 ], [ 11.531845053449853, 48.17829265276584 ], [ 11.531819694974228, 48.180850898672929 ], [ 11.535584091149934, 48.18506202561418 ], [ 11.538162584241498, 48.184865917097341 ] ] ], [ [ [ 11.547954886444128, 48.187979085104125 ], [ 11.536620067581385, 48.188728776305979 ], [ 11.536806133543475, 48.190728198709692 ], [ 11.539896914631326, 48.190434141650698 ], [ 11.543279659460001, 48.188559879634411 ], [ 11.547591498397734, 48.188894089645757 ], [ 11.547954886444128, 48.187979085104125 ] ] ], [ [ [ 11.618038043286438, 48.192661533313 ], [ 11.619233203037584, 48.195068214028964 ], [ 11.620606454535039, 48.194519780832962 ], [ 11.619647498999322, 48.193250719118588 ], [ 11.618038043286438, 48.192661533313 ] ] ], [ [ [ 11.506239613353044, 48.137197628084465 ], [ 11.50581574240543, 48.137856899917416 ], [ 11.519423101922289, 48.136740258391995 ], [ 11.511517797849379, 48.136962196669792 ], [ 11.506239613353044, 48.137197628084465 ] ] ], [ [ [ 11.538440396368911, 48.135427443967231 ], [ 11.536577633187889, 48.134060255862934 ], [ 11.537321417915802, 48.13800691397892 ], [ 11.546731472992629, 48.137389492198693 ], [ 11.542849034407878, 48.135486569039188 ], [ 11.538440396368911, 48.135427443967231 ] ] ], [ [ [ 11.542190879088295, 48.128130416177548 ], [ 11.541513007521218, 48.128719929538299 ], [ 11.542206430549088, 48.131912402863946 ], [ 11.542693494124499, 48.131886219973879 ], [ 11.542190879088295, 48.128130416177548 ] ] ], [ [ [ 11.554241421451501, 48.15019995165936 ], [ 11.539895035501932, 48.153053182784923 ], [ 11.539896664398475, 48.153092050833443 ], [ 11.546989822774231, 48.156840677517721 ], [ 11.554599816268651, 48.150710617132312 ], [ 11.554241421451501, 48.15019995165936 ] ] ], [ [ [ 11.539585090168408, 48.14800662102585 ], [ 11.539678381009741, 48.149345012153134 ], [ 11.543357378737333, 48.148618695440064 ], [ 11.540382383507039, 48.147386285611645 ], [ 11.539585090168408, 48.14800662102585 ] ] ], [ [ [ 11.537367346311546, 48.141725810479578 ], [ 11.537808549554983, 48.144058757639073 ], [ 11.545862985160893, 48.14222695867474 ], [ 11.545700240822143, 48.141211904243384 ], [ 11.537367346311546, 48.141725810479578 ] ] ], [ [ [ 11.556969570662128, 48.174175369022429 ], [ 11.560918389011738, 48.170314764347061 ], [ 11.555905387238115, 48.170241979157971 ], [ 11.552661951410439, 48.169118229648568 ], [ 11.550578483132501, 48.166763358031211 ], [ 11.550196472853738, 48.163143222547049 ], [ 11.547744280414841, 48.162062224576822 ], [ 11.540862642326447, 48.166378305014689 ], [ 11.541562147486815, 48.171976807539664 ], [ 11.543997827533323, 48.174213036227279 ], [ 11.54635169905908, 48.173576238630211 ], [ 11.548933253617397, 48.174342103811391 ], [ 11.556969570662128, 48.174175369022429 ] ], [ [ 11.547784670799404, 48.171477739504923 ], [ 11.547858616493011, 48.171468215380933 ], [ 11.547760299573081, 48.171608601179592 ], [ 11.547784670799404, 48.171477739504923 ] ], [ [ 11.547577359897835, 48.169000650195635 ], [ 11.550863279105522, 48.171623360601174 ], [ 11.545346571171988, 48.17092458037208 ], [ 11.544958522062721, 48.167399035143767 ], [ 11.546396408695321, 48.166542730075946 ], [ 11.547577359897835, 48.169000650195635 ] ] ], [ [ [ 11.561254860433277, 48.163078342446596 ], [ 11.555766380708938, 48.163332142664444 ], [ 11.556085678222873, 48.166074503565561 ], [ 11.557967382411579, 48.166793614993693 ], [ 11.561993692025011, 48.166440571567001 ], [ 11.561254860433277, 48.163078342446596 ] ] ], [ [ [ 11.543371175925866, 48.159674001598006 ], [ 11.540111889047704, 48.15789337169285 ], [ 11.540403272194224, 48.161445595721098 ], [ 11.543371175925866, 48.159674001598006 ] ] ], [ [ [ 11.531722132783308, 48.137297899167926 ], [ 11.530880573387096, 48.138373974766729 ], [ 11.531597360765931, 48.138326213431498 ], [ 11.531722132783308, 48.137297899167926 ] ] ], [ [ [ 11.522678419920426, 48.131644470604492 ], [ 11.524336787233274, 48.130443158281984 ], [ 11.51864142534332, 48.126015212960738 ], [ 11.514783069724951, 48.12637361014783 ], [ 11.519171178379919, 48.128671558808477 ], [ 11.522678419920426, 48.131644470604492 ] ] ], [ [ [ 11.505682810907507, 48.133504261328852 ], [ 11.517266151192398, 48.13310359865087 ], [ 11.512058945199687, 48.129606720897726 ], [ 11.507550126219705, 48.127690177455555 ], [ 11.505522989990039, 48.127906650016783 ], [ 11.505682810907507, 48.133504261328852 ] ] ], [ [ [ 11.53631213768629, 48.129789137968217 ], [ 11.536236739829029, 48.129853587071672 ], [ 11.536313045652882, 48.129788329687884 ], [ 11.53631213768629, 48.129789137968217 ] ] ], [ [ [ 11.534974121586222, 48.165403093550943 ], [ 11.534425735395235, 48.156787762837723 ], [ 11.532922750851332, 48.158733370926335 ], [ 11.529946793552329, 48.167434757222203 ], [ 11.532154580354572, 48.167667555943574 ], [ 11.534974121586222, 48.165403093550943 ] ] ], [ [ [ 11.516785470297361, 48.169578783150563 ], [ 11.513988812062156, 48.170981879354784 ], [ 11.52203191303421, 48.173370107398064 ], [ 11.526924125655013, 48.170867840149683 ], [ 11.516785470297361, 48.169578783150563 ] ] ], [ [ [ 11.512078600060637, 48.166506625759162 ], [ 11.516710719171067, 48.165919957774619 ], [ 11.524490636950485, 48.166971687651667 ], [ 11.526262046693653, 48.163616782244013 ], [ 11.527527234125619, 48.158662153301179 ], [ 11.514269730818731, 48.157586814397753 ], [ 11.514013829009231, 48.161964142892423 ], [ 11.510519032021637, 48.164359226024153 ], [ 11.512078600060637, 48.166506625759162 ] ], [ [ 11.521980621460877, 48.163628333946143 ], [ 11.517563493547238, 48.163264033123085 ], [ 11.51824518264524, 48.160429129245514 ], [ 11.522786250170036, 48.160671065355025 ], [ 11.521980621460877, 48.163628333946143 ] ] ], [ [ [ 11.530165306833165, 48.154210036047559 ], [ 11.5188680178697, 48.152526320233463 ], [ 11.516629467992024, 48.153991891726506 ], [ 11.529107299518259, 48.155222132206447 ], [ 11.530165306833165, 48.154210036047559 ] ] ], [ [ [ 11.516715119618414, 48.176062650183077 ], [ 11.510843689867329, 48.174255108205877 ], [ 11.509010732542858, 48.17278888646365 ], [ 11.505965691626315, 48.174319596213209 ], [ 11.511685674831165, 48.178514156286283 ], [ 11.516715119618414, 48.176062650183077 ] ] ], [ [ [ 11.490065972162801, 48.167727652222524 ], [ 11.477809765973532, 48.176111743446768 ], [ 11.489845365175869, 48.177608287529672 ], [ 11.497678001959267, 48.17439477866526 ], [ 11.492092183732012, 48.170645848998547 ], [ 11.490065972162801, 48.167727652222524 ] ], [ [ 11.489161057315171, 48.172510236084051 ], [ 11.491435885158349, 48.174043419499355 ], [ 11.489274384066995, 48.17491679257305 ], [ 11.4862919574333, 48.174304627113429 ], [ 11.489161057315171, 48.172510236084051 ] ] ], [ [ [ 11.507446926333763, 48.16885655258379 ], [ 11.505593110570807, 48.16603429763498 ], [ 11.495512020264718, 48.167403467595747 ], [ 11.499955202921681, 48.170914188597223 ], [ 11.503804121912719, 48.170773629634589 ], [ 11.507446926333763, 48.16885655258379 ] ] ], [ [ [ 11.475998846149681, 48.172106959405966 ], [ 11.485501826312403, 48.165652540470539 ], [ 11.460007425110421, 48.166547936474267 ], [ 11.459906632672562, 48.169169668732614 ], [ 11.462941909961447, 48.172462885831088 ], [ 11.463385847089706, 48.175334478343494 ], [ 11.47190584072648, 48.175736514094453 ], [ 11.475998846149681, 48.172106959405966 ] ], [ [ 11.475040341790615, 48.1689862010479 ], [ 11.469534269541477, 48.172916163510834 ], [ 11.467246686484025, 48.172948115905861 ], [ 11.465230657452018, 48.169266379759449 ], [ 11.475040341790615, 48.1689862010479 ] ] ], [ [ [ 11.500595032269972, 48.145230887309204 ], [ 11.474306090010954, 48.14714738856631 ], [ 11.46901109627238, 48.149131862416731 ], [ 11.469954355927889, 48.162945430650765 ], [ 11.486835032444658, 48.161989404163336 ], [ 11.493555163750669, 48.163571523799554 ], [ 11.504686205760009, 48.162319566047032 ], [ 11.508632061534509, 48.160630685306288 ], [ 11.508535168697138, 48.156015195533307 ], [ 11.506610124383785, 48.154399501446569 ], [ 11.502776872127038, 48.153194301598113 ], [ 11.501421960358039, 48.151508987041701 ], [ 11.500595032269972, 48.145230887309204 ] ], [ [ 11.490033913932585, 48.162229225892823 ], [ 11.488124574481443, 48.159372152819508 ], [ 11.473692607315366, 48.160038000045091 ], [ 11.473253307403377, 48.150924988540993 ], [ 11.476287499911924, 48.149782584792163 ], [ 11.496612259238326, 48.148265422174937 ], [ 11.497028883564854, 48.151194799542857 ], [ 11.498767021288131, 48.154127742536993 ], [ 11.504688689345789, 48.157336976938112 ], [ 11.504087617954351, 48.159579897606093 ], [ 11.493677709983976, 48.160848116339892 ], [ 11.491526356786512, 48.160101888570843 ], [ 11.490033913932585, 48.162229225892823 ] ] ], [ [ [ 11.517650117120839, 48.148748255999756 ], [ 11.516690222750265, 48.143424493105734 ], [ 11.505953815789928, 48.144745946883717 ], [ 11.506116834909584, 48.149553972654473 ], [ 11.506608127981456, 48.150503609169242 ], [ 11.511119624787646, 48.152440751206278 ], [ 11.517650117120839, 48.148748255999756 ] ], [ [ 11.51356141929006, 48.146526042729896 ], [ 11.510832434539415, 48.148769454041933 ], [ 11.510062247221997, 48.148514420510182 ], [ 11.51001420579219, 48.146940696550701 ], [ 11.51356141929006, 48.146526042729896 ] ] ], [ [ [ 11.500384276073515, 48.141479586781131 ], [ 11.492465010034737, 48.142140413124366 ], [ 11.490404103509379, 48.142520498392692 ], [ 11.500384276073515, 48.141479586781131 ] ] ], [ [ [ 11.532055692790278, 48.144861044617947 ], [ 11.531669045397186, 48.142070947773433 ], [ 11.521999264326988, 48.142828920900477 ], [ 11.523015163849868, 48.147425052036958 ], [ 11.532055692790278, 48.144861044617947 ] ] ], [ [ [ 11.525501641495438, 48.138747467202741 ], [ 11.524893521190789, 48.138091311403933 ], [ 11.523772389185661, 48.138877719584627 ], [ 11.525501641495438, 48.138747467202741 ] ] ], [ [ [ 11.533799090264468, 48.148391846613279 ], [ 11.527616209642463, 48.149966415550203 ], [ 11.532839370289704, 48.151030972869414 ], [ 11.533986397803824, 48.150596348201482 ], [ 11.533799090264468, 48.148391846613279 ] ] ], [ [ [ 11.631074960337321, 48.136554549428432 ], [ 11.628943585713579, 48.13070664112935 ], [ 11.619157889493005, 48.132306668455037 ], [ 11.61837862330661, 48.135320411081878 ], [ 11.631074960337321, 48.136554549428432 ] ] ], [ [ [ 11.642410899489036, 48.128270153090789 ], [ 11.63865467285251, 48.128522336249766 ], [ 11.633988846848647, 48.129430595776114 ], [ 11.634732591334044, 48.130992616091206 ], [ 11.639985903952239, 48.130331300437277 ], [ 11.64366309852065, 48.129410250309803 ], [ 11.642410899489036, 48.128270153090789 ] ] ], [ [ [ 11.619493886603596, 48.128403550333751 ], [ 11.619417179379594, 48.128162288037018 ], [ 11.619060105126012, 48.128484847386105 ], [ 11.619493886603596, 48.128403550333751 ] ] ], [ [ [ 11.637560792018702, 48.136819395954717 ], [ 11.65500151599362, 48.137512415017049 ], [ 11.657736385251344, 48.136550531863278 ], [ 11.66554293564783, 48.136844725363908 ], [ 11.659059644847501, 48.134927058066054 ], [ 11.654725568201531, 48.130084636528316 ], [ 11.643031563, 48.133507975017167 ], [ 11.6357539461656, 48.134545605568242 ], [ 11.637560792018702, 48.136819395954717 ] ], [ [ 11.655306853580591, 48.134851374556149 ], [ 11.655822350387707, 48.135173396229966 ], [ 11.655150542751727, 48.134963492102891 ], [ 11.655306853580591, 48.134851374556149 ] ], [ [ 11.653114849509253, 48.133660317567468 ], [ 11.653612250577474, 48.134800071097963 ], [ 11.649864193620989, 48.134489954547334 ], [ 11.653114849509253, 48.133660317567468 ] ] ], [ [ [ 11.64693898109943, 48.145551777407697 ], [ 11.655504050530254, 48.148422885149692 ], [ 11.656047485597488, 48.146147163315412 ], [ 11.658756706039105, 48.142367170357147 ], [ 11.653317044888572, 48.141480717867118 ], [ 11.641059753646619, 48.14182486759956 ], [ 11.642395644641937, 48.144884515286563 ], [ 11.64693898109943, 48.145551777407697 ] ], [ [ 11.652861195377959, 48.14418270173239 ], [ 11.651633359004213, 48.144465466241428 ], [ 11.651288344003179, 48.144253318801155 ], [ 11.652861195377959, 48.14418270173239 ] ] ], [ [ [ 11.644789349397715, 48.158194069898052 ], [ 11.646866173158624, 48.160116139466318 ], [ 11.647753900248867, 48.162204246098611 ], [ 11.646437698233102, 48.167581258405086 ], [ 11.653436913596973, 48.167875499610062 ], [ 11.656612643884838, 48.166888972397864 ], [ 11.657432695124095, 48.165725903181688 ], [ 11.660420644226253, 48.164354759468765 ], [ 11.660047300138606, 48.161897485859463 ], [ 11.658240397864541, 48.15952646460039 ], [ 11.655611423134244, 48.152067175555914 ], [ 11.643207483708888, 48.148933320177754 ], [ 11.644789349397715, 48.158194069898052 ] ], [ [ 11.648015007157317, 48.153128240277013 ], [ 11.652114322221914, 48.15431493005002 ], [ 11.654369845624203, 48.160282754477315 ], [ 11.656110786649693, 48.162544270376891 ], [ 11.652217787230491, 48.165289119871645 ], [ 11.651552348853803, 48.165204627654219 ], [ 11.651284500032899, 48.160311893271682 ], [ 11.648664087868591, 48.15717296620835 ], [ 11.648015007157317, 48.153128240277013 ] ] ], [ [ [ 11.641101037891772, 48.124609025435078 ], [ 11.638392741249008, 48.119351043938934 ], [ 11.633949890964635, 48.120047071245722 ], [ 11.636335305333779, 48.125075264677591 ], [ 11.641101037891772, 48.124609025435078 ] ] ], [ [ [ 11.62995902605474, 48.124954178539781 ], [ 11.628830830941938, 48.12113838358372 ], [ 11.623358781937343, 48.12198935614078 ], [ 11.62471552146517, 48.127559856844499 ], [ 11.631198556686885, 48.126148533944644 ], [ 11.62995902605474, 48.124954178539781 ] ] ], [ [ [ 11.62963521378968, 48.140822758773048 ], [ 11.630600545904821, 48.145151749832856 ], [ 11.636830808598049, 48.144477474723146 ], [ 11.634714267463979, 48.142073268690694 ], [ 11.62963521378968, 48.140822758773048 ] ] ], [ [ [ 11.620311164989342, 48.155547911710343 ], [ 11.624473762369471, 48.159965930899148 ], [ 11.626381394810881, 48.162033673056719 ], [ 11.626915197693055, 48.155446828786097 ], [ 11.620311164989342, 48.155547911710343 ] ] ], [ [ [ 11.637777143789471, 48.148065327478875 ], [ 11.631229863355188, 48.148775611412681 ], [ 11.631546776483598, 48.151599629596639 ], [ 11.638618073322212, 48.15345816628372 ], [ 11.637777143789471, 48.148065327478875 ] ] ], [ [ [ 11.639205078651583, 48.158089521879205 ], [ 11.632494424656278, 48.155408706408814 ], [ 11.63184631776894, 48.15805747739762 ], [ 11.632200533297306, 48.164664937487224 ], [ 11.635645028582543, 48.167091951246022 ], [ 11.641452619790847, 48.166106626196687 ], [ 11.642391915020585, 48.163610494011706 ], [ 11.64215099932048, 48.161867178294159 ], [ 11.639774487389209, 48.15969518212804 ], [ 11.639205078651583, 48.158089521879205 ] ], [ [ 11.63607903128166, 48.163526905491871 ], [ 11.636005273445834, 48.161983939739926 ], [ 11.635892507216633, 48.160455636871241 ], [ 11.638398406925909, 48.16300187629885 ], [ 11.638261639502034, 48.163816274130447 ], [ 11.63607903128166, 48.163526905491871 ] ] ], [ [ [ 11.624234118052758, 48.140166356808777 ], [ 11.617680059913468, 48.139891983441018 ], [ 11.61901371798082, 48.146972042465464 ], [ 11.625374924300209, 48.146162996030554 ], [ 11.624234118052758, 48.140166356808777 ] ] ], [ [ [ 11.613353895210746, 48.14733417808948 ], [ 11.612742874878125, 48.143934260216099 ], [ 11.609361760725292, 48.142861375763523 ], [ 11.610729150134462, 48.147929421450293 ], [ 11.613353895210746, 48.14733417808948 ] ] ], [ [ [ 11.625898739736563, 48.149801742678861 ], [ 11.619021881308118, 48.150664525221629 ], [ 11.618607136095362, 48.151646160738622 ], [ 11.626098524292724, 48.151778576673003 ], [ 11.625898739736563, 48.149801742678861 ] ] ], [ [ [ 11.605065045455136, 48.154755036282033 ], [ 11.607923738224761, 48.153593025047613 ], [ 11.601805586465947, 48.150783120325393 ], [ 11.605065045455136, 48.154755036282033 ] ] ], [ [ [ 11.59857760104007, 48.147082283100573 ], [ 11.60086059061134, 48.147033985636227 ], [ 11.598661171504322, 48.143919074580381 ], [ 11.597949366389246, 48.144179230609517 ], [ 11.59857760104007, 48.147082283100573 ] ] ], [ [ [ 11.60382260735436, 48.141828460335198 ], [ 11.603984178848107, 48.142526314579655 ], [ 11.603971033283834, 48.141801816841962 ], [ 11.60382260735436, 48.141828460335198 ] ] ], [ [ [ 11.582242422372456, 48.146551049715619 ], [ 11.588852523081259, 48.160511200367672 ], [ 11.589145162602248, 48.162715409642949 ], [ 11.590985222203553, 48.164058281193988 ], [ 11.598946000124233, 48.15895748462502 ], [ 11.600326678557147, 48.157272829060204 ], [ 11.591425048983993, 48.146457617063383 ], [ 11.590597301742426, 48.144521698416568 ], [ 11.582242422372456, 48.146551049715619 ] ], [ [ 11.588042139581251, 48.147958427711927 ], [ 11.595915414783338, 48.157014192656099 ], [ 11.592501159322124, 48.159247523523021 ], [ 11.587275958249963, 48.148280345628919 ], [ 11.588042139581251, 48.147958427711927 ] ] ], [ [ [ 11.577056614420634, 48.164589551827952 ], [ 11.58360355470805, 48.165327589607209 ], [ 11.583494910340162, 48.161514106607171 ], [ 11.577525292393569, 48.161957096052291 ], [ 11.577056614420634, 48.164589551827952 ] ] ], [ [ [ 11.582622349802985, 48.175637519430538 ], [ 11.583356886658157, 48.168926212040269 ], [ 11.576552736902872, 48.168729289629432 ], [ 11.575585730989056, 48.176089900846868 ], [ 11.582622349802985, 48.175637519430538 ] ] ], [ [ [ 11.581018891296676, 48.155936438767512 ], [ 11.578627769146182, 48.150864360907384 ], [ 11.577171151500893, 48.14775056725896 ], [ 11.576943486456649, 48.149102493968435 ], [ 11.575483759755214, 48.14991736722056 ], [ 11.578043790959978, 48.153954969150604 ], [ 11.577929505461348, 48.155988990705737 ], [ 11.581018891296676, 48.155936438767512 ] ] ], [ [ [ 11.555398741941717, 48.146268426438077 ], [ 11.555400978635767, 48.146256423088431 ], [ 11.55533732949066, 48.146276756397278 ], [ 11.555398741941717, 48.146268426438077 ] ] ], [ [ [ 11.526279329905464, 48.179731218337785 ], [ 11.526334525433303, 48.178341801561452 ], [ 11.524066128626156, 48.178323513689065 ], [ 11.524114112415507, 48.180182239734563 ], [ 11.526279329905464, 48.179731218337785 ] ] ], [ [ [ 11.41039098462609, 48.159182214372599 ], [ 11.402458552165516, 48.155262473883056 ], [ 11.407028172829753, 48.159031046700107 ], [ 11.41039098462609, 48.159182214372599 ] ] ], [ [ [ 11.47202254286891, 48.179456071639478 ], [ 11.46422929109098, 48.17923185320717 ], [ 11.463865567886993, 48.180025507775852 ], [ 11.47232209718886, 48.180589314335293 ], [ 11.47202254286891, 48.179456071639478 ] ] ], [ [ [ 11.498413267749717, 48.181692498873915 ], [ 11.498429752587761, 48.181928045202874 ], [ 11.499019910458715, 48.181852869049706 ], [ 11.498413267749717, 48.181692498873915 ] ] ], [ [ [ 11.499353561882193, 48.178053146334733 ], [ 11.502112546542607, 48.178770665138259 ], [ 11.505483092119034, 48.179200128608016 ], [ 11.501936541717349, 48.176778123465731 ], [ 11.499353561882193, 48.178053146334733 ] ] ], [ [ [ 11.518336707247968, 48.184072981000085 ], [ 11.512350343538508, 48.183140754501494 ], [ 11.510246552709642, 48.184092603263757 ], [ 11.506782500158399, 48.186339199541266 ], [ 11.505279224408438, 48.191033461931113 ], [ 11.51878119351143, 48.188565544491084 ], [ 11.518336707247968, 48.184072981000085 ] ], [ [ 11.514466748722699, 48.186721721184597 ], [ 11.512736629406424, 48.187120209358966 ], [ 11.510850136014719, 48.187393328418338 ], [ 11.513496286361594, 48.185985570114013 ], [ 11.514466748722699, 48.186721721184597 ] ] ], [ [ [ 11.518738745525154, 48.180051873784706 ], [ 11.518767541711336, 48.179688508869468 ], [ 11.518017598261221, 48.180063714696331 ], [ 11.518738745525154, 48.180051873784706 ] ] ], [ [ [ 11.523709456809739, 48.183775098088518 ], [ 11.524016938805117, 48.187503301560568 ], [ 11.527498931400537, 48.187271368280271 ], [ 11.529634277089292, 48.18560012687459 ], [ 11.528049394319577, 48.183835991652579 ], [ 11.523709456809739, 48.183775098088518 ] ] ], [ [ [ 11.487142165043782, 48.18171219042587 ], [ 11.487011955195438, 48.181448260946787 ], [ 11.486391036267531, 48.181618965897236 ], [ 11.487142165043782, 48.18171219042587 ] ] ], [ [ [ 11.5313691335262, 48.174486642626036 ], [ 11.536003560702573, 48.17448655122255 ], [ 11.53563554228244, 48.17065232889761 ], [ 11.53122046111082, 48.173375063490319 ], [ 11.5313691335262, 48.174486642626036 ] ] ], [ [ [ 11.562888102794794, 48.144181799343599 ], [ 11.560375613031562, 48.144531704923807 ], [ 11.560711877839932, 48.145144004864036 ], [ 11.562888102794794, 48.144181799343599 ] ] ], [ [ [ 11.53652624409802, 48.112514852940038 ], [ 11.536964846117256, 48.115083892972429 ], [ 11.536721354942008, 48.112512478636816 ], [ 11.53652624409802, 48.112514852940038 ] ] ], [ [ [ 11.528681174303532, 48.114911643373617 ], [ 11.53101800312777, 48.114711893832535 ], [ 11.528689331733498, 48.114694114680951 ], [ 11.528681174303532, 48.114911643373617 ] ] ], [ [ [ 11.552279985803212, 48.140857831736987 ], [ 11.551042355386528, 48.140817158359617 ], [ 11.551091550068969, 48.141123778574368 ], [ 11.552279985803212, 48.140857831736987 ] ] ], [ [ [ 11.549747944713204, 48.134138095629915 ], [ 11.5528194892517, 48.131743210720472 ], [ 11.553070118043593, 48.129191619469104 ], [ 11.550054090823771, 48.127625529241378 ], [ 11.547861369104808, 48.128998181122313 ], [ 11.547656381384712, 48.130415908559094 ], [ 11.549397405033121, 48.132123786754811 ], [ 11.549747944713204, 48.134138095629915 ] ] ], [ [ [ 11.552317149521864, 48.124272051666296 ], [ 11.551752190537394, 48.12256485828064 ], [ 11.551164602322411, 48.121632041883252 ], [ 11.551334004682339, 48.123639126525717 ], [ 11.552317149521864, 48.124272051666296 ] ] ], [ [ [ 11.634003674606902, 48.101245804168492 ], [ 11.629419512612431, 48.103021537271154 ], [ 11.627814894812273, 48.104079089189952 ], [ 11.63377758046008, 48.104073693603105 ], [ 11.634003674606902, 48.101245804168492 ] ] ], [ [ [ 11.656251493671972, 48.104585283886252 ], [ 11.654367194300336, 48.105624505785677 ], [ 11.653059356311868, 48.10727055647461 ], [ 11.654676737338541, 48.1072693203011 ], [ 11.656254067425495, 48.106209798496984 ], [ 11.656251493671972, 48.104585283886252 ] ] ], [ [ [ 11.652566340860718, 48.096681775720704 ], [ 11.650065172202014, 48.09733740845072 ], [ 11.652481116178452, 48.101918455458708 ], [ 11.655249227681169, 48.100348670852398 ], [ 11.652566340860718, 48.096681775720704 ] ] ], [ [ [ 11.568525653642338, 48.173862842594197 ], [ 11.570052650370343, 48.175291635755265 ], [ 11.570926170395859, 48.169229946545727 ], [ 11.567585602906329, 48.169514759036318 ], [ 11.567313249557706, 48.170910346219713 ], [ 11.568525653642338, 48.173862842594197 ] ] ], [ [ [ 11.570851794956425, 48.15650459113899 ], [ 11.567945091029181, 48.152039477821369 ], [ 11.563556447675044, 48.153268698353344 ], [ 11.565175247797702, 48.157712114474485 ], [ 11.570851794956425, 48.15650459113899 ] ] ], [ [ [ 11.572028634420843, 48.162449291593084 ], [ 11.566842198743759, 48.162871648358554 ], [ 11.567515211987605, 48.165895234154739 ], [ 11.571404403328328, 48.165556216875451 ], [ 11.572028634420843, 48.162449291593084 ] ] ], [ [ [ 11.589493912135874, 48.16903942716187 ], [ 11.588467101913354, 48.174096699394838 ], [ 11.593576543910162, 48.17290267802133 ], [ 11.589493912135874, 48.16903942716187 ] ] ], [ [ [ 11.570224254287965, 48.133904929523354 ], [ 11.567819807463781, 48.13638234030217 ], [ 11.568297109820456, 48.138698532454711 ], [ 11.57530227615907, 48.141196940607514 ], [ 11.578879928946055, 48.141058496450604 ], [ 11.580760522432879, 48.142944508788851 ], [ 11.580259930292581, 48.140843009593283 ], [ 11.581887530926497, 48.138860980665633 ], [ 11.581260635132983, 48.136791104988795 ], [ 11.574497887731104, 48.136355945255353 ], [ 11.570224254287965, 48.133904929523354 ] ] ], [ [ [ 11.562170377044009, 48.135607727891063 ], [ 11.563107159530476, 48.134046447739863 ], [ 11.558774160435046, 48.131902251939046 ], [ 11.558525837617154, 48.135645497531222 ], [ 11.562170377044009, 48.135607727891063 ] ] ], [ [ [ 11.566260215590344, 48.125596146501124 ], [ 11.5611018113522, 48.127292161824577 ], [ 11.561095371552257, 48.128593878234845 ], [ 11.566186053685856, 48.130996796029152 ], [ 11.569622260889172, 48.130079145149971 ], [ 11.571753502952857, 48.128497731416552 ], [ 11.566260215590344, 48.125596146501124 ] ] ], [ [ [ 11.536902002663533, 48.108711110728599 ], [ 11.538226229704273, 48.102252511847233 ], [ 11.532505234831735, 48.101741125177483 ], [ 11.536050841052544, 48.106399499553241 ], [ 11.536902002663533, 48.108711110728599 ] ] ], [ [ [ 11.599560689046578, 48.179396976576015 ], [ 11.600103167020796, 48.17911487782419 ], [ 11.59679639646072, 48.176186307380419 ], [ 11.597290052729111, 48.176970044102468 ], [ 11.599560689046578, 48.179396976576015 ] ] ], [ [ [ 11.59407446051895, 48.167002511489244 ], [ 11.594244918320063, 48.167009972663017 ], [ 11.59420046620048, 48.166943792965299 ], [ 11.59407446051895, 48.167002511489244 ] ] ], [ [ [ 11.648360591919927, 48.12748362048255 ], [ 11.648667990774364, 48.128089714311066 ], [ 11.650401471870559, 48.127549473353994 ], [ 11.649248267213135, 48.127366929779797 ], [ 11.648360591919927, 48.12748362048255 ] ] ], [ [ [ 11.601769997976279, 48.13848612555158 ], [ 11.605391380211957, 48.137481308683348 ], [ 11.601364591019639, 48.137563202308449 ], [ 11.601769997976279, 48.13848612555158 ] ] ], [ [ [ 11.587369779730112, 48.119746048624528 ], [ 11.595870678462047, 48.121641231557675 ], [ 11.596527555073003, 48.120614543451651 ], [ 11.589635040818784, 48.118973569179801 ], [ 11.587369779730112, 48.119746048624528 ] ] ], [ [ [ 11.584305285935608, 48.124219486204453 ], [ 11.584780190837037, 48.124155924771529 ], [ 11.584554108467279, 48.123836110573812 ], [ 11.584305285935608, 48.124219486204453 ] ] ], [ [ [ 11.598494119299, 48.117263500404299 ], [ 11.598183864709872, 48.116909912087984 ], [ 11.596760469902311, 48.116873029845351 ], [ 11.598494119299, 48.117263500404299 ] ] ], [ [ [ 11.589052171930289, 48.127020867150918 ], [ 11.583067608390143, 48.128990607883217 ], [ 11.585263155886201, 48.13006236192529 ], [ 11.588431729501407, 48.129712637947691 ], [ 11.590692383729875, 48.128130162112903 ], [ 11.589052171930289, 48.127020867150918 ] ] ], [ [ [ 11.576188570303286, 48.132655488742373 ], [ 11.580828465165041, 48.132425585671818 ], [ 11.576599628050682, 48.130272755974325 ], [ 11.574655028916855, 48.131713776133232 ], [ 11.576188570303286, 48.132655488742373 ] ] ], [ [ [ 11.593532072715803, 48.131466757473895 ], [ 11.599737118402144, 48.133772592455038 ], [ 11.607577334112905, 48.133812126224008 ], [ 11.599278136673984, 48.127769900192305 ], [ 11.593532072715803, 48.131466757473895 ] ] ], [ [ [ 11.590385404326796, 48.134445818404217 ], [ 11.590908242457397, 48.135151684625875 ], [ 11.591354412592798, 48.134757410984463 ], [ 11.590385404326796, 48.134445818404217 ] ] ], [ [ [ 11.595718688639797, 48.113177682076419 ], [ 11.600014862477375, 48.113338182042362 ], [ 11.601074148461768, 48.109881444328806 ], [ 11.598139177356888, 48.10922275899523 ], [ 11.595718688639797, 48.113177682076419 ] ] ], [ [ [ 11.590002324635194, 48.113322851509139 ], [ 11.592951633991337, 48.107862582677726 ], [ 11.588691633293271, 48.106660163433247 ], [ 11.583930528965547, 48.106560754697121 ], [ 11.579723672539217, 48.112225418093807 ], [ 11.580641108330356, 48.112895592956939 ], [ 11.583781613335111, 48.112293880789345 ], [ 11.588887987484082, 48.113446558255056 ], [ 11.590002324635194, 48.113322851509139 ] ], [ [ 11.585917872505986, 48.109839312606155 ], [ 11.587304377450488, 48.109225233770765 ], [ 11.587933848292646, 48.109315211850998 ], [ 11.587163709842228, 48.110189409054144 ], [ 11.585917872505986, 48.109839312606155 ] ] ], [ [ [ 11.586193368502776, 48.102867979279836 ], [ 11.591226473992448, 48.103413144115187 ], [ 11.594044915891411, 48.104251811675617 ], [ 11.586679750487406, 48.102054886998538 ], [ 11.586193368502776, 48.102867979279836 ] ] ], [ [ [ 11.606777335942924, 48.095068961605172 ], [ 11.607919395654035, 48.090639189580067 ], [ 11.595917300705054, 48.088030754614401 ], [ 11.588921892936497, 48.098672013746977 ], [ 11.603285019728791, 48.102147298188541 ], [ 11.604822666549822, 48.097389224034671 ], [ 11.606777335942924, 48.095068961605172 ] ], [ [ 11.598087699177251, 48.091316425219439 ], [ 11.603090676585861, 48.092442398657525 ], [ 11.602742494493688, 48.094341277298092 ], [ 11.600138287009793, 48.098508546339673 ], [ 11.594113186011098, 48.097118335576361 ], [ 11.598087699177251, 48.091316425219439 ] ] ], [ [ [ 11.59963028511716, 48.105159173179437 ], [ 11.60168632017535, 48.106195243185077 ], [ 11.601837787153455, 48.105723240420808 ], [ 11.59963028511716, 48.105159173179437 ] ] ], [ [ [ 11.586109095430862, 48.141599233135899 ], [ 11.588622696693962, 48.141162987689235 ], [ 11.588167668748209, 48.139818151273623 ], [ 11.587518702755956, 48.139588866540933 ], [ 11.586109095430862, 48.141599233135899 ] ] ], [ [ [ 11.576882213876933, 48.123109098591094 ], [ 11.574472541506704, 48.121940454807294 ], [ 11.571525460408999, 48.123035184917335 ], [ 11.575907772402578, 48.125345059215604 ], [ 11.577437830728709, 48.124294472924802 ], [ 11.576882213876933, 48.123109098591094 ] ] ], [ [ [ 11.542521199385485, 48.113911766851352 ], [ 11.543694851739163, 48.120370514530315 ], [ 11.545714367022622, 48.120724618666472 ], [ 11.545956475618683, 48.113802001620101 ], [ 11.542521199385485, 48.113911766851352 ] ] ], [ [ [ 11.543938094419419, 48.124288360005309 ], [ 11.54511783400125, 48.1247112047229 ], [ 11.543962851608983, 48.124166710829144 ], [ 11.543938094419419, 48.124288360005309 ] ] ], [ [ [ 11.558119388120376, 48.114257434367168 ], [ 11.563269022438922, 48.119247343286077 ], [ 11.567010419081877, 48.120636635617394 ], [ 11.571741591457339, 48.118842669387583 ], [ 11.569407669013115, 48.114315439038258 ], [ 11.565551908284043, 48.114985352510914 ], [ 11.558119388120376, 48.114257434367168 ] ] ], [ [ [ 11.55516196175425, 48.118269719107282 ], [ 11.551296237647376, 48.114204205690847 ], [ 11.551009163648516, 48.118365529849292 ], [ 11.551111103667967, 48.12100464672654 ], [ 11.55516196175425, 48.118269719107282 ] ] ], [ [ [ 11.579371481013343, 48.119557955731089 ], [ 11.580003452848423, 48.118706622640474 ], [ 11.579851763307692, 48.118562040929113 ], [ 11.579371481013343, 48.119557955731089 ] ] ], [ [ [ 11.633766372404686, 48.107860851138668 ], [ 11.622877743373156, 48.107743891912712 ], [ 11.621624271910862, 48.108734079291395 ], [ 11.619514074474857, 48.113314087916486 ], [ 11.630814578195654, 48.11677104588275 ], [ 11.639011066187249, 48.115153450591308 ], [ 11.644585986792885, 48.111864590566924 ], [ 11.643911128939024, 48.110978547150694 ], [ 11.635781828244374, 48.11060751975986 ], [ 11.634341333493365, 48.1096523311288 ], [ 11.633766372404686, 48.107860851138668 ] ], [ [ 11.624992930325634, 48.110669270596809 ], [ 11.630451061307868, 48.110433393780667 ], [ 11.632303315402563, 48.112215101483478 ], [ 11.634946092148938, 48.113307508135513 ], [ 11.631166453877377, 48.113887559964219 ], [ 11.624597094603285, 48.11172761374597 ], [ 11.624992930325634, 48.110669270596809 ] ] ], [ [ [ 11.621891878324815, 48.118168696534333 ], [ 11.623061575807274, 48.118297881327855 ], [ 11.621666082242783, 48.117715251589232 ], [ 11.621891878324815, 48.118168696534333 ] ] ], [ [ [ 11.610858753714009, 48.127158295199116 ], [ 11.610208903433547, 48.122860671412049 ], [ 11.607340883410803, 48.122769719979239 ], [ 11.605967823864621, 48.123916565421574 ], [ 11.610858753714009, 48.127158295199116 ] ] ], [ [ [ 11.615710136671888, 48.122506346051885 ], [ 11.616018959803824, 48.125229049662721 ], [ 11.617738322944032, 48.12424259720072 ], [ 11.617857855063294, 48.122339811583558 ], [ 11.615710136671888, 48.122506346051885 ] ] ], [ [ [ 11.613071540996261, 48.133372214477994 ], [ 11.613025009262703, 48.134370977005133 ], [ 11.613628185740852, 48.133217119108828 ], [ 11.613071540996261, 48.133372214477994 ] ] ], [ [ [ 11.613781581887398, 48.118184876186724 ], [ 11.616354750801548, 48.118749723175455 ], [ 11.615804252857302, 48.117492197238732 ], [ 11.613781581887398, 48.118184876186724 ] ] ], [ [ [ 11.606233414491838, 48.111007416904656 ], [ 11.605145513482967, 48.114680800337638 ], [ 11.60923023303017, 48.115988581807819 ], [ 11.610474217798828, 48.115017685053481 ], [ 11.61120994703049, 48.112110636745513 ], [ 11.606233414491838, 48.111007416904656 ] ] ], [ [ [ 11.605322711764963, 48.118647598493141 ], [ 11.603684966816699, 48.118223792331811 ], [ 11.603605321219373, 48.118374909221465 ], [ 11.605322711764963, 48.118647598493141 ] ] ], [ [ [ 11.610656482530114, 48.103468575058656 ], [ 11.608505553729207, 48.103053655568942 ], [ 11.608422627595214, 48.103366786601129 ], [ 11.610656482530114, 48.103468575058656 ] ] ], [ [ [ 11.608185535373918, 48.107211718931786 ], [ 11.606947227696075, 48.106922609391191 ], [ 11.606909407908695, 48.107058427511177 ], [ 11.608185535373918, 48.107211718931786 ] ] ], [ [ [ 11.620306636523956, 48.104017099962462 ], [ 11.622486873111429, 48.102726949549336 ], [ 11.616498861284816, 48.102978273417889 ], [ 11.616752507344506, 48.103748384202461 ], [ 11.620306636523956, 48.104017099962462 ] ] ], [ [ [ 11.551319279914425, 48.159164773772112 ], [ 11.553223828317996, 48.158275500362912 ], [ 11.554718730867197, 48.15704544589493 ], [ 11.551319279914425, 48.159164773772112 ] ] ], [ [ [ 11.558454769589558, 48.154443490257385 ], [ 11.558167171781989, 48.153664436240703 ], [ 11.557720167884597, 48.154040032025691 ], [ 11.557792991086146, 48.154078851268082 ], [ 11.558454769589558, 48.154443490257385 ] ] ], [ [ [ 11.706062247681141, 48.140278055835672 ], [ 11.70620282539767, 48.140321435983047 ], [ 11.706301628522706, 48.140227688919246 ], [ 11.706062247681141, 48.140278055835672 ] ] ], [ [ [ 11.673063102315295, 48.1176221680225 ], [ 11.676367760493841, 48.117605798246046 ], [ 11.67826688553771, 48.117478005858032 ], [ 11.674259542912557, 48.114556613528634 ], [ 11.673063102315295, 48.1176221680225 ] ] ], [ [ [ 11.682455980343487, 48.120551431203147 ], [ 11.675073615706696, 48.122852522233607 ], [ 11.675642699524085, 48.123927364086732 ], [ 11.683403459021124, 48.121751526331778 ], [ 11.682455980343487, 48.120551431203147 ] ] ], [ [ [ 11.667386590565227, 48.118470138105103 ], [ 11.664526362289699, 48.115978976777654 ], [ 11.661242720158244, 48.117335995612031 ], [ 11.665040779625686, 48.119221009401208 ], [ 11.667386590565227, 48.118470138105103 ] ] ] ] } },
{ "type": "Feature", "properties": { "Jangkuan1": "1000m", "Jangkuan": "1000", "Kategoris": "Sangat Jauh" }, "geometry": { "type": "MultiPolygon", "coordinates": [ [ [ [ 11.461769094223767, 48.088069872503119 ], [ 11.461245078481348, 48.090861618199007 ], [ 11.462713571735009, 48.096863698751797 ], [ 11.466638763766268, 48.100521859038508 ], [ 11.462705620739236, 48.102964833201597 ], [ 11.461724912241218, 48.105409612387888 ], [ 11.46091913389793, 48.105511459117437 ], [ 11.460846323822844, 48.109883117048398 ], [ 11.469581314672373, 48.110345259858157 ], [ 11.468346144887837, 48.103502456725558 ], [ 11.474435036710027, 48.094502031272427 ], [ 11.468199649026474, 48.09485593433201 ], [ 11.465064975026023, 48.093035657529086 ], [ 11.464126228266821, 48.09032866602579 ], [ 11.465741673045235, 48.087768994342674 ], [ 11.46974892196083, 48.085738219549135 ], [ 11.480805070714851, 48.08325793340196 ], [ 11.481107726523279, 48.080294418597489 ], [ 11.479684559949153, 48.076269710057701 ], [ 11.477341288070026, 48.073669913067825 ], [ 11.470954206332905, 48.075215005370104 ], [ 11.474162851232167, 48.079987741689727 ], [ 11.469077518789593, 48.08090796974215 ], [ 11.464646369873497, 48.082698352883696 ], [ 11.463808953516814, 48.085341800986377 ], [ 11.461769094223767, 48.088069872503119 ] ] ], [ [ [ 11.4630140630422, 48.119001924539795 ], [ 11.464052316198982, 48.119407296278517 ], [ 11.467503806912859, 48.119235209578562 ], [ 11.4630140630422, 48.119001924539795 ] ] ], [ [ [ 11.46363555934982, 48.128457665150158 ], [ 11.464146592863806, 48.129125831017511 ], [ 11.465333189623131, 48.128516404160109 ], [ 11.46363555934982, 48.128457665150158 ] ] ], [ [ [ 11.460468451652368, 48.131195437010533 ], [ 11.458537006386948, 48.131032831130071 ], [ 11.456717674443038, 48.130397972139711 ], [ 11.458197254239053, 48.13258065690264 ], [ 11.460468451652368, 48.131195437010533 ] ] ], [ [ [ 11.446960836515814, 48.129719886557609 ], [ 11.441319486198319, 48.129951598618675 ], [ 11.444800980898599, 48.132634042431306 ], [ 11.446960836515814, 48.129719886557609 ] ] ], [ [ [ 11.400779044387205, 48.16508639942861 ], [ 11.402784429605358, 48.167576808791992 ], [ 11.404031258442439, 48.166609904105762 ], [ 11.402576449828342, 48.165467401077798 ], [ 11.400779044387205, 48.16508639942861 ] ] ], [ [ [ 11.402109090947233, 48.168254242898939 ], [ 11.395860067315096, 48.171543259880671 ], [ 11.393685206281157, 48.175486886557692 ], [ 11.400640246883238, 48.173888595041028 ], [ 11.400349299142126, 48.171293197331174 ], [ 11.402109090947233, 48.168254242898939 ] ] ], [ [ [ 11.396425453838571, 48.184433567981571 ], [ 11.402362234131509, 48.187023216674284 ], [ 11.402647235769704, 48.186451588564729 ], [ 11.401981585136435, 48.184378511411957 ], [ 11.396425453838571, 48.184433567981571 ] ] ], [ [ [ 11.41705433777804, 48.184005966045966 ], [ 11.415805573742878, 48.183979472048463 ], [ 11.416027270146797, 48.184737409011099 ], [ 11.41705433777804, 48.184005966045966 ] ] ], [ [ [ 11.448192117911461, 48.179593734977239 ], [ 11.449859483615164, 48.182960139026186 ], [ 11.44665409705326, 48.188451536172714 ], [ 11.44604074415332, 48.192383194753333 ], [ 11.446831035381127, 48.195146836342772 ], [ 11.451350661950126, 48.199174018208765 ], [ 11.451394904647493, 48.194453252972878 ], [ 11.453969361579921, 48.188369834220914 ], [ 11.453165746038339, 48.185815253048943 ], [ 11.454300061025005, 48.180160537024683 ], [ 11.450028163416507, 48.178936855728999 ], [ 11.448192117911461, 48.179593734977239 ] ] ], [ [ [ 11.480118288145151, 48.192379542651295 ], [ 11.480988562478954, 48.189915036828118 ], [ 11.482520246474756, 48.189350816212915 ], [ 11.491995950884935, 48.189655609976619 ], [ 11.49623260273456, 48.189204215862901 ], [ 11.496408329019303, 48.188615802913795 ], [ 11.474008598685636, 48.18790571538694 ], [ 11.467240731823752, 48.186691979786886 ], [ 11.467405906293887, 48.189098519482812 ], [ 11.466134767686009, 48.193283465723702 ], [ 11.476290304918566, 48.193212558567218 ], [ 11.480118288145151, 48.192379542651295 ] ] ], [ [ [ 11.503514239256376, 48.204792406639747 ], [ 11.508397096180923, 48.20607700130607 ], [ 11.507014148792363, 48.205260601685559 ], [ 11.507698493658536, 48.201823334530047 ], [ 11.511160823876187, 48.201403816609151 ], [ 11.513358274070949, 48.206499650979687 ], [ 11.521019938895687, 48.20720054079996 ], [ 11.518074947556904, 48.201751646302412 ], [ 11.516722343999193, 48.195803946614504 ], [ 11.501511234755851, 48.197663355278209 ], [ 11.50037260461983, 48.200524559394118 ], [ 11.500987806812965, 48.203210120861094 ], [ 11.503514239256376, 48.204792406639747 ] ] ], [ [ [ 11.521700321318841, 48.208554014219771 ], [ 11.51835873951957, 48.211901244850978 ], [ 11.516881149141534, 48.213306518022748 ], [ 11.52205242259291, 48.213608901361475 ], [ 11.521700321318841, 48.208554014219771 ] ] ], [ [ [ 11.542143400728996, 48.220031518641186 ], [ 11.542610725748983, 48.219364939921434 ], [ 11.537755555202814, 48.219038296057889 ], [ 11.538022440976428, 48.219699481177145 ], [ 11.542143400728996, 48.220031518641186 ] ] ], [ [ [ 11.544835564813155, 48.219316305258552 ], [ 11.545687793830416, 48.221861938238462 ], [ 11.555293159154818, 48.222160344110748 ], [ 11.5545660064776, 48.220724180205735 ], [ 11.554706781116417, 48.218057595461076 ], [ 11.544835564813155, 48.219316305258552 ] ] ], [ [ [ 11.571043824512506, 48.222430477269207 ], [ 11.571502192318428, 48.219428014196133 ], [ 11.577780536818347, 48.215578296910785 ], [ 11.569240937885127, 48.214224715803986 ], [ 11.568855517017886, 48.216962925585925 ], [ 11.569715049770053, 48.220155810818753 ], [ 11.568082812104437, 48.222507647889792 ], [ 11.571043824512506, 48.222430477269207 ] ] ], [ [ [ 11.59395028668593, 48.20984501661485 ], [ 11.596335351081301, 48.208513146154679 ], [ 11.600892398445957, 48.21066901715885 ], [ 11.605549254939719, 48.209746207094618 ], [ 11.6064519031482, 48.211496695460553 ], [ 11.610802944248162, 48.210980511349788 ], [ 11.612972395737566, 48.210178460786516 ], [ 11.611827692301592, 48.207092804443519 ], [ 11.613569900369644, 48.20415942746191 ], [ 11.593232134746016, 48.206309087090361 ], [ 11.59395028668593, 48.20984501661485 ] ] ], [ [ [ 11.633769043782273, 48.194315201149749 ], [ 11.634284486771815, 48.191522868429885 ], [ 11.633484225231909, 48.188760700674067 ], [ 11.63209220758616, 48.187078884956406 ], [ 11.626903421153688, 48.189239809353651 ], [ 11.632150360282676, 48.19663217742049 ], [ 11.633769043782273, 48.194315201149749 ] ] ], [ [ [ 11.638175486107025, 48.182070633603367 ], [ 11.644186341931855, 48.180405896223817 ], [ 11.648222657257142, 48.176679076992237 ], [ 11.653330762339348, 48.174901327960718 ], [ 11.661211566429762, 48.174674351458691 ], [ 11.664891053985807, 48.173310980984304 ], [ 11.667760351735406, 48.17125373965748 ], [ 11.66953861289425, 48.16870407270099 ], [ 11.669936449074987, 48.165513882777169 ], [ 11.668289341665044, 48.168171669310915 ], [ 11.661724176313529, 48.172237721083008 ], [ 11.6534902622495, 48.174268877730782 ], [ 11.643577240813816, 48.173848304683588 ], [ 11.644613984306764, 48.175637481722021 ], [ 11.643841076721863, 48.178367853743332 ], [ 11.640816053799483, 48.180272872285144 ], [ 11.637606667214492, 48.180757583432481 ], [ 11.638175486107025, 48.182070633603367 ] ] ], [ [ [ 11.669120596098374, 48.154571585379237 ], [ 11.67089824635474, 48.1520219027515 ], [ 11.670936993336639, 48.147594908447964 ], [ 11.675901509708183, 48.149504906246605 ], [ 11.683013823367496, 48.149465730716784 ], [ 11.679361648226033, 48.147740089371773 ], [ 11.678181983740028, 48.144755458396176 ], [ 11.673133115782512, 48.144172607636008 ], [ 11.667564103312511, 48.144620891250419 ], [ 11.665030233810382, 48.148075635242471 ], [ 11.664741004866721, 48.150506784968961 ], [ 11.666693611385403, 48.156312310038075 ], [ 11.669120596098374, 48.154571585379237 ] ] ], [ [ [ 11.715017246921885, 48.129438165500552 ], [ 11.712978433399236, 48.126977967097929 ], [ 11.709904043812646, 48.125059890904041 ], [ 11.702326290549507, 48.123167235021221 ], [ 11.720025565948132, 48.117990494261527 ], [ 11.722889609435539, 48.115931958485682 ], [ 11.724663306869562, 48.113381504509206 ], [ 11.725173173412861, 48.110588838361572 ], [ 11.724369501006306, 48.107827338324959 ], [ 11.722331147258041, 48.105367289943608 ], [ 11.719257744321766, 48.103449439805736 ], [ 11.709417687943358, 48.100922316040048 ], [ 11.711008035665806, 48.102604065718261 ], [ 11.71117841335291, 48.104682022141311 ], [ 11.713664659801712, 48.106317410764049 ], [ 11.717705615179105, 48.106790560530435 ], [ 11.720597713565835, 48.108783081551685 ], [ 11.721236148858949, 48.110230472927597 ], [ 11.720529238296216, 48.112968678772667 ], [ 11.717553808910996, 48.114905626229394 ], [ 11.705077959499338, 48.117057604953686 ], [ 11.70522266594233, 48.119179894467031 ], [ 11.704449976036734, 48.120488037351365 ], [ 11.701337758735917, 48.122326429571139 ], [ 11.697205946709186, 48.122588756537539 ], [ 11.693578544596317, 48.121671826013774 ], [ 11.693427418290154, 48.123699786659024 ], [ 11.69177890500616, 48.1257211328575 ], [ 11.683965585571119, 48.128463859143551 ], [ 11.68558905370981, 48.130376371406484 ], [ 11.690548245253826, 48.128898466865053 ], [ 11.705613295472444, 48.128726511648942 ], [ 11.715017246921885, 48.129438165500552 ] ] ], [ [ [ 11.692348634806237, 48.102772827819699 ], [ 11.686570082056573, 48.10392440070062 ], [ 11.683856719005128, 48.102564307840169 ], [ 11.682025091863704, 48.103970998704007 ], [ 11.680149122005549, 48.101629915482697 ], [ 11.676410925708344, 48.100305434162088 ], [ 11.675422225531719, 48.098275443584505 ], [ 11.672359371505092, 48.09715877533128 ], [ 11.673987616560714, 48.09654979604673 ], [ 11.672215649411738, 48.094637435531872 ], [ 11.67787174670484, 48.094227274110267 ], [ 11.684409378023178, 48.090805882441103 ], [ 11.686473591726552, 48.086676878144843 ], [ 11.690037193896904, 48.082841384534753 ], [ 11.690548711257023, 48.08004882925124 ], [ 11.689747429435458, 48.077287029782241 ], [ 11.687207401506596, 48.073199151447611 ], [ 11.680332775973483, 48.070091072775107 ], [ 11.671585401461321, 48.070312266406674 ], [ 11.666256966986655, 48.072988714220671 ], [ 11.664261061002042, 48.075463952849624 ], [ 11.663198267479455, 48.07993691914097 ], [ 11.661001749881962, 48.076057279099132 ], [ 11.658895085729778, 48.074612045489857 ], [ 11.657438826415166, 48.076771199713818 ], [ 11.653921106068173, 48.077601875280294 ], [ 11.655527703731336, 48.07865736544916 ], [ 11.656762782575006, 48.081310167729143 ], [ 11.655211463452838, 48.085038953575015 ], [ 11.652756327505069, 48.087489689826519 ], [ 11.655235519470503, 48.087988345951466 ], [ 11.670039278615445, 48.08246210942459 ], [ 11.670590153692507, 48.076956354516305 ], [ 11.673107667280032, 48.074748221502524 ], [ 11.677080933123309, 48.073953363837767 ], [ 11.680992581057575, 48.074875322066305 ], [ 11.68334876876931, 48.077162005982309 ], [ 11.683618487311346, 48.078806476528939 ], [ 11.687266428047717, 48.080707716916301 ], [ 11.688211152164362, 48.083413527803579 ], [ 11.687709215642654, 48.084779489604742 ], [ 11.68499739239483, 48.086882033121547 ], [ 11.68107507587681, 48.087707603568944 ], [ 11.676732228129699, 48.090284098738422 ], [ 11.662413162271193, 48.095588376222203 ], [ 11.66538915292322, 48.100269308704554 ], [ 11.666617817005248, 48.10121148962925 ], [ 11.670220458615153, 48.101395658534521 ], [ 11.672757420699362, 48.102544062500769 ], [ 11.676845523205579, 48.107026433362755 ], [ 11.682610116115821, 48.111168154782575 ], [ 11.692348634806237, 48.102772827819699 ] ] ], [ [ [ 11.644191115996293, 48.07918530587186 ], [ 11.636965140805186, 48.079121609142504 ], [ 11.63524065531098, 48.080650031124044 ], [ 11.634600398563032, 48.07960399503154 ], [ 11.629188609018197, 48.082465750282914 ], [ 11.632086942270657, 48.095049762589582 ], [ 11.638395433615161, 48.093722920449132 ], [ 11.638656317623152, 48.085671738467973 ], [ 11.644191115996293, 48.07918530587186 ] ] ], [ [ [ 11.616876063820262, 48.081832323637563 ], [ 11.613144566778137, 48.081522939678379 ], [ 11.610771663166075, 48.080037280306641 ], [ 11.604241835759934, 48.078619328544271 ], [ 11.602783540766159, 48.082869075605593 ], [ 11.61222310141966, 48.084984898697904 ], [ 11.616308955008554, 48.083967323263181 ], [ 11.616876063820262, 48.081832323637563 ] ] ], [ [ [ 11.585828919994992, 48.085691898265388 ], [ 11.579457453059979, 48.083903051619217 ], [ 11.578436326512591, 48.086117927768036 ], [ 11.565890100946351, 48.080581949837189 ], [ 11.560819958352113, 48.072319654676697 ], [ 11.557754413717129, 48.070397328440443 ], [ 11.552939174945852, 48.06911925289144 ], [ 11.560358676194323, 48.083633066495103 ], [ 11.580938718558786, 48.092507791649062 ], [ 11.583387628192485, 48.090098783273419 ], [ 11.585828919994992, 48.085691898265388 ] ] ], [ [ [ 11.539451927988866, 48.072564060352015 ], [ 11.538975426636879, 48.070904058240039 ], [ 11.535539692212623, 48.067557240794642 ], [ 11.534279174394257, 48.070179775463401 ], [ 11.530935332452783, 48.067276541641974 ], [ 11.530395058503574, 48.065421630334463 ], [ 11.523357708166758, 48.065304230322624 ], [ 11.525723177332287, 48.070240966823235 ], [ 11.53735799160822, 48.080572753716631 ], [ 11.541161161781625, 48.086013763616634 ], [ 11.550271011616957, 48.095207607065802 ], [ 11.551271371429721, 48.09303934132906 ], [ 11.540702396985733, 48.071668780707782 ], [ 11.539451927988866, 48.072564060352015 ] ] ], [ [ [ 11.509716827981872, 48.0655107362034 ], [ 11.503656246724555, 48.068215875472653 ], [ 11.504135232547052, 48.069302461854747 ], [ 11.502986385355475, 48.069835725533387 ], [ 11.498260202921113, 48.070942265367876 ], [ 11.497342014795668, 48.069913183934787 ], [ 11.493097432304587, 48.07392779374625 ], [ 11.496947462283197, 48.076788381985914 ], [ 11.511919864680577, 48.071915833692472 ], [ 11.509716827981872, 48.0655107362034 ] ] ], [ [ [ 11.607833473012636, 48.162693144796947 ], [ 11.612042330618941, 48.163671648358559 ], [ 11.610782656346085, 48.167527540022462 ], [ 11.611549637076759, 48.170180305332316 ], [ 11.60942340698702, 48.169946718890017 ], [ 11.605792519881293, 48.165731423258833 ], [ 11.60613717219556, 48.163869118027257 ], [ 11.604127738857878, 48.164791832885449 ], [ 11.606864125627721, 48.170519852198922 ], [ 11.606154005649238, 48.173816495806946 ], [ 11.613993566201652, 48.181132870075345 ], [ 11.618818833566703, 48.182024927140276 ], [ 11.624575383678359, 48.179574854896082 ], [ 11.623810559697969, 48.176805885945889 ], [ 11.618878966525122, 48.172646841502939 ], [ 11.617487979173012, 48.16832851577756 ], [ 11.615476459315754, 48.165606510031182 ], [ 11.610154472046617, 48.160616071516905 ], [ 11.607833473012636, 48.162693144796947 ] ] ], [ [ [ 11.490790396271436, 48.151102361144339 ], [ 11.490563538020476, 48.153409689704759 ], [ 11.492193682716955, 48.155425857081148 ], [ 11.490815126372139, 48.155154372444642 ], [ 11.491257339055407, 48.15669723696324 ], [ 11.493014089217416, 48.158830260504281 ], [ 11.491526356786512, 48.160101888570843 ], [ 11.493677709983976, 48.160848116339892 ], [ 11.504624466439006, 48.159316612305631 ], [ 11.504688689345789, 48.157336976938112 ], [ 11.503818529373405, 48.156526217570367 ], [ 11.500174557097075, 48.155256057379766 ], [ 11.498314166623638, 48.153578979503706 ], [ 11.496934915613524, 48.150924993663551 ], [ 11.496612259238326, 48.148265422174937 ], [ 11.476287499911924, 48.149782584792163 ], [ 11.473253307403377, 48.150924988540993 ], [ 11.473692607315366, 48.160038000045091 ], [ 11.488124574481443, 48.159372152819508 ], [ 11.486203132458558, 48.15713991660256 ], [ 11.488175785893528, 48.154845818327288 ], [ 11.480338936953435, 48.155078985127808 ], [ 11.480223281937946, 48.154160546588379 ], [ 11.488810858080059, 48.153575551708371 ], [ 11.488987807990965, 48.150399536216028 ], [ 11.490790396271436, 48.151102361144339 ] ] ], [ [ [ 11.456042085778549, 48.217061874385465 ], [ 11.456833343845991, 48.219825420610256 ], [ 11.458863920281168, 48.22229027629669 ], [ 11.460346882420165, 48.223219718806767 ], [ 11.464498060553115, 48.223062731366163 ], [ 11.4667295266848, 48.225493946380567 ], [ 11.474060090586057, 48.225232718301427 ], [ 11.476926166978597, 48.224177839198973 ], [ 11.47261902756321, 48.22321568530306 ], [ 11.470325491291677, 48.220897490749046 ], [ 11.470509127854914, 48.218121174771753 ], [ 11.474223209425558, 48.214515374814425 ], [ 11.468349649081798, 48.214458834954705 ], [ 11.467328736039466, 48.216825702935417 ], [ 11.465922439550148, 48.21787256036253 ], [ 11.462042329181505, 48.218872178891274 ], [ 11.456042085778549, 48.217061874385465 ] ] ], [ [ [ 11.433184173826692, 48.139544895430724 ], [ 11.434813223434881, 48.139776753321222 ], [ 11.435985795557828, 48.139935684778003 ], [ 11.433517345027377, 48.138453163086034 ], [ 11.433184173826692, 48.139544895430724 ] ] ], [ [ [ 11.416926040227748, 48.137297196656682 ], [ 11.419650172758173, 48.137676209473177 ], [ 11.421212856974236, 48.134965499835999 ], [ 11.418187167314992, 48.135077352116632 ], [ 11.416926040227748, 48.137297196656682 ] ] ], [ [ [ 11.579167473599941, 48.206559696583625 ], [ 11.579491971193162, 48.206287201262946 ], [ 11.579414585144699, 48.205897631009002 ], [ 11.579167473599941, 48.206559696583625 ] ] ], [ [ [ 11.594762546627395, 48.197261607992772 ], [ 11.609278467795335, 48.195393931849679 ], [ 11.607485717864016, 48.19185132078951 ], [ 11.605543158894081, 48.191155025917006 ], [ 11.590839080733666, 48.192478717388234 ], [ 11.59140293810619, 48.1969616684827 ], [ 11.594762546627395, 48.197261607992772 ] ] ], [ [ [ 11.575259427569554, 48.101779861591304 ], [ 11.575145975950262, 48.100789775190755 ], [ 11.574006516901518, 48.100298914836024 ], [ 11.575259427569554, 48.101779861591304 ] ] ], [ [ [ 11.534435936221719, 48.095541530902253 ], [ 11.534395934187684, 48.095240245116564 ], [ 11.53429278689558, 48.095142442873872 ], [ 11.534435936221719, 48.095541530902253 ] ] ], [ [ [ 11.52569991779875, 48.085414558582592 ], [ 11.526028563043438, 48.086066787801414 ], [ 11.526423515102909, 48.086072922589452 ], [ 11.526198640581569, 48.085683511143834 ], [ 11.52569991779875, 48.085414558582592 ] ] ], [ [ [ 11.509988681787464, 48.084384678469235 ], [ 11.510599464276886, 48.084459978808319 ], [ 11.510788523025798, 48.082525200385888 ], [ 11.509988681787464, 48.084384678469235 ] ] ], [ [ [ 11.473800688784005, 48.135541409070441 ], [ 11.473101832195599, 48.135922045590725 ], [ 11.47210459041708, 48.136378488482116 ], [ 11.473472687537679, 48.136757786487557 ], [ 11.473800688784005, 48.135541409070441 ] ] ], [ [ [ 11.490509503733898, 48.119299898278662 ], [ 11.495254774100996, 48.116807071946972 ], [ 11.484973155769309, 48.118932037626635 ], [ 11.485667416556282, 48.119147371918494 ], [ 11.490509503733898, 48.119299898278662 ] ] ], [ [ [ 11.482234896669786, 48.106393274804532 ], [ 11.48303341385853, 48.109923082839153 ], [ 11.495447506564025, 48.107616131362988 ], [ 11.494737603505884, 48.10463690749512 ], [ 11.485725173256135, 48.100083982454002 ], [ 11.482234896669786, 48.106393274804532 ] ], [ [ 11.491591977349078, 48.103939991268739 ], [ 11.490852642251085, 48.104128055729234 ], [ 11.490720352000467, 48.103665955124356 ], [ 11.491591977349078, 48.103939991268739 ] ] ], [ [ [ 11.514466748722699, 48.186721721184597 ], [ 11.513496286361594, 48.185985570114013 ], [ 11.510850136014719, 48.187393328418338 ], [ 11.514466748722699, 48.186721721184597 ] ] ], [ [ [ 11.556490958814964, 48.190949244657872 ], [ 11.548908196028194, 48.202865495912775 ], [ 11.540329883001917, 48.209418019784536 ], [ 11.544141075106673, 48.210334375783745 ], [ 11.556148538856496, 48.208721549258556 ], [ 11.55869142431607, 48.191135716728475 ], [ 11.556490958814964, 48.190949244657872 ] ] ], [ [ [ 11.546804212733644, 48.181127878367811 ], [ 11.54693158600733, 48.18159053756338 ], [ 11.54751750955449, 48.181257788094058 ], [ 11.546804212733644, 48.181127878367811 ] ] ], [ [ [ 11.41501222287873, 48.146215848276057 ], [ 11.401455793851484, 48.144253911929518 ], [ 11.401371901060397, 48.144568372941549 ], [ 11.401576969770934, 48.147236381331695 ], [ 11.412453339265435, 48.151990921808334 ], [ 11.41501222287873, 48.146215848276057 ] ] ], [ [ [ 11.439219039921115, 48.159010138119299 ], [ 11.447482910800186, 48.152811210807876 ], [ 11.430473695137643, 48.156652761098556 ], [ 11.435950312118939, 48.159006138094568 ], [ 11.439219039921115, 48.159010138119299 ] ] ], [ [ [ 11.422322093170774, 48.165871309297053 ], [ 11.426672623246793, 48.168693181734952 ], [ 11.425895561835381, 48.165964224621121 ], [ 11.422322093170774, 48.165871309297053 ] ] ], [ [ [ 11.521843630906806, 48.163933212971315 ], [ 11.522786250170036, 48.160671065355025 ], [ 11.51824518264524, 48.160429129245514 ], [ 11.517563493547238, 48.163264033123085 ], [ 11.521843630906806, 48.163933212971315 ] ] ], [ [ [ 11.513591510608178, 48.146801133629957 ], [ 11.51001420579219, 48.146940696550701 ], [ 11.510062247221997, 48.148514420510182 ], [ 11.510832434539415, 48.148769454041933 ], [ 11.513591510608178, 48.146801133629957 ] ] ], [ [ [ 11.648222459679539, 48.15318489117071 ], [ 11.648664087868591, 48.15717296620835 ], [ 11.651621161047025, 48.161301379963142 ], [ 11.651552348853803, 48.165204627654219 ], [ 11.653351601725856, 48.164927792359684 ], [ 11.656110786649693, 48.162544270376891 ], [ 11.654369845624203, 48.160282754477315 ], [ 11.652114322221914, 48.15431493005002 ], [ 11.648222459679539, 48.15318489117071 ] ] ], [ [ [ 11.636331009194441, 48.163936939127403 ], [ 11.638261639502034, 48.163816274130447 ], [ 11.638398406925909, 48.16300187629885 ], [ 11.635892507216633, 48.160455636871241 ], [ 11.636331009194441, 48.163936939127403 ] ] ], [ [ [ 11.651633359004213, 48.144465466241428 ], [ 11.652861195377959, 48.14418270173239 ], [ 11.651288344003179, 48.144253318801155 ], [ 11.651633359004213, 48.144465466241428 ] ] ], [ [ [ 11.475040341790615, 48.1689862010479 ], [ 11.469371850199776, 48.169258699647131 ], [ 11.465230657452018, 48.169266379759449 ], [ 11.467246686484025, 48.172948115905861 ], [ 11.469534269541477, 48.172916163510834 ], [ 11.475040341790615, 48.1689862010479 ] ] ], [ [ [ 11.549418076441249, 48.17075085502556 ], [ 11.546396408695321, 48.166542730075946 ], [ 11.544958522062721, 48.167399035143767 ], [ 11.545346571171988, 48.17092458037208 ], [ 11.550863279105522, 48.171623360601174 ], [ 11.549418076441249, 48.17075085502556 ] ] ], [ [ [ 11.603090676585861, 48.092442398657525 ], [ 11.598087699177251, 48.091316425219439 ], [ 11.594113186011098, 48.097118335576361 ], [ 11.600138287009793, 48.098508546339673 ], [ 11.602742494493688, 48.094341277298092 ], [ 11.603090676585861, 48.092442398657525 ] ] ], [ [ [ 11.528157573405842, 48.121543424669206 ], [ 11.528140941030465, 48.121200627159809 ], [ 11.527801864091931, 48.121179221685921 ], [ 11.528157573405842, 48.121543424669206 ] ] ], [ [ [ 11.585917872505986, 48.109839312606155 ], [ 11.587163709842228, 48.110189409054144 ], [ 11.587933848292646, 48.109315211850998 ], [ 11.586253730419921, 48.109167525000885 ], [ 11.585917872505986, 48.109839312606155 ] ] ], [ [ [ 11.489161057315171, 48.172510236084051 ], [ 11.4862919574333, 48.174304627113429 ], [ 11.489274384066995, 48.17491679257305 ], [ 11.491435885158349, 48.174043419499355 ], [ 11.489161057315171, 48.172510236084051 ] ] ], [ [ [ 11.65261023830805, 48.133809396108987 ], [ 11.651441949500329, 48.134116663067417 ], [ 11.649864193620989, 48.134489954547334 ], [ 11.653924505448229, 48.134621158083704 ], [ 11.65261023830805, 48.133809396108987 ] ] ], [ [ [ 11.624949194654198, 48.110780496888815 ], [ 11.624597094603285, 48.11172761374597 ], [ 11.631166453877377, 48.113887559964219 ], [ 11.634946092148938, 48.113307508135513 ], [ 11.632303315402563, 48.112215101483478 ], [ 11.630451061307868, 48.110433393780667 ], [ 11.624949194654198, 48.110780496888815 ] ] ], [ [ [ 11.58728800365065, 48.14830597606587 ], [ 11.592501159322124, 48.159247523523021 ], [ 11.595895786407356, 48.157040059117868 ], [ 11.588054450021009, 48.147951948217788 ], [ 11.58728800365065, 48.14830597606587 ] ] ], [ [ [ 11.669933523746748, 48.130542225600202 ], [ 11.668236494949772, 48.12867052535519 ], [ 11.665259344398329, 48.129764955923058 ], [ 11.6684275018323, 48.130816709400086 ], [ 11.669933523746748, 48.130542225600202 ] ] ] ] } },
{ "type": "Feature", "properties": { "Jangkuan1": "2000m", "Jangkuan": "200", "Kategoris": "Dekat" }, "geometry": { "type": "MultiPolygon", "coordinates": [ [ [ [ 11.405320689400101, 48.123709243811071 ], [ 11.399594067881873, 48.124753885570421 ], [ 11.400772217476801, 48.127390365208313 ], [ 11.395855358154991, 48.135147120638145 ], [ 11.391263621928442, 48.134901997190731 ], [ 11.389366180939762, 48.135928703486407 ], [ 11.38919114647968, 48.137034167418435 ], [ 11.39002030301177, 48.137997369337413 ], [ 11.393680216476726, 48.139269070041401 ], [ 11.391733923903502, 48.143202481079278 ], [ 11.390138145698236, 48.143966497193688 ], [ 11.3866832018539, 48.14353738893513 ], [ 11.38514288835416, 48.14538357388335 ], [ 11.388651537109142, 48.147536320306664 ], [ 11.389314310344531, 48.149519220858338 ], [ 11.392138007623629, 48.150714562533665 ], [ 11.394177541812363, 48.153884000981009 ], [ 11.399147746727472, 48.158492724483885 ], [ 11.392578998931121, 48.15899593077868 ], [ 11.386951607400674, 48.160511196057328 ], [ 11.387066952055983, 48.164399331233447 ], [ 11.39360015240737, 48.16253850794169 ], [ 11.400042353314356, 48.162054771839045 ], [ 11.402340041302574, 48.155247276890854 ], [ 11.40087148426398, 48.153459066898392 ], [ 11.400124091105546, 48.15083450638501 ], [ 11.397153708485602, 48.148387176837097 ], [ 11.39631558366081, 48.144779872532297 ], [ 11.396568247362838, 48.141478587664388 ], [ 11.397096193314999, 48.138687092184384 ], [ 11.398886964492814, 48.13614140038279 ], [ 11.402571796688743, 48.133793927227053 ], [ 11.405599452498182, 48.129857812081653 ], [ 11.410059808455726, 48.131031978633615 ], [ 11.40961679641852, 48.132211885828028 ], [ 11.415298381929357, 48.133049816472344 ], [ 11.415693961793327, 48.132179643500514 ], [ 11.422097995642268, 48.132156558954769 ], [ 11.423760510014983, 48.130961312822343 ], [ 11.423701311642418, 48.12985037570364 ], [ 11.422451951746462, 48.128873940680009 ], [ 11.412369730467185, 48.127608388233938 ], [ 11.407508441005826, 48.125920615466399 ], [ 11.405320689400101, 48.123709243811071 ] ] ], [ [ [ 11.405693261329567, 48.196297265889683 ], [ 11.415072904724065, 48.195405345601387 ], [ 11.431768342459348, 48.184557096156915 ], [ 11.433644562358742, 48.177862038809806 ], [ 11.430873318283128, 48.17599602783158 ], [ 11.435534350181509, 48.175847898371451 ], [ 11.436155059546191, 48.176233447368965 ], [ 11.434420133737875, 48.177379445473477 ], [ 11.435494796273646, 48.182479999342398 ], [ 11.433596472592528, 48.186695553306549 ], [ 11.43487386828069, 48.190801666494025 ], [ 11.433855760748731, 48.197073868729561 ], [ 11.438233836114238, 48.203126657947024 ], [ 11.443063871314715, 48.206156500365793 ], [ 11.45535147633157, 48.206816859989722 ], [ 11.458857573780511, 48.209115152663728 ], [ 11.457971320103541, 48.212273213734193 ], [ 11.461237547813381, 48.209671352324378 ], [ 11.468576518887797, 48.207846921241106 ], [ 11.465280364379089, 48.207042592167468 ], [ 11.460098747099394, 48.20420036275668 ], [ 11.459632945659818, 48.203276862042884 ], [ 11.460781398996485, 48.200973875843331 ], [ 11.455388847121602, 48.200623843342221 ], [ 11.454284181136616, 48.202799612174296 ], [ 11.448982327171125, 48.202558496591557 ], [ 11.443116070562841, 48.202029993738719 ], [ 11.439633356771042, 48.199333186664845 ], [ 11.440378085942193, 48.190138005547894 ], [ 11.438972857134717, 48.18560944119988 ], [ 11.437026860470601, 48.182517544757346 ], [ 11.437404980063846, 48.180794029053338 ], [ 11.442281592493764, 48.177409845744045 ], [ 11.448457280144659, 48.176397076061846 ], [ 11.450752929630465, 48.172183569766005 ], [ 11.453738769976056, 48.17009183397488 ], [ 11.452224555411254, 48.168251512353322 ], [ 11.44498262805079, 48.169925027132329 ], [ 11.440809281815014, 48.169573386283908 ], [ 11.437002783801557, 48.168376151746052 ], [ 11.433260195175139, 48.165628825085534 ], [ 11.430485496386162, 48.167754403115723 ], [ 11.434196230110246, 48.170757529564511 ], [ 11.433262167092353, 48.172585825969115 ], [ 11.426384646909415, 48.172165393832984 ], [ 11.42268662024742, 48.169818413119224 ], [ 11.417469607862543, 48.171003484108653 ], [ 11.419630470328931, 48.173553381669571 ], [ 11.420396144801741, 48.176237070450192 ], [ 11.424048849594261, 48.176762208558422 ], [ 11.4217269039386, 48.178047459924151 ], [ 11.420195238037003, 48.177978150100486 ], [ 11.419217948085146, 48.181531645520465 ], [ 11.423797530864713, 48.18160041128278 ], [ 11.427598976959629, 48.179697596986465 ], [ 11.427870157513045, 48.181705203160298 ], [ 11.410588316318458, 48.192947260374346 ], [ 11.412067482662406, 48.186539580028189 ], [ 11.406449544215091, 48.187407855520725 ], [ 11.404590079674877, 48.193616379291562 ], [ 11.405693261329567, 48.196297265889683 ] ], [ [ 11.439600440802126, 48.171612351250729 ], [ 11.441628119056826, 48.172595478081845 ], [ 11.438664485532071, 48.172977684394695 ], [ 11.439600440802126, 48.171612351250729 ] ] ], [ [ [ 11.495804619448371, 48.21931931526909 ], [ 11.496221439554194, 48.215603180675053 ], [ 11.489402855525739, 48.215449756559728 ], [ 11.489565177799514, 48.213718557638011 ], [ 11.488310993753, 48.212304328310893 ], [ 11.489344599142076, 48.211271463609854 ], [ 11.4955104359268, 48.213126595563224 ], [ 11.49509926240815, 48.211694266754968 ], [ 11.502363031053724, 48.214242637327949 ], [ 11.501637331720408, 48.218117771350165 ], [ 11.503355541836807, 48.217715820505539 ], [ 11.519422022280329, 48.224127416809708 ], [ 11.515858996509143, 48.220706465997203 ], [ 11.515064559643909, 48.217943382729189 ], [ 11.51545949110648, 48.21583156613999 ], [ 11.505198044659343, 48.213883468368522 ], [ 11.498847483959588, 48.210126274366395 ], [ 11.493110005557465, 48.208124329323716 ], [ 11.496996560913257, 48.202882109147922 ], [ 11.496773286439673, 48.201735881107815 ], [ 11.495373368282186, 48.200853229391143 ], [ 11.497034982656073, 48.198938422293324 ], [ 11.497600327639661, 48.195761393632743 ], [ 11.499443858649201, 48.192992568216589 ], [ 11.496654399648216, 48.191924611123596 ], [ 11.48939820329581, 48.192925693523073 ], [ 11.476389863793367, 48.195914212192463 ], [ 11.466377793737056, 48.1996983501732 ], [ 11.478055120624109, 48.199405098406842 ], [ 11.492028731744318, 48.196357121138213 ], [ 11.491769644474921, 48.197849944071066 ], [ 11.484253746080645, 48.206107120493414 ], [ 11.479617459504675, 48.207711955266618 ], [ 11.470435154356739, 48.207900601658174 ], [ 11.477046276275027, 48.209331627637162 ], [ 11.480401135425142, 48.211600249264897 ], [ 11.482304332826889, 48.211537029100356 ], [ 11.481305226790372, 48.2126971242282 ], [ 11.482148703406114, 48.213720409118622 ], [ 11.48274071119994, 48.217552702734338 ], [ 11.483865759614076, 48.216543548143449 ], [ 11.48486307939881, 48.218583939955337 ], [ 11.486130711570112, 48.219303684838515 ], [ 11.495804619448371, 48.21931931526909 ] ] ], [ [ [ 11.540765218021546, 48.233420461442506 ], [ 11.543392481767752, 48.23494789334368 ], [ 11.543281895889441, 48.233646956979918 ], [ 11.544518548427913, 48.233021855223726 ], [ 11.546945892653797, 48.22893691141411 ], [ 11.554579667209342, 48.228595403897977 ], [ 11.5505694955176, 48.227385709300719 ], [ 11.546801882882038, 48.224624541268291 ], [ 11.543620532525605, 48.224439884733606 ], [ 11.539756133940248, 48.222548378306122 ], [ 11.536778600854582, 48.224745417068966 ], [ 11.529850417763651, 48.226521433808898 ], [ 11.532415151030541, 48.226957592744505 ], [ 11.537852893228777, 48.23449428899157 ], [ 11.540765218021546, 48.233420461442506 ] ] ], [ [ [ 11.582934067830621, 48.226408040971521 ], [ 11.568880441041433, 48.225249081698067 ], [ 11.56638259287856, 48.227033605157573 ], [ 11.560337810846127, 48.22869772809058 ], [ 11.580431350994067, 48.229982050406342 ], [ 11.582934067830621, 48.226408040971521 ] ] ], [ [ [ 11.628199111415682, 48.212818009497518 ], [ 11.62475136312467, 48.206157109552521 ], [ 11.625367530543434, 48.20379073425741 ], [ 11.622434206023822, 48.201552651863643 ], [ 11.619984427410772, 48.20186964355819 ], [ 11.619467734727129, 48.204630772062842 ], [ 11.616187039040831, 48.208401811548775 ], [ 11.61712986855501, 48.209738988154996 ], [ 11.618872299259536, 48.211794082239592 ], [ 11.620462951603635, 48.212381510529191 ], [ 11.622834499163728, 48.216657230758209 ], [ 11.628199111415682, 48.212818009497518 ] ] ], [ [ [ 11.631509455371981, 48.208385674573911 ], [ 11.634299419581778, 48.207353501029672 ], [ 11.629182856372751, 48.198872874815429 ], [ 11.624561035910761, 48.200804815756861 ], [ 11.630255033726122, 48.210180669042067 ], [ 11.631509455371981, 48.208385674573911 ] ] ], [ [ [ 11.482256784837261, 48.07392408449337 ], [ 11.486057214208644, 48.075119940420258 ], [ 11.489258608221734, 48.077212270446047 ], [ 11.491380870443924, 48.076633273912364 ], [ 11.483631605891453, 48.069177139457452 ], [ 11.481143762714119, 48.069307113011263 ], [ 11.4798939100002, 48.070709057642183 ], [ 11.482256784837261, 48.07392408449337 ] ] ], [ [ [ 11.514246372918391, 48.064829696013206 ], [ 11.51841160610762, 48.065178815197207 ], [ 11.519213624871684, 48.065430934249086 ], [ 11.517984637806968, 48.063841937562181 ], [ 11.516420948301816, 48.063471738343118 ], [ 11.514831267796122, 48.06378831595255 ], [ 11.514246372918391, 48.064829696013206 ] ] ], [ [ [ 11.594390783569423, 48.079394294563329 ], [ 11.600277494093943, 48.078370912196831 ], [ 11.600288968435629, 48.078187375131627 ], [ 11.599598440816484, 48.077176686978476 ], [ 11.597314369941682, 48.07660743009189 ], [ 11.595284556506297, 48.077511116719101 ], [ 11.594390783569423, 48.079394294563329 ] ] ], [ [ [ 11.623748614056941, 48.084944238290241 ], [ 11.625975690113567, 48.088078382751597 ], [ 11.626498975218226, 48.088010518949019 ], [ 11.625251806218262, 48.083055991218174 ], [ 11.623178389746641, 48.082197699687647 ], [ 11.62071359499752, 48.083044667335322 ], [ 11.623748614056941, 48.084944238290241 ] ] ], [ [ [ 11.647849447315854, 48.080248104522312 ], [ 11.648775976480014, 48.080670767344238 ], [ 11.650277675801878, 48.079480811048732 ], [ 11.647849447315854, 48.080248104522312 ] ] ], [ [ [ 11.715310266876951, 48.134992353837418 ], [ 11.713535400219321, 48.137542677726643 ], [ 11.710669806245965, 48.139601003179592 ], [ 11.706993968880891, 48.140965778945194 ], [ 11.701010711245219, 48.141351023670488 ], [ 11.698648951384495, 48.143957084849681 ], [ 11.705125352730958, 48.144151331789523 ], [ 11.704767311385687, 48.148735583369422 ], [ 11.706785894279866, 48.14965316604858 ], [ 11.709081673702137, 48.149099624158495 ], [ 11.710526940020372, 48.144878390304847 ], [ 11.713573390080361, 48.143601657272683 ], [ 11.716592163131475, 48.143526457757652 ], [ 11.718269397394446, 48.142340461972474 ], [ 11.717821623081136, 48.140735204000642 ], [ 11.716218465843861, 48.140060780631934 ], [ 11.717909463893649, 48.137043083837483 ], [ 11.717843089629275, 48.135212648313299 ], [ 11.715674511483648, 48.132999981873162 ], [ 11.715310266876951, 48.134992353837418 ] ] ], [ [ [ 11.663107783754462, 48.157794394967048 ], [ 11.661920090963424, 48.158077158056003 ], [ 11.663438975169457, 48.158551380960994 ], [ 11.663107783754462, 48.157794394967048 ] ] ], [ [ [ 11.634182345835129, 48.182416530839838 ], [ 11.627125255591203, 48.181687162091968 ], [ 11.626466990820099, 48.181966799661396 ], [ 11.629757469433905, 48.184830941616923 ], [ 11.633391540120794, 48.183923196044063 ], [ 11.634182345835129, 48.182416530839838 ] ] ], [ [ [ 11.590109340884293, 48.2110356777143 ], [ 11.581821331912774, 48.210809884170935 ], [ 11.58034636029323, 48.212805230173977 ], [ 11.584743889313186, 48.212410950347966 ], [ 11.585126559242619, 48.214972294647247 ], [ 11.586143421074974, 48.215851915648777 ], [ 11.588697604414143, 48.216077267290665 ], [ 11.59004659102054, 48.215427055848828 ], [ 11.590566059091008, 48.214371098245714 ], [ 11.590109340884293, 48.2110356777143 ] ] ], [ [ [ 11.39419091561593, 48.182165613531957 ], [ 11.392869806659796, 48.178589682356389 ], [ 11.389213093427625, 48.18000173261602 ], [ 11.388144827082749, 48.181470346473446 ], [ 11.38929351699006, 48.182911565806315 ], [ 11.390883662668656, 48.183235473914358 ], [ 11.39419091561593, 48.182165613531957 ] ] ], [ [ [ 11.43349269394743, 48.134132706240806 ], [ 11.437136147851769, 48.131300959780305 ], [ 11.434092869623596, 48.127660515082638 ], [ 11.430945915299635, 48.127840288033276 ], [ 11.430228746397086, 48.129899526173105 ], [ 11.432948655539928, 48.133669788861305 ], [ 11.43349269394743, 48.134132706240806 ] ] ], [ [ [ 11.464572573586389, 48.132580221887245 ], [ 11.469032236413433, 48.134596104464819 ], [ 11.470619179133184, 48.133794517446546 ], [ 11.466152756975509, 48.131476588472488 ], [ 11.464572573586389, 48.132580221887245 ] ] ], [ [ [ 11.462242610608207, 48.124960887480277 ], [ 11.462690303709872, 48.122576788168004 ], [ 11.461889980008916, 48.12345206859959 ], [ 11.462242610608207, 48.124960887480277 ] ] ], [ [ [ 11.462766012638195, 48.11624353177622 ], [ 11.462380936109493, 48.112522200461392 ], [ 11.459454585550407, 48.113555146540598 ], [ 11.45927141198535, 48.114659991649461 ], [ 11.460093015122059, 48.115625926845269 ], [ 11.462766012638195, 48.11624353177622 ] ] ], [ [ [ 11.665564869580269, 48.142128639201658 ], [ 11.665464340043631, 48.138017215894614 ], [ 11.658998767465219, 48.136841417968938 ], [ 11.662297521211547, 48.141087509458117 ], [ 11.665564869580269, 48.142128639201658 ] ] ], [ [ [ 11.607495414285166, 48.098503876869081 ], [ 11.610667431587695, 48.100584680928257 ], [ 11.61243731349359, 48.0993641087044 ], [ 11.609444773346745, 48.099508794707944 ], [ 11.607495414285166, 48.098503876869081 ] ] ], [ [ [ 11.489881663864539, 48.167232107471406 ], [ 11.48972164458822, 48.167426010976556 ], [ 11.489958576621447, 48.16750040585535 ], [ 11.489881663864539, 48.167232107471406 ] ] ] ] } },
{ "type": "Feature", "properties": { "Jangkuan1": "2000m", "Jangkuan": "500", "Kategoris": "Jauh" }, "geometry": { "type": "MultiPolygon", "coordinates": [ [ [ [ 11.409157222542975, 48.123219572696989 ], [ 11.405320689400101, 48.123709243811071 ], [ 11.407508441005826, 48.125920615466399 ], [ 11.412369730467185, 48.127608388233938 ], [ 11.423293224706548, 48.12935838715611 ], [ 11.423760510014983, 48.130961312822343 ], [ 11.422097995642268, 48.132156558954769 ], [ 11.415693961793327, 48.132179643500514 ], [ 11.415298381929357, 48.133049816472344 ], [ 11.418774330242663, 48.134528226553513 ], [ 11.42424842794477, 48.133505694131443 ], [ 11.42841874850463, 48.133857990337795 ], [ 11.432653869011054, 48.135326619719564 ], [ 11.43349269394743, 48.134132706240806 ], [ 11.430027157095973, 48.129353198485198 ], [ 11.431659727924098, 48.127543107540227 ], [ 11.434735646598529, 48.128023155318559 ], [ 11.437136147851769, 48.131300959780305 ], [ 11.441319486198319, 48.129951598618675 ], [ 11.437782641632239, 48.126257373479895 ], [ 11.434229055261799, 48.124821034109182 ], [ 11.430093149034164, 48.125057298073678 ], [ 11.426459396681127, 48.127690902078612 ], [ 11.422955060802867, 48.126053023358459 ], [ 11.41479134022128, 48.125301348164868 ], [ 11.409157222542975, 48.123219572696989 ] ], [ [ 11.427420425034954, 48.132389792459811 ], [ 11.427167203280847, 48.132376744587006 ], [ 11.427297090424036, 48.13218989391634 ], [ 11.427420425034954, 48.132389792459811 ] ] ], [ [ [ 11.396061322221678, 48.126053406561731 ], [ 11.396528279887717, 48.126920910773819 ], [ 11.393129441280221, 48.132298252695449 ], [ 11.388466241827023, 48.132765477969933 ], [ 11.385685430496782, 48.13482910805569 ], [ 11.385247640821577, 48.13759275685964 ], [ 11.38870498495961, 48.140748044110694 ], [ 11.383184372425534, 48.141922881469746 ], [ 11.382883962278912, 48.145059276714761 ], [ 11.38394334421168, 48.148784358488015 ], [ 11.386201502049365, 48.151233984343435 ], [ 11.388805394758375, 48.152592018037737 ], [ 11.391762296090416, 48.156361174704998 ], [ 11.387540868239791, 48.157399538706038 ], [ 11.386951607400674, 48.160511196057328 ], [ 11.392578998931121, 48.15899593077868 ], [ 11.399147746727472, 48.158492724483885 ], [ 11.394177541812363, 48.153884000981009 ], [ 11.392138007623629, 48.150714562533665 ], [ 11.389314310344531, 48.149519220858338 ], [ 11.388651537109142, 48.147536320306664 ], [ 11.38514288835416, 48.14538357388335 ], [ 11.3866832018539, 48.14353738893513 ], [ 11.390138145698236, 48.143966497193688 ], [ 11.391733923903502, 48.143202481079278 ], [ 11.393680216476726, 48.139269070041401 ], [ 11.39002030301177, 48.137997369337413 ], [ 11.38919114647968, 48.137034167418435 ], [ 11.389366180939762, 48.135928703486407 ], [ 11.391263621928442, 48.134901997190731 ], [ 11.395855358154991, 48.135147120638145 ], [ 11.400821004082875, 48.12724445491223 ], [ 11.399594067881873, 48.124753885570421 ], [ 11.396061322221678, 48.126053406561731 ] ] ], [ [ [ 11.387169204919353, 48.1647586452737 ], [ 11.383330645352522, 48.168491359260095 ], [ 11.394109292488897, 48.165296957380782 ], [ 11.40070924093679, 48.16484135045846 ], [ 11.400042353314356, 48.162054771839045 ], [ 11.39346306574889, 48.162567105291224 ], [ 11.387169204919353, 48.1647586452737 ] ] ], [ [ [ 11.405693261329567, 48.196297265889683 ], [ 11.404588248907757, 48.193372713190946 ], [ 11.406449544215091, 48.187407855520725 ], [ 11.402362234131509, 48.187023216674284 ], [ 11.400568600563258, 48.193122515208316 ], [ 11.400690947000911, 48.195874282898117 ], [ 11.405693261329567, 48.196297265889683 ] ] ], [ [ [ 11.415395390649266, 48.195364212401223 ], [ 11.42326553249281, 48.19255937632277 ], [ 11.429025797405293, 48.188456551008976 ], [ 11.431768342459348, 48.184557096156915 ], [ 11.415395390649266, 48.195364212401223 ] ] ], [ [ [ 11.433659849326212, 48.177780945407562 ], [ 11.433650320737339, 48.177137322960952 ], [ 11.436155059546191, 48.176233447368965 ], [ 11.430873318283128, 48.17599602783158 ], [ 11.433659849326212, 48.177780945407562 ] ] ], [ [ [ 11.433596472592528, 48.186695553306549 ], [ 11.432597178521075, 48.192668618713796 ], [ 11.433855760748731, 48.197073868729561 ], [ 11.43487386828069, 48.190801666494025 ], [ 11.433596472592528, 48.186695553306549 ] ] ], [ [ [ 11.443063871314715, 48.206156500365793 ], [ 11.44653383290178, 48.20765644625601 ], [ 11.445628445379134, 48.208943928626447 ], [ 11.452761563250769, 48.209175141913185 ], [ 11.45412417512925, 48.210216913680974 ], [ 11.454046665219455, 48.212905941957821 ], [ 11.456092326832961, 48.216794893587092 ], [ 11.458857573780511, 48.209115152663728 ], [ 11.454264370833345, 48.206603396693616 ], [ 11.443063871314715, 48.206156500365793 ] ] ], [ [ [ 11.495344209288533, 48.221776006256583 ], [ 11.495804619448371, 48.21931931526909 ], [ 11.486130711570112, 48.219303684838515 ], [ 11.48486307939881, 48.218583939955337 ], [ 11.483865759614076, 48.216543548143449 ], [ 11.480628078727708, 48.221822480485081 ], [ 11.476926166978597, 48.224177839198973 ], [ 11.480580791185567, 48.223487209055406 ], [ 11.483462076656036, 48.221392120646222 ], [ 11.486643724048877, 48.222123775850889 ], [ 11.495344209288533, 48.221776006256583 ] ] ], [ [ [ 11.4955104359268, 48.213126595563224 ], [ 11.489344599142076, 48.211271463609854 ], [ 11.488310993753, 48.212304328310893 ], [ 11.489565177799514, 48.213718557638011 ], [ 11.489402855525739, 48.215449756559728 ], [ 11.496221439554194, 48.215603180675053 ], [ 11.4955104359268, 48.213126595563224 ] ] ], [ [ [ 11.501615003321557, 48.218236993498962 ], [ 11.50235564952362, 48.220815421688656 ], [ 11.508995376353241, 48.223594667958551 ], [ 11.51911883212089, 48.226963190001577 ], [ 11.529638824261665, 48.229276538541015 ], [ 11.533744484236713, 48.235065997504243 ], [ 11.537852893228777, 48.23449428899157 ], [ 11.532415151030541, 48.226957592744505 ], [ 11.52477845067796, 48.226287769979592 ], [ 11.503355541836807, 48.217715820505539 ], [ 11.501615003321557, 48.218236993498962 ] ] ], [ [ [ 11.547054821377399, 48.236094048154378 ], [ 11.549638657552309, 48.231237511527489 ], [ 11.577088653908136, 48.23238843866757 ], [ 11.580431350994067, 48.229982050406342 ], [ 11.566222358085621, 48.22887929740974 ], [ 11.54786538065945, 48.228617365364535 ], [ 11.546548849891606, 48.229247585721801 ], [ 11.544895032405408, 48.232518481267647 ], [ 11.543281895889441, 48.233646956979918 ], [ 11.543392481767752, 48.23494789334368 ], [ 11.547054821377399, 48.236094048154378 ] ] ], [ [ [ 11.582934067830621, 48.226408040971521 ], [ 11.58432924936011, 48.22386952407313 ], [ 11.58379872375605, 48.223763558581737 ], [ 11.570882040959118, 48.222661452408886 ], [ 11.568880441041433, 48.225249081698067 ], [ 11.582934067830621, 48.226408040971521 ] ] ], [ [ [ 11.622761401049802, 48.216709538315634 ], [ 11.620462951603635, 48.212381510529191 ], [ 11.618383099902742, 48.211347355546621 ], [ 11.616187039040831, 48.208401811548775 ], [ 11.612972395737566, 48.210178460786516 ], [ 11.61726389954687, 48.214377380342661 ], [ 11.619274705106823, 48.217998778122698 ], [ 11.622761401049802, 48.216709538315634 ] ] ], [ [ [ 11.628507939405239, 48.212596969936371 ], [ 11.630255033726122, 48.210180669042067 ], [ 11.624561035910761, 48.200804815756861 ], [ 11.622434206023822, 48.201552651863643 ], [ 11.625367530543434, 48.20379073425741 ], [ 11.62475136312467, 48.206157109552521 ], [ 11.628507939405239, 48.212596969936371 ] ] ], [ [ [ 11.634553336797087, 48.207259556596199 ], [ 11.637692556254372, 48.205794763632277 ], [ 11.632150360282676, 48.19663217742049 ], [ 11.629182856372751, 48.198872874815429 ], [ 11.634553336797087, 48.207259556596199 ] ] ], [ [ [ 11.708657294701615, 48.149797584716318 ], [ 11.713700662510881, 48.14863268811996 ], [ 11.714339789614803, 48.146517796655672 ], [ 11.719788596577612, 48.145395410650941 ], [ 11.722135734845441, 48.143103194551706 ], [ 11.722407233229461, 48.141708253783825 ], [ 11.721111837067671, 48.139207808272502 ], [ 11.722012675881865, 48.136913029172128 ], [ 11.7216668621086, 48.13434386665417 ], [ 11.719824711930285, 48.132007528480521 ], [ 11.716866563924372, 48.130235513512154 ], [ 11.715064439875333, 48.129600360429478 ], [ 11.715674511483648, 48.132999981873162 ], [ 11.718018554268887, 48.135892719954384 ], [ 11.716218465843861, 48.140060780631934 ], [ 11.717821623081136, 48.140735204000642 ], [ 11.718269397394446, 48.142340461972474 ], [ 11.716592163131475, 48.143526457757652 ], [ 11.713573390080361, 48.143601657272683 ], [ 11.710526940020372, 48.144878390304847 ], [ 11.709081673702137, 48.149099624158495 ], [ 11.706785894279866, 48.14965316604858 ], [ 11.704767311385687, 48.148735583369422 ], [ 11.705125352730958, 48.144151331789523 ], [ 11.698648951384495, 48.143957084849681 ], [ 11.693199868351824, 48.146593957071047 ], [ 11.689021614691454, 48.147126816402022 ], [ 11.683013823367496, 48.149465730716784 ], [ 11.686817027348795, 48.149485599787944 ], [ 11.690924640281661, 48.147038767409533 ], [ 11.695929707554136, 48.146456075678444 ], [ 11.700585372024795, 48.14675076337295 ], [ 11.701234976954114, 48.150035670470452 ], [ 11.704262644060979, 48.151937539744544 ], [ 11.705375819193451, 48.152153780056778 ], [ 11.708657294701615, 48.149797584716318 ] ] ], [ [ [ 11.477341288070026, 48.073669913067825 ], [ 11.4821699609607, 48.073916782471969 ], [ 11.4798939100002, 48.070709057642183 ], [ 11.480511452643357, 48.069677350812157 ], [ 11.48275204851277, 48.069035516030937 ], [ 11.484932642611989, 48.069886591550173 ], [ 11.491380870443924, 48.076633273912364 ], [ 11.492313213061404, 48.07651346898821 ], [ 11.493097432304587, 48.07392779374625 ], [ 11.488281292749527, 48.068389350015984 ], [ 11.483022852255353, 48.066343638999285 ], [ 11.479002316862218, 48.06702259579211 ], [ 11.476344821340545, 48.069155814451939 ], [ 11.476065508781009, 48.071928589318176 ], [ 11.477341288070026, 48.073669913067825 ] ] ], [ [ [ 11.510123996225467, 48.065360275924441 ], [ 11.513761830400094, 48.064892068370114 ], [ 11.516420948301816, 48.063471738343118 ], [ 11.520717535443804, 48.065903674885639 ], [ 11.523357708166758, 48.065304230322624 ], [ 11.520432076354217, 48.061700102820026 ], [ 11.516523016487918, 48.060774644981521 ], [ 11.511027721491406, 48.062535231297616 ], [ 11.510027643920813, 48.063772091647103 ], [ 11.510123996225467, 48.065360275924441 ] ] ], [ [ [ 11.540702396985733, 48.071668780707782 ], [ 11.54566474070996, 48.069387904221571 ], [ 11.552939174945852, 48.06911925289144 ], [ 11.549148270029399, 48.067218883036446 ], [ 11.545006996590903, 48.067353355903585 ], [ 11.541774374578484, 48.069093600095691 ], [ 11.540702396985733, 48.071668780707782 ] ] ], [ [ [ 11.586690410295594, 48.085567567023517 ], [ 11.588511517624177, 48.082794636959839 ], [ 11.594587224334383, 48.079247369431563 ], [ 11.595806170447858, 48.077070130758862 ], [ 11.598153332312986, 48.076631003630865 ], [ 11.600277494093943, 48.078370912196831 ], [ 11.604241835759934, 48.078619328544271 ], [ 11.60372350927757, 48.07652221949408 ], [ 11.598949067162335, 48.073986354808298 ], [ 11.593081401454528, 48.075084119294928 ], [ 11.589719368821523, 48.080049723946146 ], [ 11.587508612421692, 48.081693458486484 ], [ 11.585888180728224, 48.085316062683667 ], [ 11.586690410295594, 48.085567567023517 ] ] ], [ [ [ 11.620680022179185, 48.083023653377076 ], [ 11.623178389746641, 48.082197699687647 ], [ 11.625251806218262, 48.083055991218174 ], [ 11.626498975218226, 48.088010518949019 ], [ 11.627011138726216, 48.085301762951019 ], [ 11.629188609018197, 48.082465750282914 ], [ 11.627334440266351, 48.08058162015687 ], [ 11.623508800406251, 48.079508948012652 ], [ 11.61947285163801, 48.080147827231478 ], [ 11.617094038906533, 48.08190059437328 ], [ 11.620680022179185, 48.083023653377076 ] ] ], [ [ [ 11.644546916465616, 48.079214715186588 ], [ 11.647849447315854, 48.080248104522312 ], [ 11.653921106068173, 48.077601875280294 ], [ 11.648055322614873, 48.076964740105552 ], [ 11.644546916465616, 48.079214715186588 ] ] ], [ [ [ 11.692669955101145, 48.102799235321385 ], [ 11.697651687295963, 48.103451548410312 ], [ 11.703843396620753, 48.101340789757216 ], [ 11.709417687943358, 48.100922316040048 ], [ 11.706840233024508, 48.099624531666414 ], [ 11.702753289795075, 48.099147680507478 ], [ 11.699391999638914, 48.100151380507086 ], [ 11.697383611630263, 48.101912539665292 ], [ 11.692669955101145, 48.102799235321385 ] ] ], [ [ [ 11.666693611385403, 48.156312310038075 ], [ 11.663107783754462, 48.157794394967048 ], [ 11.663317631574204, 48.158327064134411 ], [ 11.66721212615183, 48.160688694144731 ], [ 11.669250188070958, 48.163149708163928 ], [ 11.669936449074987, 48.165513882777169 ], [ 11.669004663070471, 48.159946308642176 ], [ 11.666693611385403, 48.156312310038075 ] ] ], [ [ [ 11.638175486107025, 48.182070633603367 ], [ 11.634182345835129, 48.182416530839838 ], [ 11.633391540120794, 48.183923196044063 ], [ 11.629757469433905, 48.184830941616923 ], [ 11.63209220758616, 48.187078884956406 ], [ 11.63447662617892, 48.186669681058419 ], [ 11.636198126947242, 48.185861129229174 ], [ 11.638143601632008, 48.183405606947176 ], [ 11.638175486107025, 48.182070633603367 ] ] ], [ [ [ 11.627100624891293, 48.181679466432769 ], [ 11.625840213824931, 48.181575341445573 ], [ 11.626466990820099, 48.181966799661396 ], [ 11.627100624891293, 48.181679466432769 ] ] ], [ [ [ 11.59395028668593, 48.20984501661485 ], [ 11.590109340884293, 48.2110356777143 ], [ 11.590566059091008, 48.214371098245714 ], [ 11.589449148440169, 48.215823559716362 ], [ 11.585530756345303, 48.215465924957961 ], [ 11.584743889313186, 48.212410950347966 ], [ 11.58034636029323, 48.212805230173977 ], [ 11.577780536818347, 48.215578296910785 ], [ 11.581204614014275, 48.21545187737803 ], [ 11.582336268505886, 48.217115291088504 ], [ 11.585770910730121, 48.218681742840218 ], [ 11.591810540450089, 48.218011655190175 ], [ 11.594266227316153, 48.215769118821932 ], [ 11.59453891263202, 48.213089227098394 ], [ 11.59395028668593, 48.20984501661485 ] ] ], [ [ [ 11.546801882882038, 48.224624541268291 ], [ 11.545008994161066, 48.221435105748242 ], [ 11.541920500807239, 48.220190675214489 ], [ 11.539756133940248, 48.222548378306122 ], [ 11.543620532525605, 48.224439884733606 ], [ 11.546801882882038, 48.224624541268291 ] ] ], [ [ [ 11.545094971067083, 48.217924844889417 ], [ 11.544077086128095, 48.216692466225652 ], [ 11.542610725748983, 48.219364939921434 ], [ 11.544835564813155, 48.219316305258552 ], [ 11.545094971067083, 48.217924844889417 ] ] ], [ [ [ 11.51545949110648, 48.21583156613999 ], [ 11.516881149141534, 48.213306518022748 ], [ 11.50683238955247, 48.211261386113755 ], [ 11.498508429808544, 48.206795245764241 ], [ 11.500987806812965, 48.203210120861094 ], [ 11.498410939452651, 48.200404584321149 ], [ 11.497720495835443, 48.195623215205345 ], [ 11.497171869813883, 48.198655919487116 ], [ 11.495373368282186, 48.200853229391143 ], [ 11.496773286439673, 48.201735881107815 ], [ 11.496996560913257, 48.202882109147922 ], [ 11.493110005557465, 48.208124329323716 ], [ 11.498847483959588, 48.210126274366395 ], [ 11.505198044659343, 48.213883468368522 ], [ 11.51545949110648, 48.21583156613999 ] ] ], [ [ [ 11.521700321318841, 48.208554014219771 ], [ 11.523890523826667, 48.207440178606753 ], [ 11.521019938895687, 48.20720054079996 ], [ 11.521700321318841, 48.208554014219771 ] ] ], [ [ [ 11.496654399648216, 48.191924611123596 ], [ 11.491995950884935, 48.189655609976619 ], [ 11.480118288145151, 48.192379542651295 ], [ 11.476389863793367, 48.195914212192463 ], [ 11.496654399648216, 48.191924611123596 ] ] ], [ [ [ 11.466377793737056, 48.1996983501732 ], [ 11.460781398996485, 48.200973875843331 ], [ 11.459632945659818, 48.203276862042884 ], [ 11.460098747099394, 48.20420036275668 ], [ 11.465280364379089, 48.207042592167468 ], [ 11.470435154356739, 48.207900601658174 ], [ 11.481249359366384, 48.207497503672386 ], [ 11.484253746080645, 48.206107120493414 ], [ 11.491769644474921, 48.197849944071066 ], [ 11.492028731744318, 48.196357121138213 ], [ 11.478352630241984, 48.199362696797948 ], [ 11.466377793737056, 48.1996983501732 ] ], [ [ 11.485463275931387, 48.202431001518214 ], [ 11.485463330947931, 48.202430962279969 ], [ 11.485463356719903, 48.202431052139296 ], [ 11.485463275931387, 48.202431001518214 ] ], [ [ 11.47637566606311, 48.202231277408835 ], [ 11.48403984629916, 48.200984869992375 ], [ 11.481594439867159, 48.203796862047518 ], [ 11.47806752634742, 48.205146759131232 ], [ 11.468569189696044, 48.205102416852846 ], [ 11.46422754971738, 48.202916288312899 ], [ 11.464498248720805, 48.202220539145607 ], [ 11.47637566606311, 48.202231277408835 ] ] ], [ [ [ 11.451929474104015, 48.199537037900406 ], [ 11.444394847976763, 48.199397756610985 ], [ 11.443496888573161, 48.198538809983162 ], [ 11.444367933366065, 48.189695074026247 ], [ 11.441336247463546, 48.1822538813298 ], [ 11.443817486183637, 48.18019505744882 ], [ 11.448192117911461, 48.179593734977239 ], [ 11.448457280144659, 48.176397076061846 ], [ 11.442281592493764, 48.177409845744045 ], [ 11.437404980063846, 48.180794029053338 ], [ 11.437026860470601, 48.182517544757346 ], [ 11.438972857134717, 48.18560944119988 ], [ 11.440362572028487, 48.190020875883178 ], [ 11.439633356771042, 48.199333186664845 ], [ 11.443321554985916, 48.202087281612918 ], [ 11.454284181136616, 48.202799612174296 ], [ 11.455388847121602, 48.200623843342221 ], [ 11.451929474104015, 48.199537037900406 ] ] ], [ [ [ 11.430172928897337, 48.167977151730554 ], [ 11.426487308940645, 48.169333100847787 ], [ 11.42268662024742, 48.169818413119224 ], [ 11.426384646909415, 48.172165393832984 ], [ 11.433273994365097, 48.172581052760201 ], [ 11.434196230110246, 48.170757529564511 ], [ 11.430172928897337, 48.167977151730554 ] ] ], [ [ [ 11.418940653255691, 48.172714200943979 ], [ 11.418940793215462, 48.172714189747424 ], [ 11.418940437097147, 48.172713937976312 ], [ 11.418940653255691, 48.172714200943979 ] ] ], [ [ [ 11.42041901964757, 48.17631724207331 ], [ 11.420195238037003, 48.177978150100486 ], [ 11.4217269039386, 48.178047459924151 ], [ 11.424048849594261, 48.176762208558422 ], [ 11.42041901964757, 48.17631724207331 ] ] ], [ [ [ 11.419217948085146, 48.181531645520465 ], [ 11.41705433777804, 48.184005966045966 ], [ 11.418394155118175, 48.184177127223393 ], [ 11.416142795243928, 48.185663897416482 ], [ 11.416027270146797, 48.184737409011099 ], [ 11.412067482662406, 48.186539580028189 ], [ 11.410328467680232, 48.193009228876718 ], [ 11.427870157513045, 48.181705203160298 ], [ 11.428116590616511, 48.180180454627774 ], [ 11.42626350475035, 48.180065050536577 ], [ 11.423793095082358, 48.181601339622851 ], [ 11.419217948085146, 48.181531645520465 ] ] ], [ [ [ 11.396425453838571, 48.184433567981571 ], [ 11.39419091561593, 48.182165613531957 ], [ 11.390050230735614, 48.183157736484468 ], [ 11.388144827082749, 48.181470346473446 ], [ 11.389213093427625, 48.18000173261602 ], [ 11.392869806659796, 48.178589682356389 ], [ 11.393685206281157, 48.175486886557692 ], [ 11.386920450781702, 48.177778740126257 ], [ 11.384401972559708, 48.180126719523685 ], [ 11.384478510239806, 48.182905370485322 ], [ 11.386982778190319, 48.185123227893911 ], [ 11.393029819112328, 48.185687254715646 ], [ 11.396425453838571, 48.184433567981571 ] ] ], [ [ [ 11.40242668449714, 48.168137492263952 ], [ 11.403226183282259, 48.168035558175895 ], [ 11.402784429605358, 48.167576808791992 ], [ 11.40242668449714, 48.168137492263952 ] ] ], [ [ [ 11.397132801761012, 48.147580979900553 ], [ 11.397153708485602, 48.148387176837097 ], [ 11.398211495148381, 48.148894792773021 ], [ 11.397132801761012, 48.147580979900553 ] ] ], [ [ [ 11.402571796688743, 48.133793927227053 ], [ 11.40961679641852, 48.132211885828028 ], [ 11.410059808455726, 48.131031978633615 ], [ 11.405599452498182, 48.129857812081653 ], [ 11.402571796688743, 48.133793927227053 ] ] ], [ [ [ 11.447314499469778, 48.129749700637916 ], [ 11.450363331123862, 48.129359462269854 ], [ 11.456717674443038, 48.130397972139711 ], [ 11.452901493284605, 48.128702349889011 ], [ 11.448766880069158, 48.128950695663001 ], [ 11.447314499469778, 48.129749700637916 ] ] ], [ [ [ 11.464272681775823, 48.132391938932301 ], [ 11.466152756975509, 48.131476588472488 ], [ 11.464146592863806, 48.129125831017511 ], [ 11.460678713790163, 48.131261573204661 ], [ 11.464272681775823, 48.132391938932301 ] ] ], [ [ [ 11.469032236413433, 48.134596104464819 ], [ 11.471070197142904, 48.135028490842728 ], [ 11.472669202239612, 48.134439054901605 ], [ 11.470619179133184, 48.133794517446546 ], [ 11.469032236413433, 48.134596104464819 ] ] ], [ [ [ 11.46363555934982, 48.128457665150158 ], [ 11.461813352276309, 48.124012468771376 ], [ 11.463796702959037, 48.120701483810599 ], [ 11.463168273488961, 48.119541460052822 ], [ 11.458812910116011, 48.12149598712265 ], [ 11.457792353109751, 48.12418975499309 ], [ 11.459401536543103, 48.126966820755662 ], [ 11.46363555934982, 48.128457665150158 ] ] ], [ [ [ 11.4630140630422, 48.119001924539795 ], [ 11.462766012638195, 48.11624353177622 ], [ 11.460093015122059, 48.115625926845269 ], [ 11.45927141198535, 48.114659991649461 ], [ 11.459916378886913, 48.113084988789375 ], [ 11.462380936109493, 48.112522200461392 ], [ 11.460846323822844, 48.109883117048398 ], [ 11.458578592671513, 48.11038902208184 ], [ 11.455783742975077, 48.112443316118494 ], [ 11.455325606142363, 48.115205417300132 ], [ 11.457379513062108, 48.117620316176478 ], [ 11.4630140630422, 48.119001924539795 ] ] ], [ [ [ 11.481305226790372, 48.2126971242282 ], [ 11.482112678915458, 48.211960980597219 ], [ 11.482304332826889, 48.211537029100356 ], [ 11.480401135425142, 48.211600249264897 ], [ 11.481305226790372, 48.2126971242282 ] ] ], [ [ [ 11.60604519317325, 48.16213380250187 ], [ 11.60613717219556, 48.163869118027257 ], [ 11.607833473012636, 48.162693144796947 ], [ 11.60604519317325, 48.16213380250187 ] ] ], [ [ [ 11.655822350387707, 48.135173396229966 ], [ 11.655306853580591, 48.134851374556149 ], [ 11.655150542751727, 48.134963492102891 ], [ 11.655822350387707, 48.135173396229966 ] ] ], [ [ [ 11.61096577920434, 48.099242109995544 ], [ 11.609444773346745, 48.099508794707944 ], [ 11.610906182785241, 48.099565941705357 ], [ 11.61096577920434, 48.099242109995544 ] ] ], [ [ [ 11.488124574481443, 48.159372152819508 ], [ 11.4900316622335, 48.162241244529959 ], [ 11.491526356786512, 48.160101888570843 ], [ 11.488124574481443, 48.159372152819508 ] ] ], [ [ [ 11.547858616493011, 48.171468215380933 ], [ 11.547784670799404, 48.171477739504923 ], [ 11.547760299573081, 48.171608601179592 ], [ 11.547858616493011, 48.171468215380933 ] ] ], [ [ [ 11.439600440802126, 48.171612351250729 ], [ 11.438664485532071, 48.172977684394695 ], [ 11.441628119056826, 48.172595478081845 ], [ 11.440447678057501, 48.172108750998042 ], [ 11.439600440802126, 48.171612351250729 ] ] ] ] } },
{ "type": "Feature", "properties": { "Jangkuan1": "2000m", "Jangkuan": "1000", "Kategoris": "Sangat Jauh" }, "geometry": { "type": "MultiPolygon", "coordinates": [ [ [ [ 11.417496077903014, 48.123925141585339 ], [ 11.409507871352158, 48.123249254490077 ], [ 11.414186429175034, 48.125175534227878 ], [ 11.422955060802867, 48.126053023358459 ], [ 11.426459396681127, 48.127690902078612 ], [ 11.430093149034164, 48.125057298073678 ], [ 11.434229055261799, 48.124821034109182 ], [ 11.437782641632239, 48.126257373479895 ], [ 11.441319486198319, 48.129951598618675 ], [ 11.452901493284605, 48.128702349889011 ], [ 11.460678713790163, 48.131261573204661 ], [ 11.464146592863806, 48.129125831017511 ], [ 11.459401536543103, 48.126966820755662 ], [ 11.457816018961591, 48.124398459451882 ], [ 11.457984029913954, 48.122788759280056 ], [ 11.460197820720058, 48.120437972282467 ], [ 11.463168273488961, 48.119541460052822 ], [ 11.4630140630422, 48.119001924539795 ], [ 11.457379513062108, 48.117620316176478 ], [ 11.45606693996368, 48.116521788294037 ], [ 11.455228040728878, 48.113800070713658 ], [ 11.456938271932252, 48.111267954149412 ], [ 11.460846323822844, 48.109883117048398 ], [ 11.460974158059878, 48.105433026578247 ], [ 11.455255797269567, 48.106481636880744 ], [ 11.451975226202789, 48.108239382254503 ], [ 11.449666016304043, 48.110589998159959 ], [ 11.448554295427037, 48.113303451304496 ], [ 11.449252621700705, 48.117008537397375 ], [ 11.452265400728663, 48.120449401164798 ], [ 11.45113363515653, 48.12417078294439 ], [ 11.444781572906908, 48.125381758115054 ], [ 11.442860500426695, 48.123314230942093 ], [ 11.438699473310981, 48.121243445751638 ], [ 11.435969909257297, 48.121592583707994 ], [ 11.427833033616906, 48.124855433876192 ], [ 11.4206584386881, 48.124921372425504 ], [ 11.417496077903014, 48.123925141585339 ] ] ], [ [ [ 11.393533753580423, 48.126983067121934 ], [ 11.387777291070906, 48.131084085113244 ], [ 11.384194796368343, 48.136175112820808 ], [ 11.383184372425534, 48.141922881469746 ], [ 11.38870498495961, 48.140748044110694 ], [ 11.385999100193294, 48.138906664760931 ], [ 11.385139575229628, 48.136187725672954 ], [ 11.385685430496782, 48.13482910805569 ], [ 11.388466241827023, 48.132765477969933 ], [ 11.393129441280221, 48.132298252695449 ], [ 11.396528279887717, 48.126920910773819 ], [ 11.396061322221678, 48.126053406561731 ], [ 11.393533753580423, 48.126983067121934 ] ] ], [ [ [ 11.384456230840309, 48.15058759937245 ], [ 11.387647012916828, 48.154474912664178 ], [ 11.388152768660451, 48.156252391868406 ], [ 11.387540868239791, 48.157399538706038 ], [ 11.391762296090416, 48.156361174704998 ], [ 11.388805394758375, 48.152592018037737 ], [ 11.386201502049365, 48.151233984343435 ], [ 11.38394334421168, 48.148784358488015 ], [ 11.384456230840309, 48.15058759937245 ] ] ], [ [ [ 11.381157765824387, 48.171576753214168 ], [ 11.380280292653779, 48.174379897634573 ], [ 11.39380073472406, 48.170287418912771 ], [ 11.383814760095227, 48.173753715571308 ], [ 11.379935311686593, 48.17619978396727 ], [ 11.379404367038026, 48.179000459096123 ], [ 11.380977437266111, 48.184528788364254 ], [ 11.384989725270605, 48.189413906028449 ], [ 11.391082771659576, 48.190428963612412 ], [ 11.394791155212918, 48.189988973447257 ], [ 11.393757987243097, 48.194132398601042 ], [ 11.398776859456827, 48.195712372858651 ], [ 11.401104344733053, 48.195601626230633 ], [ 11.400568600563258, 48.193122515208316 ], [ 11.402362234131509, 48.187023216674284 ], [ 11.396425453838571, 48.184433567981571 ], [ 11.393029819112328, 48.185687254715646 ], [ 11.388874632058331, 48.1857386819404 ], [ 11.38546797674819, 48.184146929411675 ], [ 11.384111206795238, 48.18152009825733 ], [ 11.385809556622794, 48.178486475318365 ], [ 11.393685206281157, 48.175486886557692 ], [ 11.395860067315096, 48.171543259880671 ], [ 11.402784429605358, 48.167576808791992 ], [ 11.40070924093679, 48.16484135045846 ], [ 11.394109292488897, 48.165296957380782 ], [ 11.383330645352522, 48.168491359260095 ], [ 11.381157765824387, 48.171576753214168 ] ] ], [ [ [ 11.445628445379134, 48.208943928626447 ], [ 11.443338937715897, 48.213385571486576 ], [ 11.447401092194758, 48.213456327026257 ], [ 11.449124497378408, 48.217615996281388 ], [ 11.451234213366865, 48.220050963517693 ], [ 11.454366843712242, 48.221931001215118 ], [ 11.460346882420165, 48.223219718806767 ], [ 11.456833343845991, 48.219825420610256 ], [ 11.454046665219455, 48.212905941957821 ], [ 11.45412417512925, 48.210216913680974 ], [ 11.452761563250769, 48.209175141913185 ], [ 11.445628445379134, 48.208943928626447 ] ] ], [ [ [ 11.495166582853861, 48.222028952903081 ], [ 11.486643724048877, 48.222123775850889 ], [ 11.483462076656036, 48.221392120646222 ], [ 11.480580791185567, 48.223487209055406 ], [ 11.474060090586057, 48.225232718301427 ], [ 11.4667295266848, 48.225493946380567 ], [ 11.472091046347714, 48.228120058203658 ], [ 11.480389985633202, 48.228402587700529 ], [ 11.485496727876557, 48.226506416067664 ], [ 11.492109199302355, 48.22638235834112 ], [ 11.495166582853861, 48.222028952903081 ] ] ], [ [ [ 11.503202536921858, 48.223763362663895 ], [ 11.506579709885738, 48.227856466236055 ], [ 11.524871126189637, 48.233061838819246 ], [ 11.526518505210285, 48.235384060050698 ], [ 11.533744484236713, 48.235065997504243 ], [ 11.529638824261665, 48.229276538541015 ], [ 11.515473802502765, 48.22589940323769 ], [ 11.502634902150628, 48.220745986151201 ], [ 11.503202536921858, 48.223763362663895 ] ] ], [ [ [ 11.547054821377399, 48.236094048154378 ], [ 11.553391450409324, 48.237447259231352 ], [ 11.554338440679008, 48.235787874098058 ], [ 11.568930539949669, 48.236240370936017 ], [ 11.574653989289688, 48.234127966179436 ], [ 11.577088653908136, 48.23238843866757 ], [ 11.549638657552309, 48.231237511527489 ], [ 11.547054821377399, 48.236094048154378 ] ] ], [ [ [ 11.584426002959319, 48.223833793061253 ], [ 11.589578810963401, 48.220150354722485 ], [ 11.59642741453645, 48.219078744939068 ], [ 11.598769969536832, 48.219810809399029 ], [ 11.60712660402965, 48.220502265904102 ], [ 11.615393749940361, 48.219433600608092 ], [ 11.619274705106823, 48.217998778122698 ], [ 11.61726389954687, 48.214377380342661 ], [ 11.612972395737566, 48.210178460786516 ], [ 11.6064519031482, 48.211496695460553 ], [ 11.611199276940669, 48.216823174424725 ], [ 11.606833303509537, 48.218486228500666 ], [ 11.598808539486999, 48.219578498838139 ], [ 11.600657791653802, 48.217173075395131 ], [ 11.601330276498052, 48.214395660662738 ], [ 11.600892398445957, 48.21066901715885 ], [ 11.596335351081301, 48.208513146154679 ], [ 11.59395028668593, 48.20984501661485 ], [ 11.594266227316153, 48.215769118821932 ], [ 11.591810540450089, 48.218011655190175 ], [ 11.585770910730121, 48.218681742840218 ], [ 11.582336268505886, 48.217115291088504 ], [ 11.581204614014275, 48.21545187737803 ], [ 11.577780536818347, 48.215578296910785 ], [ 11.571502192318428, 48.219428014196133 ], [ 11.570882040959118, 48.222661452408886 ], [ 11.584426002959319, 48.223833793061253 ] ] ], [ [ [ 11.64313536040671, 48.201897280008367 ], [ 11.644845152476691, 48.199449206331956 ], [ 11.641914014173247, 48.200805386466428 ], [ 11.635915319907765, 48.191019983435616 ], [ 11.640876242767943, 48.189090855487706 ], [ 11.643403228218899, 48.186841283720135 ], [ 11.644774788845041, 48.18384280594384 ], [ 11.647163321036619, 48.182753980086211 ], [ 11.650695168802899, 48.178740347103513 ], [ 11.658185787198144, 48.178188936955912 ], [ 11.667375996506841, 48.175286889157661 ], [ 11.67559704540253, 48.168698570232579 ], [ 11.676645700864942, 48.165796172434689 ], [ 11.67618010784142, 48.161198844447135 ], [ 11.67201748231734, 48.152047189443365 ], [ 11.671630815395732, 48.149645939240699 ], [ 11.672391616635412, 48.148716325715846 ], [ 11.676743940445451, 48.152334203468456 ], [ 11.684583624511063, 48.154169694362899 ], [ 11.688750192199455, 48.153791758069801 ], [ 11.694902653008489, 48.151375925241531 ], [ 11.698616867096677, 48.154739801660568 ], [ 11.705375819193451, 48.152153780056778 ], [ 11.701234976954114, 48.150035670470452 ], [ 11.700585372024795, 48.14675076337295 ], [ 11.690924640281661, 48.147038767409533 ], [ 11.686817027348795, 48.149485599787944 ], [ 11.680074468272453, 48.149848006268151 ], [ 11.675901509708183, 48.149504906246605 ], [ 11.670936993336639, 48.147594908447964 ], [ 11.67089824635474, 48.1520219027515 ], [ 11.669120596098374, 48.154571585379237 ], [ 11.666693611385403, 48.156312310038075 ], [ 11.669171210167228, 48.160356098422071 ], [ 11.670051905992931, 48.165911609323558 ], [ 11.66953861289425, 48.16870407270099 ], [ 11.667760351735406, 48.17125373965748 ], [ 11.661211566429762, 48.174674351458691 ], [ 11.653330762339348, 48.174901327960718 ], [ 11.648222657257142, 48.176679076992237 ], [ 11.644186341931855, 48.180405896223817 ], [ 11.638175486107025, 48.182070633603367 ], [ 11.637461675146614, 48.184736400360009 ], [ 11.636198126947242, 48.185861129229174 ], [ 11.63209220758616, 48.187078884956406 ], [ 11.633484225231909, 48.188760700674067 ], [ 11.634284486771815, 48.191522868429885 ], [ 11.633769043782273, 48.194315201149749 ], [ 11.632150360282676, 48.19663217742049 ], [ 11.637692556254372, 48.205794763632277 ], [ 11.64313536040671, 48.201897280008367 ] ] ], [ [ [ 11.718946107865573, 48.146684958962929 ], [ 11.724677152210187, 48.142567829271016 ], [ 11.728225919924638, 48.137466830416095 ], [ 11.728579210002836, 48.13447036439058 ], [ 11.727051564234936, 48.131272305179323 ], [ 11.724067095308246, 48.128426787159547 ], [ 11.719158133335116, 48.125931707864609 ], [ 11.713679928469086, 48.12465482255098 ], [ 11.708206412156327, 48.124415607077964 ], [ 11.711488734459484, 48.120646322222456 ], [ 11.702326290549507, 48.123167235021221 ], [ 11.709904043812646, 48.125059890904041 ], [ 11.712978433399236, 48.126977967097929 ], [ 11.715064439875333, 48.129600360429478 ], [ 11.718721197173016, 48.131206362145463 ], [ 11.721062873997049, 48.133308104589588 ], [ 11.722044614641177, 48.135769632547152 ], [ 11.721111837067671, 48.139207808272502 ], [ 11.722407233229461, 48.141708253783825 ], [ 11.722135734845441, 48.143103194551706 ], [ 11.719788596577612, 48.145395410650941 ], [ 11.714339789614803, 48.146517796655672 ], [ 11.713700662510881, 48.14863268811996 ], [ 11.718946107865573, 48.146684958962929 ] ] ], [ [ [ 11.591729650610826, 48.070354244259974 ], [ 11.585932370267257, 48.073978691585623 ], [ 11.58406595912516, 48.077332658094377 ], [ 11.581496080927275, 48.079696992974441 ], [ 11.579457453059979, 48.083903051619217 ], [ 11.585888180728224, 48.085316062683667 ], [ 11.587508612421692, 48.081693458486484 ], [ 11.589719368821523, 48.080049723946146 ], [ 11.59177733896548, 48.076186549539173 ], [ 11.596851769588538, 48.073927422005092 ], [ 11.60091657058326, 48.074476712695763 ], [ 11.60372350927757, 48.07652221949408 ], [ 11.604241835759934, 48.078619328544271 ], [ 11.610771663166075, 48.080037280306641 ], [ 11.613144566778137, 48.081522939678379 ], [ 11.617094038906533, 48.08190059437328 ], [ 11.61947285163801, 48.080147827231478 ], [ 11.623508800406251, 48.079508948012652 ], [ 11.627334440266351, 48.08058162015687 ], [ 11.629188609018197, 48.082465750282914 ], [ 11.634600398563032, 48.07960399503154 ], [ 11.631710204217836, 48.077172882372587 ], [ 11.624059420961853, 48.075027692004369 ], [ 11.615988130200641, 48.076305336796942 ], [ 11.610819546009605, 48.079926816410044 ], [ 11.610953403385709, 48.077359860337651 ], [ 11.609823765103496, 48.074650022374279 ], [ 11.607500068994966, 48.072306709688277 ], [ 11.604209848980426, 48.070559237647224 ], [ 11.598177094831945, 48.069519657986326 ], [ 11.591729650610826, 48.070354244259974 ] ] ], [ [ [ 11.485685261155393, 48.065260186063718 ], [ 11.477659285162789, 48.064585007163032 ], [ 11.472060138711463, 48.065303772608928 ], [ 11.470118535994267, 48.067481183736646 ], [ 11.46918365167568, 48.070224261540382 ], [ 11.469559227052798, 48.073026714579562 ], [ 11.470954206332905, 48.075215005370104 ], [ 11.477341288070026, 48.073669913067825 ], [ 11.476065508781009, 48.071928589318176 ], [ 11.476344821340545, 48.069155814451939 ], [ 11.480932380997926, 48.066469721954391 ], [ 11.487024539260425, 48.067446833698185 ], [ 11.493097432304587, 48.07392779374625 ], [ 11.497432800906742, 48.069879651543374 ], [ 11.493861939580338, 48.06589373720545 ], [ 11.488854696866333, 48.062993796044132 ], [ 11.485685261155393, 48.065260186063718 ] ] ], [ [ [ 11.464646369873497, 48.082698352883696 ], [ 11.460670623533018, 48.084823553279037 ], [ 11.458449943234436, 48.087211701378173 ], [ 11.457439241727593, 48.089942740849565 ], [ 11.457737637767597, 48.092749367293905 ], [ 11.459316125090169, 48.095356835361031 ], [ 11.463883646977859, 48.098287430177812 ], [ 11.462713571735009, 48.096863698751797 ], [ 11.461245078481348, 48.090861618199007 ], [ 11.461769094223767, 48.088069872503119 ], [ 11.463808953516814, 48.085341800986377 ], [ 11.464646369873497, 48.082698352883696 ] ] ], [ [ [ 11.503656246724555, 48.068215875472653 ], [ 11.509716827981872, 48.0655107362034 ], [ 11.511027721491406, 48.062535231297616 ], [ 11.514442523878426, 48.06095939659005 ], [ 11.520432076354217, 48.061700102820026 ], [ 11.523357708166758, 48.065304230322624 ], [ 11.530395058503574, 48.065421630334463 ], [ 11.527402698597708, 48.060169424859787 ], [ 11.524510692235507, 48.058130268717782 ], [ 11.516693118758148, 48.05627948704209 ], [ 11.512532479893951, 48.056648952810235 ], [ 11.505703103537069, 48.05980040445521 ], [ 11.503702743184686, 48.062274027976933 ], [ 11.502940466398234, 48.065040949457988 ], [ 11.503656246724555, 48.068215875472653 ] ] ], [ [ [ 11.536947322946039, 48.068440521860921 ], [ 11.539451927988866, 48.072564060352015 ], [ 11.543185100134378, 48.068051904119002 ], [ 11.547061748873416, 48.067066319039938 ], [ 11.551062367258018, 48.067796116646839 ], [ 11.560819958352113, 48.072319654676697 ], [ 11.564345459026985, 48.077257579349222 ], [ 11.559931512353563, 48.068367247163081 ], [ 11.557846446391109, 48.065925227511201 ], [ 11.554737804615753, 48.064034522998099 ], [ 11.546737169841492, 48.062575032969086 ], [ 11.542627992755728, 48.063149052769447 ], [ 11.536162879177333, 48.066629315339206 ], [ 11.535539692212623, 48.067557240794642 ], [ 11.536947322946039, 48.068440521860921 ] ] ], [ [ [ 11.636965140805186, 48.079121609142504 ], [ 11.644191115996293, 48.07918530587186 ], [ 11.646173712216722, 48.077588488417483 ], [ 11.650132440233261, 48.076761136152285 ], [ 11.653921106068173, 48.077601875280294 ], [ 11.657438826415166, 48.076771199713818 ], [ 11.658895085729778, 48.074612045489857 ], [ 11.654350140172193, 48.072737965424189 ], [ 11.646057891240147, 48.072672236381393 ], [ 11.639290984353751, 48.075885213037978 ], [ 11.636965140805186, 48.079121609142504 ] ] ], [ [ [ 11.671900075029207, 48.070338205666431 ], [ 11.676166296541657, 48.069747856760941 ], [ 11.684137234451436, 48.071280290712885 ], [ 11.687207401506596, 48.073199151447611 ], [ 11.689242767907162, 48.075659891356871 ], [ 11.690548711257023, 48.08004882925124 ], [ 11.690037193896904, 48.082841384534753 ], [ 11.686473591726552, 48.086676878144843 ], [ 11.684409378023178, 48.090805882441103 ], [ 11.67787174670484, 48.094227274110267 ], [ 11.672215649411738, 48.094637435531872 ], [ 11.673237169246388, 48.09608085068291 ], [ 11.673987616560714, 48.09654979604673 ], [ 11.68847061098238, 48.09072934909657 ], [ 11.691679552489987, 48.088914483582201 ], [ 11.693894138488012, 48.086524037635215 ], [ 11.694897686330469, 48.083792064273204 ], [ 11.694592146561691, 48.080986016350323 ], [ 11.693007630057066, 48.078380555625266 ], [ 11.689807773950962, 48.076026158020696 ], [ 11.687961578194457, 48.073338594008071 ], [ 11.685065001937325, 48.071302108291384 ], [ 11.681371415202246, 48.069965077592663 ], [ 11.677242254527359, 48.069458324829398 ], [ 11.671900075029207, 48.070338205666431 ] ] ], [ [ [ 11.675422225531719, 48.098275443584505 ], [ 11.676410925708344, 48.100305434162088 ], [ 11.680149122005549, 48.101629915482697 ], [ 11.675422225531719, 48.098275443584505 ] ] ], [ [ [ 11.683856719005128, 48.102564307840169 ], [ 11.686570082056573, 48.10392440070062 ], [ 11.697383611630263, 48.101912539665292 ], [ 11.699391999638914, 48.100151380507086 ], [ 11.703240136002558, 48.099113243707166 ], [ 11.719257744321766, 48.103449439805736 ], [ 11.722331147258041, 48.105367289943608 ], [ 11.724369501006306, 48.107827338324959 ], [ 11.725173173412861, 48.110588838361572 ], [ 11.724663306869562, 48.113381504509206 ], [ 11.722889609435539, 48.115931958485682 ], [ 11.720025565948132, 48.117990494261527 ], [ 11.71397224014496, 48.120021325147235 ], [ 11.72051729244869, 48.118940264605833 ], [ 11.723951009682393, 48.117318803126956 ], [ 11.72646815105437, 48.115066140450239 ], [ 11.727822384989123, 48.112402847410685 ], [ 11.727863687878822, 48.10948615571354 ], [ 11.726621752622608, 48.106798455238668 ], [ 11.724200690694895, 48.104499286476255 ], [ 11.717595714467764, 48.102073994619417 ], [ 11.715302905858659, 48.098546405605653 ], [ 11.71161843773913, 48.096310383374686 ], [ 11.706962609684892, 48.094875759497917 ], [ 11.701805559316629, 48.094696447003493 ], [ 11.697791701913356, 48.095524445071199 ], [ 11.687417922779673, 48.099823325363012 ], [ 11.683856719005128, 48.102564307840169 ] ] ], [ [ [ 11.545008994161066, 48.221435105748242 ], [ 11.544835564813155, 48.219316305258552 ], [ 11.542610725748983, 48.219364939921434 ], [ 11.541920500807239, 48.220190675214489 ], [ 11.545008994161066, 48.221435105748242 ] ] ], [ [ [ 11.516881149141534, 48.213306518022748 ], [ 11.521700321318841, 48.208554014219771 ], [ 11.521019938895687, 48.20720054079996 ], [ 11.513358274070949, 48.206499650979687 ], [ 11.514248456835018, 48.208047227684034 ], [ 11.503514239256376, 48.204792406639747 ], [ 11.500987806812965, 48.203210120861094 ], [ 11.498508429808544, 48.206795245764241 ], [ 11.50683238955247, 48.211261386113755 ], [ 11.516881149141534, 48.213306518022748 ] ] ], [ [ [ 11.491995950884935, 48.189655609976619 ], [ 11.482520246474756, 48.189350816212915 ], [ 11.480988562478954, 48.189915036828118 ], [ 11.480118288145151, 48.192379542651295 ], [ 11.491995950884935, 48.189655609976619 ] ] ], [ [ [ 11.451350661950126, 48.199174018208765 ], [ 11.446831035381127, 48.195146836342772 ], [ 11.44604074415332, 48.192383194753333 ], [ 11.44665409705326, 48.188451536172714 ], [ 11.449859483615164, 48.182960139026186 ], [ 11.448192117911461, 48.179593734977239 ], [ 11.443817486183637, 48.18019505744882 ], [ 11.441336247463546, 48.1822538813298 ], [ 11.444406740770644, 48.189987896455527 ], [ 11.44345588894954, 48.198427569014527 ], [ 11.444394847976763, 48.199397756610985 ], [ 11.451437004330725, 48.19992524718603 ], [ 11.451350661950126, 48.199174018208765 ] ] ], [ [ [ 11.416027270146797, 48.184737409011099 ], [ 11.416142795243928, 48.185663897416482 ], [ 11.418394155118175, 48.184177127223393 ], [ 11.41705433777804, 48.184005966045966 ], [ 11.416027270146797, 48.184737409011099 ] ] ], [ [ [ 11.461645411501879, 48.104476187730242 ], [ 11.465579382238356, 48.100912550463043 ], [ 11.466638763766268, 48.100521859038508 ], [ 11.464237002853071, 48.098717370387689 ], [ 11.462516288999003, 48.100689062576606 ], [ 11.461645411501879, 48.104476187730242 ] ] ], [ [ [ 11.605792519881293, 48.165731423258833 ], [ 11.60942340698702, 48.169946718890017 ], [ 11.611549637076759, 48.170180305332316 ], [ 11.610782656346085, 48.167527540022462 ], [ 11.612042330618941, 48.163671648358559 ], [ 11.607833473012636, 48.162693144796947 ], [ 11.606976581520611, 48.163104394047913 ], [ 11.605792519881293, 48.165731423258833 ] ] ], [ [ [ 11.490852642251085, 48.104128055729234 ], [ 11.491591977349078, 48.103939991268739 ], [ 11.490720352000467, 48.103665955124356 ], [ 11.490852642251085, 48.104128055729234 ] ] ], [ [ [ 11.488987807990965, 48.150399536216028 ], [ 11.488810858080059, 48.153575551708371 ], [ 11.490563538020476, 48.153409689704759 ], [ 11.490790396271436, 48.151102361144339 ], [ 11.488987807990965, 48.150399536216028 ] ] ], [ [ [ 11.488175785893528, 48.154845818327288 ], [ 11.486203132458558, 48.15713991660256 ], [ 11.486486935335478, 48.158130383941199 ], [ 11.488124574481443, 48.159372152819508 ], [ 11.491526356786512, 48.160101888570843 ], [ 11.493014089217416, 48.158830260504281 ], [ 11.490815126372139, 48.155154372444642 ], [ 11.488175785893528, 48.154845818327288 ] ] ], [ [ [ 11.427297090424036, 48.13218989391634 ], [ 11.427167203280847, 48.132376744587006 ], [ 11.427420425034954, 48.132389792459811 ], [ 11.427297090424036, 48.13218989391634 ] ] ], [ [ [ 11.475330470489673, 48.202264852275206 ], [ 11.464498248720805, 48.202220539145607 ], [ 11.46422754971738, 48.202916288312899 ], [ 11.468569189696044, 48.205102416852846 ], [ 11.47806752634742, 48.205146759131232 ], [ 11.481594439867159, 48.203796862047518 ], [ 11.48403984629916, 48.200984869992375 ], [ 11.475330470489673, 48.202264852275206 ] ] ] ] } },
{ "type": "Feature", "properties": { "Jangkuan1": "3000m", "Jangkuan": "200", "Kategoris": "Sedang" }, "geometry": { "type": "MultiPolygon", "coordinates": [ [ [ [ 11.370958473152198, 48.16521689428464 ], [ 11.368088040441075, 48.169910033023726 ], [ 11.387066952055983, 48.164399331233447 ], [ 11.386951607400674, 48.160511196057328 ], [ 11.370958473152198, 48.16521689428464 ] ] ], [ [ [ 11.425841378252496, 48.206496685446119 ], [ 11.437722042013554, 48.205925787829948 ], [ 11.443063871314715, 48.206156500365793 ], [ 11.438233836114238, 48.203126657947024 ], [ 11.433855760748731, 48.197073868729561 ], [ 11.434042594835427, 48.199750129810653 ], [ 11.43557353517842, 48.202301561036109 ], [ 11.424510639392174, 48.203274532953635 ], [ 11.423787762385514, 48.204000500791516 ], [ 11.425841378252496, 48.206496685446119 ] ] ], [ [ [ 11.607583391792778, 48.229489772791041 ], [ 11.618108622329538, 48.228129264219362 ], [ 11.620002827933149, 48.226913883462061 ], [ 11.631038706047629, 48.223799738833996 ], [ 11.639658304225899, 48.21763016590981 ], [ 11.641722827589636, 48.214758836043082 ], [ 11.645668683751291, 48.213099696253565 ], [ 11.653446400443659, 48.206908575364196 ], [ 11.652045982082752, 48.20592625422595 ], [ 11.649603629000289, 48.205888990201537 ], [ 11.637901635098439, 48.213488543684186 ], [ 11.634299419581778, 48.207353501029672 ], [ 11.631509455371981, 48.208385674573911 ], [ 11.630255033726122, 48.210180669042067 ], [ 11.633293936671731, 48.215986851925329 ], [ 11.63219969614323, 48.216916594843653 ], [ 11.630916740751475, 48.216380517765607 ], [ 11.628199111415682, 48.212818009497518 ], [ 11.622834499163728, 48.216657230758209 ], [ 11.624286807060544, 48.219369576712161 ], [ 11.623692644932996, 48.220248730983208 ], [ 11.615026917196808, 48.223983070559001 ], [ 11.60828927627707, 48.225687906775029 ], [ 11.598079377799671, 48.226955164678138 ], [ 11.596545946854054, 48.228226798660948 ], [ 11.607583391792778, 48.229489772791041 ] ] ], [ [ [ 11.580431350994067, 48.229982050406342 ], [ 11.585134347260066, 48.230051340360056 ], [ 11.586498442094159, 48.228143545041036 ], [ 11.585705532927005, 48.227166357522641 ], [ 11.582934067830621, 48.226408040971521 ], [ 11.580431350994067, 48.229982050406342 ] ] ], [ [ [ 11.543023323184395, 48.234832353151674 ], [ 11.540765218021546, 48.233420461442506 ], [ 11.537852893228777, 48.23449428899157 ], [ 11.540553314645084, 48.236183099494731 ], [ 11.542844324783921, 48.235613520657225 ], [ 11.543023323184395, 48.234832353151674 ] ] ], [ [ [ 11.502363031053724, 48.214242637327949 ], [ 11.49509926240815, 48.211694266754968 ], [ 11.4955104359268, 48.213126595563224 ], [ 11.498702340939222, 48.215007016152484 ], [ 11.496221439554194, 48.215603180675053 ], [ 11.495804619448371, 48.21931931526909 ], [ 11.501637331720408, 48.218117771350165 ], [ 11.502363031053724, 48.214242637327949 ] ] ], [ [ [ 11.433596472592528, 48.186695553306549 ], [ 11.435494796273646, 48.182479999342398 ], [ 11.434420133737875, 48.177379445473477 ], [ 11.433644562358742, 48.177862038809806 ], [ 11.431768342459348, 48.184557096156915 ], [ 11.433596472592528, 48.186695553306549 ] ] ], [ [ [ 11.415072904724065, 48.195405345601387 ], [ 11.405693261329567, 48.196297265889683 ], [ 11.400151294185516, 48.20001853084581 ], [ 11.399360358331855, 48.200996364672285 ], [ 11.399580219411806, 48.202098245176018 ], [ 11.401764026417959, 48.20322412837109 ], [ 11.404345661045651, 48.202502264635562 ], [ 11.407239835154899, 48.203394018238981 ], [ 11.415039727981762, 48.198901890740238 ], [ 11.414961443317463, 48.197791488574197 ], [ 11.41342070099202, 48.19650445959644 ], [ 11.415072904724065, 48.195405345601387 ] ] ], [ [ [ 11.399594067881873, 48.124753885570421 ], [ 11.405320689400101, 48.123709243811071 ], [ 11.403339685076702, 48.121927420897038 ], [ 11.401025178646035, 48.121411931363198 ], [ 11.398776508748288, 48.122896604739388 ], [ 11.399594067881873, 48.124753885570421 ] ] ] ] } },
{ "type": "Feature", "properties": { "Jangkuan1": "3000m", "Jangkuan": "500", "Kategoris": "Jauh" }, "geometry": { "type": "MultiPolygon", "coordinates": [ [ [ [ 11.373308983764691, 48.161880013401017 ], [ 11.370958473152198, 48.16521689428464 ], [ 11.386951607400674, 48.160511196057328 ], [ 11.387540868239791, 48.157399538706038 ], [ 11.373308983764691, 48.161880013401017 ] ] ], [ [ [ 11.368027026993591, 48.170231521107134 ], [ 11.367233952349158, 48.172586243227975 ], [ 11.377129686462315, 48.170407265312612 ], [ 11.383330645352522, 48.168491359260095 ], [ 11.387066952055983, 48.164399331233447 ], [ 11.368027026993591, 48.170231521107134 ] ] ], [ [ [ 11.407548815842585, 48.205407412292949 ], [ 11.411133664559841, 48.204950430095636 ], [ 11.416650066414352, 48.201936612731963 ], [ 11.418932356090961, 48.199613815350105 ], [ 11.418700411015328, 48.196795593751354 ], [ 11.430426677575769, 48.189034376100658 ], [ 11.430853730449355, 48.191776344408055 ], [ 11.429987418502883, 48.199911086558068 ], [ 11.423658276549533, 48.200491343416928 ], [ 11.420513788716569, 48.202309136174833 ], [ 11.419693538330753, 48.203858768288477 ], [ 11.422842815284723, 48.202851814222385 ], [ 11.423787762385514, 48.204000500791516 ], [ 11.426043002274451, 48.202842797088238 ], [ 11.43557353517842, 48.202301561036109 ], [ 11.434042594835427, 48.199750129810653 ], [ 11.432597178521075, 48.192668618713796 ], [ 11.433596472592528, 48.186695553306549 ], [ 11.432428213578197, 48.184913829394652 ], [ 11.431768342459348, 48.184557096156915 ], [ 11.429025797405293, 48.188456551008976 ], [ 11.42326553249281, 48.19255937632277 ], [ 11.41342070099202, 48.19650445959644 ], [ 11.414961443317463, 48.197791488574197 ], [ 11.41469331364674, 48.199414772902429 ], [ 11.408027412081472, 48.203195274186264 ], [ 11.405587018892938, 48.203271653407441 ], [ 11.404345661045651, 48.202502264635562 ], [ 11.401764026417959, 48.20322412837109 ], [ 11.399339757498609, 48.201558944528891 ], [ 11.400151294185516, 48.20001853084581 ], [ 11.405693261329567, 48.196297265889683 ], [ 11.400690947000911, 48.195874282898117 ], [ 11.396090088183854, 48.199182193004866 ], [ 11.395390904477587, 48.200509146297442 ], [ 11.395940358018482, 48.203263868957222 ], [ 11.397310653907873, 48.204541811543727 ], [ 11.407548815842585, 48.205407412292949 ] ] ], [ [ [ 11.427605257375561, 48.208640463334625 ], [ 11.445628445379134, 48.208943928626447 ], [ 11.44653383290178, 48.20765644625601 ], [ 11.440645977635601, 48.205971021072351 ], [ 11.425841378252496, 48.206496685446119 ], [ 11.427605257375561, 48.208640463334625 ] ] ], [ [ [ 11.594059514259177, 48.231479507825348 ], [ 11.598079377799671, 48.226955164678138 ], [ 11.60828927627707, 48.225687906775029 ], [ 11.615241988139777, 48.223914144643473 ], [ 11.623831062970167, 48.220179802630817 ], [ 11.624286807060544, 48.219369576712161 ], [ 11.622834499163728, 48.216657230758209 ], [ 11.613174505000234, 48.221577805691673 ], [ 11.596428129793937, 48.224493288735921 ], [ 11.593344272775589, 48.226357740110593 ], [ 11.592489329063017, 48.229077299412005 ], [ 11.594059514259177, 48.231479507825348 ] ] ], [ [ [ 11.615765331987175, 48.228432251043955 ], [ 11.61373125713304, 48.228549794223909 ], [ 11.611995105149376, 48.228919633060897 ], [ 11.615765331987175, 48.228432251043955 ] ] ], [ [ [ 11.618108622329538, 48.228129264219362 ], [ 11.627311510858121, 48.225178070424739 ], [ 11.622847072998416, 48.22598525733364 ], [ 11.618108622329538, 48.228129264219362 ] ] ], [ [ [ 11.653654558871258, 48.207380468123915 ], [ 11.655901385178797, 48.204589843659001 ], [ 11.653959660280899, 48.203551060984296 ], [ 11.649869786535215, 48.20305386945364 ], [ 11.64612371593401, 48.204258523087297 ], [ 11.639502489608839, 48.208683821160832 ], [ 11.637692556254372, 48.205794763632277 ], [ 11.634299419581778, 48.207353501029672 ], [ 11.637901635098439, 48.213488543684186 ], [ 11.649603629000289, 48.205888990201537 ], [ 11.652045982082752, 48.20592625422595 ], [ 11.653654558871258, 48.207380468123915 ] ] ], [ [ [ 11.409507871352158, 48.123249254490077 ], [ 11.40620868666643, 48.120032894995994 ], [ 11.400422652875465, 48.118744223951758 ], [ 11.395464381859332, 48.121120865736394 ], [ 11.39478613385122, 48.123862651713203 ], [ 11.396061322221678, 48.126053406561731 ], [ 11.399594067881873, 48.124753885570421 ], [ 11.398776508748288, 48.122896604739388 ], [ 11.401025178646035, 48.121411931363198 ], [ 11.403339685076702, 48.121927420897038 ], [ 11.405320689400101, 48.123709243811071 ], [ 11.409507871352158, 48.123249254490077 ] ] ], [ [ [ 11.713700662510881, 48.14863268811996 ], [ 11.708657294701615, 48.149797584716318 ], [ 11.705375819193451, 48.152153780056778 ], [ 11.710360513598658, 48.151808314320824 ], [ 11.712021209831414, 48.150945793918098 ], [ 11.713700662510881, 48.14863268811996 ] ] ], [ [ [ 11.630255033726122, 48.210180669042067 ], [ 11.628199111415682, 48.212818009497518 ], [ 11.631079389216131, 48.216530627218077 ], [ 11.63219969614323, 48.216916594843653 ], [ 11.633293936671731, 48.215986851925329 ], [ 11.630255033726122, 48.210180669042067 ] ] ], [ [ [ 11.584158873707509, 48.223932443323335 ], [ 11.582934067830621, 48.226408040971521 ], [ 11.585705532927005, 48.227166357522641 ], [ 11.586498442094159, 48.228143545041036 ], [ 11.586280289198008, 48.22924551188639 ], [ 11.584340264329029, 48.230238843073614 ], [ 11.580431350994067, 48.229982050406342 ], [ 11.577088653908136, 48.23238843866757 ], [ 11.585073628498835, 48.232891801726197 ], [ 11.589923757704675, 48.230408380767471 ], [ 11.590522883052634, 48.229059761506676 ], [ 11.589767253422426, 48.226327102099582 ], [ 11.586752220400045, 48.224413044194847 ], [ 11.584158873707509, 48.223932443323335 ] ] ], [ [ [ 11.543392481767752, 48.23494789334368 ], [ 11.540553314645084, 48.236183099494731 ], [ 11.537852893228777, 48.23449428899157 ], [ 11.533744484236713, 48.235065997504243 ], [ 11.536307268233225, 48.237706763001967 ], [ 11.540089950800056, 48.238863146948297 ], [ 11.544167666007706, 48.238313251011583 ], [ 11.547054821377399, 48.236094048154378 ], [ 11.543392481767752, 48.23494789334368 ] ] ], [ [ [ 11.501615003321557, 48.218236993498962 ], [ 11.495804619448371, 48.21931931526909 ], [ 11.495166582853861, 48.222028952903081 ], [ 11.50235564952362, 48.220815421688656 ], [ 11.501615003321557, 48.218236993498962 ] ] ], [ [ [ 11.496221439554194, 48.215603180675053 ], [ 11.498702340939222, 48.215007016152484 ], [ 11.4955104359268, 48.213126595563224 ], [ 11.496221439554194, 48.215603180675053 ] ] ], [ [ [ 11.433650320737339, 48.177137322960952 ], [ 11.433644562358742, 48.177862038809806 ], [ 11.434420133737875, 48.177379445473477 ], [ 11.433650320737339, 48.177137322960952 ] ] ], [ [ [ 11.382883962278912, 48.145059276714761 ], [ 11.383184372425534, 48.141922881469746 ], [ 11.381219943863339, 48.144298096783913 ], [ 11.381139925057063, 48.145703969125165 ], [ 11.38394334421168, 48.148784358488015 ], [ 11.382883962278912, 48.145059276714761 ] ] ], [ [ [ 11.485463275931387, 48.202431001518214 ], [ 11.485463356719903, 48.202431052139296 ], [ 11.485463330947931, 48.202430962279969 ], [ 11.485463275931387, 48.202431001518214 ] ] ] ] } },
{ "type": "Feature", "properties": { "Jangkuan1": "3000m", "Jangkuan": "1000", "Kategoris": "Sangat Jauh" }, "geometry": { "type": "MultiPolygon", "coordinates": [ [ [ [ 11.396353855788654, 48.115810709328585 ], [ 11.390835269824626, 48.117840778049462 ], [ 11.389502334617555, 48.119051013190678 ], [ 11.388175224059339, 48.121720806815908 ], [ 11.388145180265806, 48.124534522244808 ], [ 11.389183162854893, 48.126726445544413 ], [ 11.388416042399399, 48.128022590336123 ], [ 11.381843940936744, 48.130637846410544 ], [ 11.379551188176276, 48.132996180609545 ], [ 11.378459159261732, 48.135713360662827 ], [ 11.378698256807752, 48.138564237743843 ], [ 11.376079312914992, 48.140784949386301 ], [ 11.374628597668679, 48.143425911432786 ], [ 11.374468197424411, 48.146237652960458 ], [ 11.375614019302764, 48.148944942918945 ], [ 11.381329032440515, 48.154300341820893 ], [ 11.374127735713232, 48.156456360668216 ], [ 11.373366701349488, 48.161575684291392 ], [ 11.387540868239791, 48.157399538706038 ], [ 11.388152768660451, 48.156252391868406 ], [ 11.387647012916828, 48.154474912664178 ], [ 11.384456230840309, 48.15058759937245 ], [ 11.38394334421168, 48.148784358488015 ], [ 11.381712988180579, 48.147057579939876 ], [ 11.381219943863339, 48.144298096783913 ], [ 11.383184372425534, 48.141922881469746 ], [ 11.384194796368343, 48.136175112820808 ], [ 11.387777291070906, 48.131084085113244 ], [ 11.393533753580423, 48.126983067121934 ], [ 11.396061322221678, 48.126053406561731 ], [ 11.394800974417548, 48.122455796180482 ], [ 11.396711375234238, 48.119988523122274 ], [ 11.402523708130712, 48.118754041046515 ], [ 11.40620868666643, 48.120032894995994 ], [ 11.409507871352158, 48.123249254490077 ], [ 11.417496077903014, 48.123925141585339 ], [ 11.4206584386881, 48.124921372425504 ], [ 11.427833033616906, 48.124855433876192 ], [ 11.435969909257297, 48.121592583707994 ], [ 11.438699473310981, 48.121243445751638 ], [ 11.431562237399637, 48.120239488207716 ], [ 11.425241218141061, 48.121847323371526 ], [ 11.416478540062341, 48.120787704514427 ], [ 11.407607479318811, 48.115205689448636 ], [ 11.405235640578994, 48.114677452643882 ], [ 11.396353855788654, 48.115810709328585 ] ] ], [ [ [ 11.366396158783948, 48.176999790494641 ], [ 11.372821711188243, 48.17644855192998 ], [ 11.380280292653779, 48.174379897634573 ], [ 11.381157765824387, 48.171576753214168 ], [ 11.383330645352522, 48.168491359260095 ], [ 11.367233952349158, 48.172586243227975 ], [ 11.366396158783948, 48.176999790494641 ] ] ], [ [ [ 11.388677554126199, 48.202351224875308 ], [ 11.397310653907873, 48.204541811543727 ], [ 11.395940358018482, 48.203263868957222 ], [ 11.395390904477587, 48.200509146297442 ], [ 11.396090088183854, 48.199182193004866 ], [ 11.400690947000911, 48.195874282898117 ], [ 11.393757987243097, 48.194132398601042 ], [ 11.390173961294693, 48.197042972343127 ], [ 11.388775304514926, 48.19969680800039 ], [ 11.388677554126199, 48.202351224875308 ] ] ], [ [ [ 11.419693538330753, 48.203858768288477 ], [ 11.420513788716569, 48.202309136174833 ], [ 11.423658276549533, 48.200491343416928 ], [ 11.429987418502883, 48.199911086558068 ], [ 11.430853730449355, 48.191776344408055 ], [ 11.430426677575769, 48.189034376100658 ], [ 11.418700411015328, 48.196795593751354 ], [ 11.419163219876481, 48.198215444698619 ], [ 11.41806639454806, 48.200896046702461 ], [ 11.411133664559841, 48.204950430095636 ], [ 11.419693538330753, 48.203858768288477 ] ] ], [ [ [ 11.430496677246762, 48.210454593324819 ], [ 11.429908460927809, 48.213572130199367 ], [ 11.443338937715897, 48.213385571486576 ], [ 11.445628445379134, 48.208943928626447 ], [ 11.428404198400003, 48.209141754099505 ], [ 11.430496677246762, 48.210454593324819 ] ] ], [ [ [ 11.591556066326163, 48.235055579936223 ], [ 11.594059514259177, 48.231479507825348 ], [ 11.592489329063017, 48.229077299412005 ], [ 11.592594483963016, 48.227672282055657 ], [ 11.594665261366355, 48.225262339375426 ], [ 11.613174505000234, 48.221577805691673 ], [ 11.619711413179672, 48.218786623032955 ], [ 11.619274705106823, 48.217998778122698 ], [ 11.615393749940361, 48.219433600608092 ], [ 11.60712660402965, 48.220502265904102 ], [ 11.59642741453645, 48.219078744939068 ], [ 11.589578810963401, 48.220150354722485 ], [ 11.58432924936011, 48.22386952407313 ], [ 11.586752220400045, 48.224413044194847 ], [ 11.589767253422426, 48.226327102099582 ], [ 11.590522883052634, 48.229059761506676 ], [ 11.588730163897647, 48.231567286291828 ], [ 11.585073628498835, 48.232891801726197 ], [ 11.577088653908136, 48.23238843866757 ], [ 11.574653989289688, 48.234127966179436 ], [ 11.568930539949669, 48.236240370936017 ], [ 11.586296082626657, 48.2373133835898 ], [ 11.589433645609766, 48.236572521511938 ], [ 11.591556066326163, 48.235055579936223 ] ] ], [ [ [ 11.658814608119506, 48.200440811168114 ], [ 11.6531769356354, 48.1986622293823 ], [ 11.644938497854998, 48.199406014881923 ], [ 11.64313536040671, 48.201897280008367 ], [ 11.637692556254372, 48.205794763632277 ], [ 11.639502489608839, 48.208683821160832 ], [ 11.647854063674899, 48.203457899977131 ], [ 11.651973613920834, 48.203085970608001 ], [ 11.655911297289288, 48.204599509673528 ], [ 11.658814608119506, 48.200440811168114 ] ] ], [ [ [ 11.449252621700705, 48.117008537397375 ], [ 11.449183535691644, 48.114886664960054 ], [ 11.448616158058357, 48.114196224798299 ], [ 11.449252621700705, 48.117008537397375 ] ] ], [ [ [ 11.477659285162789, 48.064585007163032 ], [ 11.485685261155393, 48.065260186063718 ], [ 11.488854696866333, 48.062993796044132 ], [ 11.483474141102702, 48.061857174405368 ], [ 11.479293552510466, 48.062109312660645 ], [ 11.475433667238507, 48.063214969154259 ], [ 11.472060138711463, 48.065303772608928 ], [ 11.477659285162789, 48.064585007163032 ] ] ], [ [ [ 11.598177094831945, 48.069519657986326 ], [ 11.596080888264288, 48.069460733262702 ], [ 11.591729650610826, 48.070354244259974 ], [ 11.598177094831945, 48.069519657986326 ] ] ], [ [ [ 11.728225919924638, 48.137466830416095 ], [ 11.724677152210187, 48.142567829271016 ], [ 11.718946107865573, 48.146684958962929 ], [ 11.713700662510881, 48.14863268811996 ], [ 11.712021209831414, 48.150945793918098 ], [ 11.70838274712696, 48.152285184420478 ], [ 11.705375819193451, 48.152153780056778 ], [ 11.698616867096677, 48.154739801660568 ], [ 11.705440863772766, 48.156790619864601 ], [ 11.709643626287898, 48.156701547869034 ], [ 11.716920904964079, 48.154022566206905 ], [ 11.719867970271155, 48.15034531978182 ], [ 11.723885865182584, 48.148958762352656 ], [ 11.726775493238957, 48.146915234272093 ], [ 11.728579874170759, 48.144374121147067 ], [ 11.729122517440695, 48.141584215441767 ], [ 11.728335019062252, 48.138799599960116 ], [ 11.728669834639192, 48.135035355952219 ], [ 11.728225919924638, 48.137466830416095 ] ] ], [ [ [ 11.553391450409324, 48.237447259231352 ], [ 11.547054821377399, 48.236094048154378 ], [ 11.544167666007706, 48.238313251011583 ], [ 11.540089950800056, 48.238863146948297 ], [ 11.536307268233225, 48.237706763001967 ], [ 11.533744484236713, 48.235065997504243 ], [ 11.526518505210285, 48.235384060050698 ], [ 11.531751749535118, 48.241016954018853 ], [ 11.539317582199844, 48.243329887933534 ], [ 11.543526061530734, 48.243211450559947 ], [ 11.550773762934712, 48.240481642279477 ], [ 11.553391450409324, 48.237447259231352 ] ] ], [ [ [ 11.503202536921858, 48.223763362663895 ], [ 11.50235564952362, 48.220815421688656 ], [ 11.495166582853861, 48.222028952903081 ], [ 11.492109199302355, 48.22638235834112 ], [ 11.501607842972845, 48.225778211080879 ], [ 11.506579709885738, 48.227856466236055 ], [ 11.503202536921858, 48.223763362663895 ] ] ], [ [ [ 11.380977437266111, 48.184528788364254 ], [ 11.379404367038026, 48.179000459096123 ], [ 11.379935311686593, 48.17619978396727 ], [ 11.377970361096759, 48.178815973181024 ], [ 11.37738847729508, 48.181602703424311 ], [ 11.37812274571143, 48.184373295020144 ], [ 11.380101483370469, 48.186856516382811 ], [ 11.384989725270605, 48.189413906028449 ], [ 11.380977437266111, 48.184528788364254 ] ] ] ] } }
]
}
