{
"type": "FeatureCollection",
"name": "peta_jangkauan",
"crs": { "type": "name", "properties": { "name": "urn:ogc:def:crs:OGC:1.3:CRS84" } },
"features": [
{ "type": "Feature", "properties": { "Jarak": "1000m", "Kelas": "Sangat Dekat", "name": "Trudering-Riem" }, "geometry": { "type": "Polygon", "coordinates": [ [ [ 11.667018741495431, 48.15618849702475 ], [ 11.669407134383752, 48.154275055458072 ], [ 11.670968526426043, 48.151851714817191 ], [ 11.671392418794882, 48.150111830455387 ], [ 11.671161845323915, 48.147844325324577 ], [ 11.674899478438816, 48.149283707440993 ], [ 11.679177117835634, 48.14983945546475 ], [ 11.6781624, 48.144285 ], [ 11.694539805982982, 48.14620085969262 ], [ 11.698430752417366, 48.144276111255358 ], [ 11.701083144202434, 48.141455899553002 ], [ 11.704181654572551, 48.141429096519431 ], [ 11.70797025290709, 48.14069822447042 ], [ 11.711278555113065, 48.139262645144889 ], [ 11.713821587024427, 48.137246042860525 ], [ 11.715380377968653, 48.134822141507911 ], [ 11.715805224034181, 48.132956829185311 ], [ 11.7152706, 48.1327982 ], [ 11.7144568, 48.1340328 ], [ 11.7122674, 48.1333845 ], [ 11.7143702, 48.131365700000011 ], [ 11.7117067, 48.1300689 ], [ 11.7133971, 48.1291073 ], [ 11.7145197, 48.1296081 ], [ 11.714922189531473, 48.129297073509591 ], [ 11.713295087835379, 48.127260359713794 ], [ 11.709460998256558, 48.124868313764146 ], [ 11.702642172450622, 48.123159224034254 ], [ 11.705657739245689, 48.122203373108583 ], [ 11.7042695, 48.1214437 ], [ 11.6977398, 48.1253464 ], [ 11.6941881, 48.1231033 ], [ 11.6975662, 48.12118 ], [ 11.6960577, 48.119862500000011 ], [ 11.6951246, 48.1203408 ], [ 11.6940418, 48.1193471 ], [ 11.6984629, 48.1179705 ], [ 11.710668, 48.1155572 ], [ 11.708916, 48.1142371 ], [ 11.7129604, 48.1115152 ], [ 11.714605, 48.111119 ], [ 11.7127047, 48.10486920000001 ], [ 11.7090286, 48.1023941 ], [ 11.705513054691096, 48.101018448098422 ], [ 11.697584651821705, 48.103355345548415 ], [ 11.692348634806237, 48.102772827819699 ], [ 11.686608448777591, 48.103798990938458 ], [ 11.683332751271152, 48.102280391226721 ], [ 11.67655011475019, 48.100252558367877 ], [ 11.675708308363433, 48.098482968015531 ], [ 11.6650742, 48.1009382 ], [ 11.6649248, 48.1021872 ], [ 11.6668866, 48.1044826 ], [ 11.6611361, 48.1084744 ], [ 11.6575451, 48.1094435 ], [ 11.6550775, 48.1108075 ], [ 11.6495813, 48.1111265 ], [ 11.6436919, 48.1150839 ], [ 11.6464527, 48.114460699999988 ], [ 11.6494333, 48.119193 ], [ 11.6500164, 48.1198759 ], [ 11.6507234, 48.11964170000001 ], [ 11.6518179, 48.121152 ], [ 11.6565257, 48.1285182 ], [ 11.6551137, 48.1301005 ], [ 11.6536499, 48.1341265 ], [ 11.659769154113565, 48.137309384786555 ], [ 11.665370758546461, 48.138052868237523 ], [ 11.665044897815752, 48.140129016214019 ], [ 11.6654504, 48.140346 ], [ 11.665054278508332, 48.140429459983778 ], [ 11.665383509443421, 48.142046793203598 ], [ 11.664210092300593, 48.141582457040201 ], [ 11.6651477, 48.1442077 ], [ 11.6648238, 48.1458617 ], [ 11.6670245, 48.1528327 ], [ 11.667018741495431, 48.15618849702475 ] ] ] } },
{ "type": "Feature", "properties": { "Jarak": "1000m", "Kelas": "Sangat Dekat", "name": "Thalkirchen-Obersendling-Forstenried-Fürstenried-Solln" }, "geometry": { "type": "Polygon", "coordinates": [ [ [ 11.515562845024316, 48.064844191787543 ], [ 11.510372617644743, 48.065301898363678 ], [ 11.506870014013794, 48.066507401985398 ], [ 11.504390139257191, 48.068066028750131 ], [ 11.502767657534593, 48.068226077839263 ], [ 11.503558, 48.069294199999987 ], [ 11.493041259050178, 48.073810163558036 ], [ 11.492187074609955, 48.076424958145672 ], [ 11.48920166582417, 48.077129591268161 ], [ 11.487763147728597, 48.076043829832493 ], [ 11.4872351, 48.0762576 ], [ 11.486674436907935, 48.075419138480143 ], [ 11.486347096723918, 48.075267170870717 ], [ 11.4870344, 48.076351099999989 ], [ 11.4733659, 48.0821506 ], [ 11.4729244, 48.0812229 ], [ 11.4719421, 48.0818083 ], [ 11.472374, 48.0822666 ], [ 11.4732555, 48.0821942 ], [ 11.4709217, 48.0831868 ], [ 11.4714161, 48.0839733 ], [ 11.4736262, 48.0866661 ], [ 11.4747255, 48.0869866 ], [ 11.476342, 48.0887657 ], [ 11.4747322, 48.0888762 ], [ 11.4720742, 48.0901146 ], [ 11.4734694, 48.092711 ], [ 11.4739679, 48.0957768 ], [ 11.4801135, 48.0975603 ], [ 11.4806425, 48.0964872 ], [ 11.4821496, 48.0953944 ], [ 11.4870363, 48.0960621 ], [ 11.4945725, 48.099265099999982 ], [ 11.4996345, 48.1021588 ], [ 11.5015674, 48.102666 ], [ 11.5063557, 48.0990709 ], [ 11.5085063, 48.0989968 ], [ 11.5088525, 48.1010472 ], [ 11.5101659, 48.1012348 ], [ 11.5101267, 48.1016809 ], [ 11.5121483, 48.10168620000001 ], [ 11.5175268, 48.1045473 ], [ 11.5189167, 48.103103599999983 ], [ 11.5294695, 48.1039414 ], [ 11.5306705, 48.1036338 ], [ 11.5310218, 48.10406420000001 ], [ 11.5335371, 48.1042534 ], [ 11.5336395, 48.105052 ], [ 11.5352966, 48.1052001 ], [ 11.5356209, 48.1035192 ], [ 11.5405922, 48.1039592 ], [ 11.5412849, 48.1018819 ], [ 11.5413613, 48.1031391 ], [ 11.5441241, 48.1054171 ], [ 11.547627, 48.105004 ], [ 11.5480535, 48.1057239 ], [ 11.5509153, 48.1045509 ], [ 11.5515989, 48.1066347 ], [ 11.5520058, 48.1067604 ], [ 11.5524791, 48.1064771 ], [ 11.5523348, 48.1059463 ], [ 11.5551263, 48.1046804 ], [ 11.5505725, 48.101432 ], [ 11.5500778, 48.0997666 ], [ 11.5504119, 48.0913646 ], [ 11.5442369, 48.0838314 ], [ 11.5413264, 48.0778866 ], [ 11.53686, 48.078003899999985 ], [ 11.5330259, 48.077479899999986 ], [ 11.5315304, 48.0761553 ], [ 11.5290508, 48.07194 ], [ 11.5282499, 48.0689844 ], [ 11.5262944, 48.0689891 ], [ 11.5262498, 48.0683357 ], [ 11.5238869, 48.0683743 ], [ 11.5230971, 48.0676607 ], [ 11.5229583, 48.0664605 ], [ 11.5221, 48.0665384 ], [ 11.5221162, 48.0673467 ], [ 11.5188177, 48.0673262 ], [ 11.5190033, 48.0670298 ], [ 11.5170141, 48.0663671 ], [ 11.5166094, 48.065377 ], [ 11.515562845024316, 48.064844191787543 ] ] ] } },
{ "type": "Feature", "properties": { "Jarak": "1000m", "Kelas": "Sangat Dekat", "name": "Sendling-Westpark" }, "geometry": { "type": "Polygon", "coordinates": [ [ [ 11.5014953, 48.1029282 ], [ 11.5021655, 48.1058698 ], [ 11.5026893, 48.125818 ], [ 11.5086301, 48.1252228 ], [ 11.5097548, 48.1265216 ], [ 11.5169679, 48.1298382 ], [ 11.5203745, 48.1327144 ], [ 11.5260961, 48.1364471 ], [ 11.5368342, 48.1284529 ], [ 11.5378242, 48.1256407 ], [ 11.5358932, 48.116642 ], [ 11.5360485, 48.1036113 ], [ 11.5356209, 48.1035192 ], [ 11.5352966, 48.1052001 ], [ 11.5336395, 48.105052 ], [ 11.5335371, 48.1042534 ], [ 11.5310218, 48.10406420000001 ], [ 11.5306705, 48.1036338 ], [ 11.5294695, 48.1039414 ], [ 11.5189167, 48.103103599999983 ], [ 11.5175268, 48.1045473 ], [ 11.5121483, 48.10168620000001 ], [ 11.5101267, 48.1016809 ], [ 11.5101659, 48.1012348 ], [ 11.5088525, 48.1010472 ], [ 11.5085063, 48.0989968 ], [ 11.5063557, 48.0990709 ], [ 11.5023159, 48.1017302 ], [ 11.5014953, 48.1029282 ] ] ] } },
{ "type": "Feature", "properties": { "Jarak": "1000m", "Kelas": "Sangat Dekat", "name": "Hadern" }, "geometry": { "type": "Polygon", "coordinates": [ [ [ 11.4630085, 48.1054311 ], [ 11.4636007, 48.1086455 ], [ 11.4631838, 48.1111136 ], [ 11.4633954, 48.1145011 ], [ 11.4650608, 48.1147058 ], [ 11.4656448, 48.1179577 ], [ 11.4655645, 48.120325 ], [ 11.4647654, 48.1230888 ], [ 11.4649715, 48.1282282 ], [ 11.4730181, 48.1294152 ], [ 11.4739049, 48.1300644 ], [ 11.477895, 48.1308367 ], [ 11.4786577, 48.1293154 ], [ 11.4836144, 48.1301689 ], [ 11.4910321, 48.1298177 ], [ 11.4956055, 48.1278116 ], [ 11.4979751, 48.1253976 ], [ 11.5026893, 48.125818 ], [ 11.5021655, 48.1058698 ], [ 11.5015674, 48.102666 ], [ 11.4996345, 48.1021588 ], [ 11.4945725, 48.099265099999982 ], [ 11.4870363, 48.0960621 ], [ 11.4821496, 48.0953944 ], [ 11.4806425, 48.0964872 ], [ 11.4801135, 48.0975603 ], [ 11.4739679, 48.0957768 ], [ 11.470851, 48.0993754 ], [ 11.4748504, 48.1046058 ], [ 11.4696902, 48.1058319 ], [ 11.4696285, 48.1052066 ], [ 11.4630085, 48.1054311 ] ], [ [ 11.490993421134775, 48.104079487682462 ], [ 11.490951055879844, 48.103830175928522 ], [ 11.491548338508446, 48.103958870074408 ], [ 11.490993421134775, 48.104079487682462 ] ] ] } },
{ "type": "Feature", "properties": { "Jarak": "1000m", "Kelas": "Sangat Dekat", "name": "Pasing-Obermenzing" }, "geometry": { "type": "Polygon", "coordinates": [ [ [ 11.44106350970501, 48.169620926142578 ], [ 11.446297682453443, 48.169853704924108 ], [ 11.452159191749692, 48.168344316652238 ], [ 11.453734260109568, 48.170090042086109 ], [ 11.451216811430852, 48.171754302337085 ], [ 11.449366396332341, 48.173953634484945 ], [ 11.4607469, 48.1765221 ], [ 11.4605426, 48.1744827 ], [ 11.4631883, 48.1747968 ], [ 11.4641044, 48.1744261 ], [ 11.4719226, 48.1765744 ], [ 11.4746755, 48.17574290000001 ], [ 11.481866, 48.1708525 ], [ 11.4841272, 48.1722701 ], [ 11.490211, 48.1725308 ], [ 11.490795, 48.1689158 ], [ 11.4912959, 48.168465 ], [ 11.4907366, 48.1677389 ], [ 11.4915416, 48.1676335 ], [ 11.4920034, 48.1652882 ], [ 11.4897391, 48.163993 ], [ 11.4888751, 48.1627437 ], [ 11.4859326, 48.1623007 ], [ 11.4833941, 48.1626848 ], [ 11.482044, 48.1609781 ], [ 11.4812984, 48.1588837 ], [ 11.4817313, 48.1555583 ], [ 11.482679, 48.1534372 ], [ 11.4850844, 48.150467 ], [ 11.4892234, 48.1473789 ], [ 11.4884691, 48.1447048 ], [ 11.4896205, 48.144236 ], [ 11.4880405, 48.1404631 ], [ 11.4857148, 48.1377807 ], [ 11.4834936, 48.1337326 ], [ 11.4827704, 48.131668 ], [ 11.4829761, 48.1301192 ], [ 11.4786577, 48.1293154 ], [ 11.477895, 48.1308367 ], [ 11.4739049, 48.1300644 ], [ 11.4730181, 48.1294152 ], [ 11.4649715, 48.1282282 ], [ 11.464192077901048, 48.129331938572925 ], [ 11.46650576667888, 48.131790640028754 ], [ 11.469510414059325, 48.133499350592778 ], [ 11.472450373958326, 48.134404739819907 ], [ 11.470914830130551, 48.135124199644643 ], [ 11.467032562067937, 48.134075003937525 ], [ 11.46267850760025, 48.131770145237404 ], [ 11.459576244715411, 48.131055337246771 ], [ 11.4601384, 48.1320449 ], [ 11.4513653, 48.1332754 ], [ 11.4511498, 48.1324851 ], [ 11.4497754, 48.1329213 ], [ 11.4481179, 48.1311538 ], [ 11.447041, 48.1330838 ], [ 11.4474667, 48.1335873 ], [ 11.4381326, 48.134613700000024 ], [ 11.4385662, 48.135373 ], [ 11.4363741, 48.1366581 ], [ 11.4438426, 48.1486459 ], [ 11.4475682, 48.1507361 ], [ 11.4532736, 48.1516928 ], [ 11.4535582, 48.1526682 ], [ 11.4476104, 48.1541239 ], [ 11.4403872, 48.158955 ], [ 11.4329268, 48.1630326 ], [ 11.4339298, 48.1637622 ], [ 11.4338028, 48.1642596 ], [ 11.4351368, 48.165778599999989 ], [ 11.44106350970501, 48.169620926142578 ] ], [ [ 11.489837095573026, 48.167382983018172 ], [ 11.489887328988738, 48.16727851801263 ], [ 11.489903077201943, 48.167407531986505 ], [ 11.489837095573026, 48.167382983018172 ] ] ] } },
{ "type": "Feature", "properties": { "Jarak": "1000m", "Kelas": "Sangat Dekat", "name": "Aubing-Lochhausen-Langwied" }, "geometry": { "type": "Polygon", "coordinates": [ [ [ 11.423645600766733, 48.133538289932034 ], [ 11.418799433818016, 48.134415618397156 ], [ 11.415957670297974, 48.133137042323661 ], [ 11.41220569272185, 48.132326332307962 ], [ 11.405698015042569, 48.132677362120738 ], [ 11.400205519796645, 48.135040221800807 ], [ 11.397956661031261, 48.13720806839423 ], [ 11.397025017174736, 48.138857127528425 ], [ 11.396339224263986, 48.143897439244412 ], [ 11.396655355397284, 48.146528170623412 ], [ 11.39809906638448, 48.148984194151154 ], [ 11.400109567940614, 48.150904512706447 ], [ 11.400784583122189, 48.153292333285236 ], [ 11.402268114104013, 48.155315467457676 ], [ 11.400168054506819, 48.160563312268366 ], [ 11.400097565344609, 48.163202105899408 ], [ 11.401175141106252, 48.165740956471609 ], [ 11.403155581439284, 48.167988220554662 ], [ 11.399163772252942, 48.169281696663191 ], [ 11.396324410317574, 48.171114206553085 ], [ 11.394402365443772, 48.173419110515773 ], [ 11.393021479864169, 48.176962258790276 ], [ 11.392950632539044, 48.179601047636055 ], [ 11.394028231886058, 48.182139958768047 ], [ 11.396161619443999, 48.184360310547007 ], [ 11.398083046987034, 48.185567465956275 ], [ 11.40278591888447, 48.187124166739878 ], [ 11.406706198868983, 48.187429554330457 ], [ 11.411084969768041, 48.186867267894492 ], [ 11.41563285401765, 48.185116777407437 ], [ 11.418832448736119, 48.182335605690042 ], [ 11.420196754326815, 48.178947284469906 ], [ 11.420078207257827, 48.174569039602979 ], [ 11.417540226803974, 48.171050812616045 ], [ 11.421318327513116, 48.169848477084209 ], [ 11.427465675192403, 48.169067898977225 ], [ 11.43078390843853, 48.167640245644591 ], [ 11.433217027730215, 48.165747798964723 ], [ 11.436361159723804, 48.168065780672364 ], [ 11.440373756683414, 48.169472180815255 ], [ 11.4351368, 48.165778599999989 ], [ 11.4338028, 48.1642596 ], [ 11.4339298, 48.1637622 ], [ 11.4329268, 48.1630326 ], [ 11.4403872, 48.158955 ], [ 11.4476104, 48.1541239 ], [ 11.4535582, 48.1526682 ], [ 11.4532736, 48.1516928 ], [ 11.4475682, 48.1507361 ], [ 11.4438426, 48.1486459 ], [ 11.4360395, 48.1361104 ], [ 11.4346193, 48.1368894 ], [ 11.4299801, 48.13755590000001 ], [ 11.4262618, 48.136538 ], [ 11.4243359, 48.134919899999986 ], [ 11.423645600766733, 48.133538289932034 ] ] ] } },
{ "type": "Feature", "properties": { "Jarak": "1000m", "Kelas": "Sangat Dekat", "name": "Allach-Untermenzing" }, "geometry": { "type": "MultiPolygon", "coordinates": [ [ [ [ 11.449297240908408, 48.174060082803919 ], [ 11.447989193414672, 48.178883962540709 ], [ 11.448330986538599, 48.180632064258724 ], [ 11.449759040609203, 48.183062418606177 ], [ 11.448352421519544, 48.184873029259052 ], [ 11.446583023376347, 48.188621599249359 ], [ 11.44604074415332, 48.192383194753333 ], [ 11.446743910747877, 48.194980142368884 ], [ 11.447830067070264, 48.196586614337129 ], [ 11.450281452609108, 48.198655229681371 ], [ 11.452372251973966, 48.199729611744537 ], [ 11.458594634444921, 48.201069703972472 ], [ 11.465027152803026, 48.20029028795615 ], [ 11.469145688839175, 48.198344926486634 ], [ 11.473300413940438, 48.197278275526664 ], [ 11.476619114451653, 48.195849295026981 ], [ 11.479815987081075, 48.19306647501891 ], [ 11.481134652328549, 48.189919796359234 ], [ 11.482710223487425, 48.189401842468087 ], [ 11.486871948921607, 48.189756312650907 ], [ 11.490385623490287, 48.189355246789887 ], [ 11.4898648, 48.187781 ], [ 11.4897921, 48.1796665 ], [ 11.4893659, 48.1793206 ], [ 11.4887394, 48.1750415 ], [ 11.4894385, 48.1751031 ], [ 11.4893453, 48.1742423 ], [ 11.4904508, 48.1741852 ], [ 11.4905496, 48.1726582 ], [ 11.4841272, 48.1722701 ], [ 11.481866, 48.1708525 ], [ 11.4746755, 48.17574290000001 ], [ 11.4719226, 48.1765744 ], [ 11.4658156, 48.1751339 ], [ 11.4655085, 48.1745678 ], [ 11.4646109, 48.1744589 ], [ 11.4631883, 48.1747968 ], [ 11.4605426, 48.1744827 ], [ 11.4607469, 48.1765221 ], [ 11.449297240908408, 48.174060082803919 ] ] ], [ [ [ 11.474238384913003, 48.208358618510552 ], [ 11.470379523886205, 48.207800062123148 ], [ 11.466444244076728, 48.208014168719714 ], [ 11.462771280408196, 48.208982511699354 ], [ 11.458928206317315, 48.211210636374716 ], [ 11.4605009, 48.2120246 ], [ 11.4604103, 48.213196099999983 ], [ 11.4634522, 48.215499 ], [ 11.4723219, 48.2192144 ], [ 11.4770563, 48.219553799999986 ], [ 11.482556625562099, 48.214638693169412 ], [ 11.481148368574111, 48.212280955934702 ], [ 11.479612923497651, 48.210847493464733 ], [ 11.474238384913003, 48.208358618510552 ] ] ] ] } },
{ "type": "Feature", "properties": { "Jarak": "1000m", "Kelas": "Sangat Dekat", "name": "Feldmoching-Hasenbergl" }, "geometry": { "type": "MultiPolygon", "coordinates": [ [ [ [ 11.497669992727053, 48.198068109340063 ], [ 11.498808557001052, 48.201058774458318 ], [ 11.500126689718018, 48.202585702861818 ], [ 11.505111186436926, 48.205413577958204 ], [ 11.50886989452539, 48.206221123986424 ], [ 11.518932883364537, 48.206746265436934 ], [ 11.52349246190874, 48.207501669963314 ], [ 11.520174197555178, 48.209544704319285 ], [ 11.517086270477046, 48.212900193898591 ], [ 11.515515791480953, 48.215321578091718 ], [ 11.515086143753612, 48.217060970702754 ], [ 11.515408941245312, 48.219691229294867 ], [ 11.516860466872256, 48.22214559504264 ], [ 11.519315838586063, 48.224212658479921 ], [ 11.521409096315391, 48.225285735948226 ], [ 11.527636259818065, 48.226621996796055 ], [ 11.531572625715938, 48.226405773933017 ], [ 11.535245438146804, 48.225435234786261 ], [ 11.539192381982492, 48.223120868073586 ], [ 11.543072096280865, 48.218963723626203 ], [ 11.544118690843344, 48.216946695873524 ], [ 11.545010617079063, 48.21793464130095 ], [ 11.544663867474554, 48.220237255718523 ], [ 11.545372438040143, 48.222833492504648 ], [ 11.547178446942384, 48.22518046345931 ], [ 11.549583236608923, 48.226881614208814 ], [ 11.5649439, 48.227242899999986 ], [ 11.5632438, 48.2248238 ], [ 11.5646145, 48.2228863 ], [ 11.564011, 48.222743 ], [ 11.5644909, 48.2218295 ], [ 11.5623047, 48.2200228 ], [ 11.5631203, 48.2197416 ], [ 11.5620171, 48.2166944 ], [ 11.5656138, 48.190576 ], [ 11.5493798, 48.1902164 ], [ 11.5379953, 48.1884864 ], [ 11.5342113, 48.188506499999988 ], [ 11.5117911, 48.1937104 ], [ 11.5064189, 48.1961845 ], [ 11.497669992727053, 48.198068109340063 ] ] ], [ [ [ 11.481558104848137, 48.22075516050166 ], [ 11.482919164826669, 48.217366169159156 ], [ 11.482556625562099, 48.214638693169412 ], [ 11.4770563, 48.219553799999986 ], [ 11.4774271, 48.2199989 ], [ 11.481558104848137, 48.22075516050166 ] ] ] ] } },
{ "type": "Feature", "properties": { "Jarak": "1000m", "Kelas": "Sangat Dekat", "name": "Moosach" }, "geometry": { "type": "Polygon", "coordinates": [ [ [ 11.4901057, 48.1890232 ], [ 11.494027201369612, 48.190224313594626 ], [ 11.496628502377881, 48.192000773200064 ], [ 11.499266739677987, 48.19304791827539 ], [ 11.497790833101238, 48.195882199796912 ], [ 11.497669992727053, 48.198068109340063 ], [ 11.5064189, 48.1961845 ], [ 11.5117911, 48.1937104 ], [ 11.5274555, 48.1898525 ], [ 11.5355496, 48.1883891 ], [ 11.5415431, 48.1889348 ], [ 11.5399119, 48.1809504 ], [ 11.5404987, 48.1761675 ], [ 11.5386393, 48.17168370000001 ], [ 11.5380763, 48.1682125 ], [ 11.5352152, 48.1673367 ], [ 11.5348342, 48.1680317 ], [ 11.5324207, 48.1673931 ], [ 11.5318594, 48.167535399999984 ], [ 11.5309968, 48.1693706 ], [ 11.516338, 48.1677556 ], [ 11.5107303, 48.169913599999987 ], [ 11.5097372, 48.1675637 ], [ 11.4987311, 48.1676637 ], [ 11.4983534, 48.166657 ], [ 11.4967818, 48.1668264 ], [ 11.4964163, 48.1657041 ], [ 11.497146, 48.1655125 ], [ 11.4958861, 48.1653916 ], [ 11.4937256, 48.1660173 ], [ 11.4917641, 48.1655516 ], [ 11.4915416, 48.1676335 ], [ 11.4907366, 48.1677389 ], [ 11.4912959, 48.168465 ], [ 11.4904398, 48.1705299 ], [ 11.4901357, 48.1725998 ], [ 11.4905496, 48.1726582 ], [ 11.4904508, 48.1741852 ], [ 11.4893453, 48.1742423 ], [ 11.4894385, 48.1751031 ], [ 11.4887394, 48.1750415 ], [ 11.4893659, 48.1793206 ], [ 11.4897921, 48.1796665 ], [ 11.4898648, 48.187781 ], [ 11.4901057, 48.1890232 ] ] ] } },
{ "type": "Feature", "properties": { "Jarak": "1000m", "Kelas": "Sangat Dekat", "name": "Neuhausen-Nymphenburg" }, "geometry": { "type": "Polygon", "coordinates": [ [ [ 11.4812644, 48.1576153 ], [ 11.4816866, 48.1602561 ], [ 11.4833941, 48.1626848 ], [ 11.4859326, 48.1623007 ], [ 11.4888751, 48.1627437 ], [ 11.4897391, 48.163993 ], [ 11.4920034, 48.1652882 ], [ 11.4917641, 48.1655516 ], [ 11.4937256, 48.1660173 ], [ 11.4958861, 48.1653916 ], [ 11.497146, 48.1655125 ], [ 11.4964163, 48.1657041 ], [ 11.4967818, 48.1668264 ], [ 11.4983534, 48.166657 ], [ 11.4987311, 48.1676637 ], [ 11.5097372, 48.1675637 ], [ 11.5107303, 48.169913599999987 ], [ 11.5165378, 48.1677464 ], [ 11.5309968, 48.1693706 ], [ 11.5318594, 48.167535399999984 ], [ 11.5348342, 48.1680317 ], [ 11.5352152, 48.1673367 ], [ 11.5444501, 48.1700236 ], [ 11.5455727, 48.1698942 ], [ 11.5481446, 48.1705981 ], [ 11.549809, 48.1684378 ], [ 11.5530778, 48.1683945 ], [ 11.5544974, 48.167737 ], [ 11.5531993, 48.1661672 ], [ 11.5529571, 48.1614903 ], [ 11.5514, 48.1614715 ], [ 11.5496329, 48.1606815 ], [ 11.5559883, 48.1554314 ], [ 11.5494704, 48.1518984 ], [ 11.5479676, 48.149576 ], [ 11.5467612, 48.1498163 ], [ 11.5389232, 48.1427959 ], [ 11.5355366, 48.1425378 ], [ 11.5196439, 48.1435858 ], [ 11.5114841, 48.143364599999984 ], [ 11.4924826, 48.1461131 ], [ 11.4879794, 48.1480652 ], [ 11.4842648, 48.1512565 ], [ 11.4825333, 48.153708899999984 ], [ 11.4812644, 48.1576153 ] ], [ [ 11.486467253262465, 48.157049959862988 ], [ 11.488788449966025, 48.153903449485789 ], [ 11.489149268401386, 48.150533161551188 ], [ 11.490653405374411, 48.15115847805496 ], [ 11.490808375979034, 48.155681875441971 ], [ 11.492879704004633, 48.158783439629026 ], [ 11.490106521805821, 48.162100854118052 ], [ 11.488788876643952, 48.159952959804642 ], [ 11.486603848441362, 48.158069166035808 ], [ 11.486467253262465, 48.157049959862988 ] ] ] } },
{ "type": "Feature", "properties": { "Jarak": "1000m", "Kelas": "Sangat Dekat", "name": "Laim" }, "geometry": { "type": "Polygon", "coordinates": [ [ [ 11.4829761, 48.1301192 ], [ 11.4828771, 48.1321852 ], [ 11.484627, 48.1359639 ], [ 11.4888185, 48.1420644 ], [ 11.4896205, 48.144236 ], [ 11.4884691, 48.1447048 ], [ 11.4892234, 48.1473789 ], [ 11.4924826, 48.1461131 ], [ 11.4966336, 48.1452428 ], [ 11.5102658, 48.1434747 ], [ 11.5196439, 48.1435858 ], [ 11.534393, 48.1428022 ], [ 11.5341677, 48.14138650000001 ], [ 11.5311356, 48.1416484 ], [ 11.527221, 48.1404852 ], [ 11.5263647, 48.1392711 ], [ 11.5265195, 48.1368679 ], [ 11.5260961, 48.1364471 ], [ 11.5203745, 48.1327144 ], [ 11.5169679, 48.1298382 ], [ 11.5097548, 48.1265216 ], [ 11.5086301, 48.1252228 ], [ 11.5026893, 48.125818 ], [ 11.4979751, 48.1253976 ], [ 11.4965548, 48.1271219 ], [ 11.4925593, 48.129401199999982 ], [ 11.4882502, 48.130076 ], [ 11.4829761, 48.1301192 ] ] ] } },
{ "type": "Feature", "properties": { "Jarak": "1000m", "Kelas": "Sangat Dekat", "name": "Munchen" }, "geometry": { "type": "Polygon", "coordinates": [ [ [ 11.5260254, 48.1365154 ], [ 11.5265195, 48.1368679 ], [ 11.5261927, 48.1385266 ], [ 11.5270008, 48.1403287 ], [ 11.5308742, 48.1416114 ], [ 11.5341677, 48.14138650000001 ], [ 11.534393, 48.1428022 ], [ 11.5484296, 48.1420785 ], [ 11.5481329, 48.1404132 ], [ 11.5469829, 48.139267099999984 ], [ 11.5497884, 48.1388534 ], [ 11.5494795, 48.136570499999983 ], [ 11.5475018, 48.1349299 ], [ 11.5471013, 48.1328926 ], [ 11.5461886, 48.1316542 ], [ 11.5465712, 48.1304925 ], [ 11.5455058, 48.129388199999987 ], [ 11.5441974, 48.1263733 ], [ 11.5409242, 48.1280417 ], [ 11.5354245, 48.1298569 ], [ 11.5260254, 48.1365154 ] ] ] } },
{ "type": "Feature", "properties": { "Jarak": "1000m", "Kelas": "Sangat Dekat", "name": "Ludwigsvorstadt-Isarvorstadt" }, "geometry": { "type": "Polygon", "coordinates": [ [ [ 11.5442511, 48.1264158 ], [ 11.5455058, 48.129388199999987 ], [ 11.5465712, 48.1304925 ], [ 11.5461886, 48.1316542 ], [ 11.5471013, 48.1328926 ], [ 11.5475018, 48.1349299 ], [ 11.5497252, 48.137139500000011 ], [ 11.5497884, 48.1388534 ], [ 11.5469829, 48.139267099999984 ], [ 11.5481329, 48.1404132 ], [ 11.5484813, 48.1436281 ], [ 11.5607382, 48.1411604 ], [ 11.5656152, 48.1396028 ], [ 11.5648391, 48.1363834 ], [ 11.5673026, 48.1326527 ], [ 11.5670503, 48.1323885 ], [ 11.5682906, 48.1314018 ], [ 11.570566, 48.1308958 ], [ 11.5748376, 48.1333083 ], [ 11.5796828, 48.133961 ], [ 11.5828351, 48.1338978 ], [ 11.5835343, 48.1329773 ], [ 11.5874224, 48.131568799999982 ], [ 11.5838952, 48.128481 ], [ 11.5808716, 48.1281174 ], [ 11.5783283, 48.1271279 ], [ 11.5650238, 48.1199265 ], [ 11.5625129, 48.117857 ], [ 11.5442511, 48.1264158 ] ] ] } },
{ "type": "Feature", "properties": { "Jarak": "1000m", "Kelas": "Sangat Dekat", "name": "Sendling" }, "geometry": { "type": "Polygon", "coordinates": [ [ [ 11.5356656, 48.1298819 ], [ 11.5412254, 48.1279166 ], [ 11.5625129, 48.117857 ], [ 11.5608807, 48.1158649 ], [ 11.5609237, 48.1131599 ], [ 11.561671, 48.1099468 ], [ 11.5608331, 48.1080122 ], [ 11.5556324, 48.1044558 ], [ 11.5523348, 48.1059463 ], [ 11.5524791, 48.1064771 ], [ 11.5520058, 48.1067604 ], [ 11.5515989, 48.1066347 ], [ 11.5509153, 48.1045509 ], [ 11.5480535, 48.1057239 ], [ 11.547627, 48.105004 ], [ 11.5441241, 48.1054171 ], [ 11.5413613, 48.1031391 ], [ 11.5412849, 48.1018819 ], [ 11.5405922, 48.1039592 ], [ 11.5360485, 48.1036113 ], [ 11.5358932, 48.116642 ], [ 11.5378285, 48.1258066 ], [ 11.5372806, 48.1277571 ], [ 11.5356656, 48.1298819 ] ] ] } },
{ "type": "Feature", "properties": { "Jarak": "1000m", "Kelas": "Sangat Dekat", "name": "Milbertshofen-Am Hart" }, "geometry": { "type": "Polygon", "coordinates": [ [ [ 11.565959353145532, 48.227245082660325 ], [ 11.567941769337521, 48.226081797791835 ], [ 11.570187062872048, 48.223910713278968 ], [ 11.571392359497002, 48.221397582845675 ], [ 11.571540287535408, 48.219455664547255 ], [ 11.578567134746757, 48.21511476940065 ], [ 11.579958124226806, 48.213616922459565 ], [ 11.581043073439464, 48.211475526200964 ], [ 11.581899815431045, 48.210910928703207 ], [ 11.587361913820708, 48.211422356666446 ], [ 11.5853029, 48.2009623 ], [ 11.5906096, 48.2014387 ], [ 11.5897468, 48.196776299999989 ], [ 11.5890963, 48.196862899999985 ], [ 11.5892565, 48.1948349 ], [ 11.5888191, 48.1933775 ], [ 11.5840129, 48.1930204 ], [ 11.5852675, 48.1776424 ], [ 11.5733961, 48.1780331 ], [ 11.5653739, 48.1760897 ], [ 11.5584545, 48.1761013 ], [ 11.5603963, 48.174118 ], [ 11.5615827, 48.1684342 ], [ 11.556883, 48.1685091 ], [ 11.5544974, 48.167737 ], [ 11.5530778, 48.1683945 ], [ 11.5502062, 48.1682746 ], [ 11.5481446, 48.1705981 ], [ 11.5380763, 48.1682125 ], [ 11.5386393, 48.17168370000001 ], [ 11.5404987, 48.1761675 ], [ 11.5399119, 48.1809504 ], [ 11.5415431, 48.1889348 ], [ 11.5493798, 48.1902164 ], [ 11.5656138, 48.190576 ], [ 11.5620171, 48.2166944 ], [ 11.5631203, 48.2197416 ], [ 11.5623047, 48.2200228 ], [ 11.5644909, 48.2218295 ], [ 11.564011, 48.222743 ], [ 11.5646145, 48.2228863 ], [ 11.5632438, 48.2248238 ], [ 11.5649439, 48.227242899999986 ], [ 11.565959353145532, 48.227245082660325 ] ] ] } },
{ "type": "Feature", "properties": { "Jarak": "1000m", "Kelas": "Sangat Dekat", "name": "Maxvorstadt" }, "geometry": { "type": "Polygon", "coordinates": [ [ [ 11.538996, 48.1429203 ], [ 11.5467612, 48.1498163 ], [ 11.5479676, 48.149576 ], [ 11.5494704, 48.1518984 ], [ 11.5600429, 48.1576343 ], [ 11.5637736, 48.1569453 ], [ 11.5701136, 48.1565971 ], [ 11.575357, 48.155158299999989 ], [ 11.5826803, 48.15414950000001 ], [ 11.5817542, 48.152409199999987 ], [ 11.5820592, 48.1521077 ], [ 11.5852603, 48.1517017 ], [ 11.5876976, 48.1532788 ], [ 11.5881922, 48.1528542 ], [ 11.5860859, 48.1500915 ], [ 11.5848407, 48.149874499999989 ], [ 11.5850954, 48.14723510000001 ], [ 11.5834446, 48.1431869 ], [ 11.5783692, 48.1442706 ], [ 11.5775925, 48.1426122 ], [ 11.5737805, 48.1434077 ], [ 11.5693452, 48.1417194 ], [ 11.5656152, 48.1396028 ], [ 11.5607382, 48.1411604 ], [ 11.5484813, 48.1436281 ], [ 11.5484296, 48.1420785 ], [ 11.538996, 48.1429203 ] ] ] } },
{ "type": "Feature", "properties": { "Jarak": "1000m", "Kelas": "Sangat Dekat", "name": "Schwabing-West" }, "geometry": { "type": "Polygon", "coordinates": [ [ [ 11.5496329, 48.1606815 ], [ 11.5514, 48.1614715 ], [ 11.5529571, 48.1614903 ], [ 11.5531993, 48.1661672 ], [ 11.5544974, 48.167737 ], [ 11.556883, 48.1685091 ], [ 11.5615827, 48.1684342 ], [ 11.5603963, 48.174118 ], [ 11.5584545, 48.1761013 ], [ 11.5653739, 48.1760897 ], [ 11.5733961, 48.1780331 ], [ 11.5852675, 48.1776424 ], [ 11.5853638, 48.1765821 ], [ 11.5816337, 48.1762682 ], [ 11.5831478, 48.1693203 ], [ 11.5826236, 48.1671446 ], [ 11.5791683, 48.167113200000017 ], [ 11.579054, 48.1666795 ], [ 11.579937, 48.1628756 ], [ 11.5796673, 48.1611367 ], [ 11.5803956, 48.1610771 ], [ 11.5792853, 48.1546807 ], [ 11.575357, 48.155158299999989 ], [ 11.5701136, 48.1565971 ], [ 11.5637736, 48.1569453 ], [ 11.5600429, 48.1576343 ], [ 11.5559883, 48.1554314 ], [ 11.5496329, 48.1606815 ] ] ] } },
{ "type": "Feature", "properties": { "Jarak": "1000m", "Kelas": "Sangat Dekat", "name": "Schwabing-Freimann" }, "geometry": { "type": "Polygon", "coordinates": [ [ [ 11.587361913820708, 48.211422356666446 ], [ 11.592038160822952, 48.210646358077014 ], [ 11.596363843070248, 48.208639632448993 ], [ 11.600277471634058, 48.21059713974968 ], [ 11.604037933172082, 48.211401536996775 ], [ 11.607985857117841, 48.211441553443869 ], [ 11.612954767513365, 48.210309521083026 ], [ 11.616044140764375, 48.208666254920487 ], [ 11.617972905767008, 48.206883307453943 ], [ 11.619538251370576, 48.204460612579084 ], [ 11.620038989592837, 48.201961231375932 ], [ 11.624747127772476, 48.200860530539813 ], [ 11.628693248379427, 48.199132445244345 ], [ 11.631525590413506, 48.197294324859037 ], [ 11.63343768036151, 48.194985643016317 ], [ 11.634264945406676, 48.192405268418597 ], [ 11.634282114337401, 48.191629997001378 ], [ 11.6331849, 48.1897497 ], [ 11.629461322226513, 48.184253007431145 ], [ 11.626228511954041, 48.181708639725024 ], [ 11.630693361035412, 48.182478493009057 ], [ 11.6283684, 48.179466399999988 ], [ 11.6263643, 48.1806396 ], [ 11.611545170852596, 48.164243576846779 ], [ 11.610782656346085, 48.167527540022462 ], [ 11.611512432859591, 48.17015490701958 ], [ 11.609526804463972, 48.169852223301774 ], [ 11.608156252503546, 48.167594422020713 ], [ 11.605850466343457, 48.165628066091124 ], [ 11.606207578004792, 48.162285770109349 ], [ 11.610726255280996, 48.163329714650928 ], [ 11.5981671, 48.1493472 ], [ 11.59408, 48.1516584 ], [ 11.5915444, 48.1564257 ], [ 11.5894224, 48.1565684 ], [ 11.5900572, 48.15482260000001 ], [ 11.5896074, 48.1538429 ], [ 11.5881922, 48.1528542 ], [ 11.5876976, 48.1532788 ], [ 11.585986, 48.1524899 ], [ 11.5852603, 48.1517017 ], [ 11.5819851, 48.152122 ], [ 11.5817542, 48.152409199999987 ], [ 11.5826803, 48.15414950000001 ], [ 11.5792853, 48.1546807 ], [ 11.5803956, 48.1610771 ], [ 11.5796673, 48.1611367 ], [ 11.579937, 48.1628756 ], [ 11.5791683, 48.167113200000017 ], [ 11.5826236, 48.1671446 ], [ 11.5831478, 48.1693203 ], [ 11.5816337, 48.1762682 ], [ 11.5853638, 48.1765821 ], [ 11.5840129, 48.1930204 ], [ 11.5888191, 48.1933775 ], [ 11.5892565, 48.1948349 ], [ 11.5890963, 48.196862899999985 ], [ 11.5897468, 48.196776299999989 ], [ 11.5903301, 48.1987267 ], [ 11.5898877, 48.1987772 ], [ 11.5906096, 48.2014387 ], [ 11.5853029, 48.2009623 ], [ 11.587361913820708, 48.211422356666446 ] ] ] } },
{ "type": "Feature", "properties": { "Jarak": "1000m", "Kelas": "Sangat Dekat", "name": "Altstadt-Lehel" }, "geometry": { "type": "Polygon", "coordinates": [ [ [ 11.5651736, 48.1387495 ], [ 11.5664281, 48.1402437 ], [ 11.5737805, 48.1434077 ], [ 11.5775925, 48.1426122 ], [ 11.5783692, 48.1442706 ], [ 11.5834446, 48.1431869 ], [ 11.5850954, 48.14723510000001 ], [ 11.5848407, 48.149874499999989 ], [ 11.5860859, 48.1500915 ], [ 11.5883307, 48.1530181 ], [ 11.5896074, 48.1538429 ], [ 11.5900572, 48.15482260000001 ], [ 11.5894224, 48.1565684 ], [ 11.5916737, 48.1563443 ], [ 11.59408, 48.1516584 ], [ 11.5981671, 48.1493472 ], [ 11.5962983, 48.1469073 ], [ 11.594218, 48.140395 ], [ 11.5929647, 48.1390123 ], [ 11.5901875, 48.1372656 ], [ 11.5924418, 48.1380932 ], [ 11.5905446, 48.1356189 ], [ 11.588538, 48.1347803 ], [ 11.5874736, 48.1335406 ], [ 11.5880507, 48.1333753 ], [ 11.586525, 48.131746 ], [ 11.5835343, 48.1329773 ], [ 11.5828351, 48.1338978 ], [ 11.5795816, 48.1339597 ], [ 11.5748376, 48.1333083 ], [ 11.570566, 48.1308958 ], [ 11.5682906, 48.1314018 ], [ 11.5670503, 48.1323885 ], [ 11.5673026, 48.1326527 ], [ 11.5648391, 48.1363834 ], [ 11.5651736, 48.1387495 ] ] ] } },
{ "type": "Feature", "properties": { "Jarak": "1000m", "Kelas": "Sangat Dekat", "name": "Bogenhausen" }, "geometry": { "type": "MultiPolygon", "coordinates": [ [ [ [ 11.6509408, 48.1749964 ], [ 11.65969460816088, 48.174976983390266 ], [ 11.664468668657662, 48.173522807435795 ], [ 11.668046987017011, 48.17095721202238 ], [ 11.669884834632946, 48.167670914514382 ], [ 11.669941464900299, 48.165032218531699 ], [ 11.66824572173922, 48.161711952815089 ], [ 11.665787580115188, 48.159648108869185 ], [ 11.662247169165738, 48.158065952135196 ], [ 11.667018741495431, 48.15618849702475 ], [ 11.6670245, 48.1528327 ], [ 11.6648238, 48.1458617 ], [ 11.6651873, 48.1446063 ], [ 11.6646127, 48.1423368 ], [ 11.664210092300593, 48.141582457040201 ], [ 11.662446657808989, 48.14106662151864 ], [ 11.661545432348083, 48.139216796701426 ], [ 11.659769154113565, 48.137309384786555 ], [ 11.6536499, 48.1341265 ], [ 11.6531266, 48.1354075 ], [ 11.6400327, 48.13650160000001 ], [ 11.6358549, 48.1362455 ], [ 11.6329566, 48.1352472 ], [ 11.6293475, 48.1358722 ], [ 11.6237608, 48.1359544 ], [ 11.6186693, 48.13504420000001 ], [ 11.618003, 48.1367312 ], [ 11.6198523, 48.1369737 ], [ 11.6193453, 48.1380893 ], [ 11.6130096, 48.1382549 ], [ 11.6065245, 48.1391697 ], [ 11.6064728, 48.138719899999984 ], [ 11.6048818, 48.1382131 ], [ 11.6047535, 48.137672799999983 ], [ 11.6040417, 48.1377561 ], [ 11.6026865, 48.1381362 ], [ 11.6030617, 48.140094199999986 ], [ 11.5972021, 48.1411092 ], [ 11.5958645, 48.1403129 ], [ 11.5955871, 48.1415421 ], [ 11.5947898, 48.1417059 ], [ 11.5968686, 48.1478513 ], [ 11.610726255280996, 48.163329714650928 ], [ 11.611849621997619, 48.163725774155132 ], [ 11.611545170852596, 48.164243576846779 ], [ 11.6154891, 48.1688837 ], [ 11.6263643, 48.1806396 ], [ 11.6283684, 48.179466399999988 ], [ 11.627706, 48.177304399999983 ], [ 11.6304297, 48.1771078 ], [ 11.6314002, 48.1778753 ], [ 11.6372115, 48.1764448 ], [ 11.6358903, 48.174917 ], [ 11.6410058, 48.1733964 ], [ 11.6413408, 48.1739388 ], [ 11.6458544, 48.1736881 ], [ 11.6457021, 48.1739785 ], [ 11.6482684, 48.1741321 ], [ 11.6482612, 48.1745231 ], [ 11.6509888, 48.1745453 ], [ 11.6509408, 48.1749964 ] ] ], [ [ [ 11.665044897815752, 48.140129016214019 ], [ 11.665054278508332, 48.140429459983778 ], [ 11.6654504, 48.140346 ], [ 11.665044897815752, 48.140129016214019 ] ] ] ] } },
{ "type": "Feature", "properties": { "Jarak": "1000m", "Kelas": "Sangat Dekat", "name": "Au-Haidhausen" }, "geometry": { "type": "Polygon", "coordinates": [ [ [ 11.5694778, 48.1223204 ], [ 11.5786773, 48.1272801 ], [ 11.5841514, 48.12865 ], [ 11.5872839, 48.1312901 ], [ 11.5874224, 48.131568799999982 ], [ 11.586568, 48.1319001 ], [ 11.5880507, 48.1333753 ], [ 11.5874736, 48.1335406 ], [ 11.588538, 48.1347803 ], [ 11.5905446, 48.1356189 ], [ 11.5924418, 48.1380932 ], [ 11.5901875, 48.1372656 ], [ 11.5932111, 48.1392221 ], [ 11.5947898, 48.1417059 ], [ 11.5955871, 48.1415421 ], [ 11.5958645, 48.1403129 ], [ 11.5972021, 48.1411092 ], [ 11.6030617, 48.140094199999986 ], [ 11.6026865, 48.1381362 ], [ 11.6040417, 48.1377561 ], [ 11.6047535, 48.137672799999983 ], [ 11.6048818, 48.1382131 ], [ 11.6064728, 48.138719899999984 ], [ 11.6065245, 48.1391697 ], [ 11.6130096, 48.1382549 ], [ 11.6193453, 48.1380893 ], [ 11.6194717, 48.1371607 ], [ 11.6198028, 48.1371901 ], [ 11.618003, 48.1367312 ], [ 11.6190103, 48.1338664 ], [ 11.6160548, 48.1336377 ], [ 11.6131584, 48.1325542 ], [ 11.6089803, 48.128553 ], [ 11.6033146, 48.1247969 ], [ 11.6014909, 48.124665899999982 ], [ 11.5980486, 48.1225959 ], [ 11.5774899, 48.1185823 ], [ 11.5695863, 48.121654 ], [ 11.5694778, 48.1223204 ] ] ] } },
{ "type": "Feature", "properties": { "Jarak": "1000m", "Kelas": "Sangat Dekat", "name": "Berg am Laim" }, "geometry": { "type": "Polygon", "coordinates": [ [ [ 11.6011678, 48.1244481 ], [ 11.6033146, 48.1247969 ], [ 11.6087116, 48.1283615 ], [ 11.6131584, 48.1325542 ], [ 11.6160548, 48.1336377 ], [ 11.6190103, 48.1338664 ], [ 11.6186693, 48.13504420000001 ], [ 11.6237608, 48.1359544 ], [ 11.6293475, 48.1358722 ], [ 11.6329566, 48.1352472 ], [ 11.6358549, 48.1362455 ], [ 11.6396624, 48.136511199999987 ], [ 11.6531266, 48.1354075 ], [ 11.6551137, 48.1301005 ], [ 11.6565257, 48.1285182 ], [ 11.6518179, 48.121152 ], [ 11.6507234, 48.11964170000001 ], [ 11.6500164, 48.1198759 ], [ 11.6494333, 48.119193 ], [ 11.6464527, 48.114460699999988 ], [ 11.6436919, 48.1150839 ], [ 11.6380586, 48.1174677 ], [ 11.6258278, 48.119829 ], [ 11.6103619, 48.12101 ], [ 11.6060842, 48.1208409 ], [ 11.6011678, 48.1244481 ] ] ] } },
{ "type": "Feature", "properties": { "Jarak": "1000m", "Kelas": "Sangat Dekat", "name": "Untergiesing-Harlaching" }, "geometry": { "type": "MultiPolygon", "coordinates": [ [ [ [ 11.545913338062782, 48.06932945010535 ], [ 11.544108769305049, 48.069853950965594 ], [ 11.5439683, 48.0719453 ], [ 11.5431318, 48.0730499 ], [ 11.5436028, 48.0735282 ], [ 11.5426646, 48.0745128 ], [ 11.5417166, 48.0747273 ], [ 11.5423719, 48.0778567 ], [ 11.5413264, 48.0778866 ], [ 11.5442369, 48.0838314 ], [ 11.5504119, 48.0913646 ], [ 11.5500778, 48.0997666 ], [ 11.5506255, 48.1015233 ], [ 11.5608331, 48.1080122 ], [ 11.561671, 48.1099468 ], [ 11.5609237, 48.1131599 ], [ 11.5609018, 48.1159779 ], [ 11.5648324, 48.1198088 ], [ 11.5693244, 48.1222148 ], [ 11.5695863, 48.121654 ], [ 11.5769181, 48.1188154 ], [ 11.5771905, 48.1181653 ], [ 11.5767484, 48.1158834 ], [ 11.5757155, 48.1151696 ], [ 11.5736898, 48.1122146 ], [ 11.5764092, 48.1115218 ], [ 11.5780146, 48.1105831 ], [ 11.5822317, 48.104525 ], [ 11.5815487, 48.1043306 ], [ 11.5821544, 48.1032454 ], [ 11.5816815, 48.0986466 ], [ 11.5819792, 48.0983407 ], [ 11.585167, 48.0997108 ], [ 11.5882977, 48.0946304 ], [ 11.5744301, 48.0893368 ], [ 11.5743819, 48.0888153 ], [ 11.5732319, 48.0888993 ], [ 11.5629144, 48.0851799 ], [ 11.5624875, 48.0836047 ], [ 11.5539743, 48.0850231 ], [ 11.5491556, 48.0748689 ], [ 11.5499136, 48.0746572 ], [ 11.5490322, 48.0746059 ], [ 11.545913338062782, 48.06932945010535 ] ] ], [ [ [ 11.5560672, 48.0799449 ], [ 11.5563954, 48.0804318 ], [ 11.5577562, 48.0795803 ], [ 11.5569527, 48.0793801 ], [ 11.5560672, 48.0799449 ] ] ] ] } },
{ "type": "Feature", "properties": { "Jarak": "1000m", "Kelas": "Sangat Dekat", "name": "Ramersdorf-Perlach" }, "geometry": { "type": "Polygon", "coordinates": [ [ [ 11.675639172418759, 48.098366471996904 ], [ 11.672471665795536, 48.094751456607376 ], [ 11.677623192124344, 48.094286013165849 ], [ 11.682958047411473, 48.092001409754928 ], [ 11.6823549, 48.08819960000001 ], [ 11.6809575, 48.0838042 ], [ 11.681313, 48.0829658 ], [ 11.6835162, 48.0814904 ], [ 11.6840698, 48.079155 ], [ 11.685651, 48.0774915 ], [ 11.6737148, 48.0787812 ], [ 11.6734504, 48.0782127 ], [ 11.6717534, 48.0780549 ], [ 11.6655716, 48.0782116 ], [ 11.6634758, 48.0789937 ], [ 11.6330367, 48.0842769 ], [ 11.633041, 48.0859672 ], [ 11.626585464565922, 48.086801091491907 ], [ 11.6270531, 48.0870743 ], [ 11.626537110390101, 48.087086226593335 ], [ 11.626500185343652, 48.087912374903993 ], [ 11.626038816064774, 48.087969066626506 ], [ 11.625639460668017, 48.087185118883397 ], [ 11.6237095, 48.0873266 ], [ 11.6237531, 48.08811 ], [ 11.616311, 48.0884342 ], [ 11.6147979, 48.0943861 ], [ 11.6082532, 48.0946198 ], [ 11.6059379, 48.0952795 ], [ 11.6042458, 48.0967255 ], [ 11.5999028, 48.1031161 ], [ 11.595481, 48.1137273 ], [ 11.595292, 48.11590660000001 ], [ 11.5963234, 48.1204643 ], [ 11.5977288, 48.122403 ], [ 11.6010786, 48.124374199999984 ], [ 11.6060842, 48.1208409 ], [ 11.6103619, 48.12101 ], [ 11.6241951, 48.1200522 ], [ 11.6380586, 48.1174677 ], [ 11.6424881, 48.1158047 ], [ 11.6495813, 48.1111265 ], [ 11.6550775, 48.1108075 ], [ 11.6575451, 48.1094435 ], [ 11.6611361, 48.1084744 ], [ 11.6668866, 48.1044826 ], [ 11.6649248, 48.1021872 ], [ 11.6650742, 48.1009382 ], [ 11.675639172418759, 48.098366471996904 ] ], [ [ 11.607822542788828, 48.098712857361811 ], [ 11.60970576328428, 48.099163738074111 ], [ 11.612266088034174, 48.099446005270167 ], [ 11.61058612605934, 48.1004925129428 ], [ 11.608507592779361, 48.099815397447458 ], [ 11.607822542788828, 48.098712857361811 ] ] ] } },
{ "type": "Feature", "properties": { "Jarak": "1000m", "Kelas": "Sangat Dekat", "name": "Obergiesing-Fasangarten" }, "geometry": { "type": "Polygon", "coordinates": [ [ [ 11.5736898, 48.1122146 ], [ 11.5757155, 48.1151696 ], [ 11.5767484, 48.1158834 ], [ 11.5770952, 48.1185937 ], [ 11.5950184, 48.121931399999987 ], [ 11.5978378, 48.1228143 ], [ 11.5963876, 48.1206867 ], [ 11.5952542, 48.1151612 ], [ 11.5958244, 48.1125174 ], [ 11.5999028, 48.1031161 ], [ 11.6042458, 48.0967255 ], [ 11.6059379, 48.0952795 ], [ 11.6082532, 48.0946198 ], [ 11.6147979, 48.0943861 ], [ 11.616311, 48.0884342 ], [ 11.615151, 48.0884248 ], [ 11.6151817, 48.0880168 ], [ 11.6116855, 48.0881107 ], [ 11.6118972, 48.0870288 ], [ 11.6064974, 48.086808 ], [ 11.6035253, 48.0850642 ], [ 11.6017741, 48.0873456 ], [ 11.5983569, 48.0865858 ], [ 11.5976965, 48.0858711 ], [ 11.5950305, 48.085429599999983 ], [ 11.5947192, 48.085819099999988 ], [ 11.5945095, 48.0852642 ], [ 11.5926218, 48.0850713 ], [ 11.5918167, 48.0875241 ], [ 11.588558, 48.0934318 ], [ 11.5869189, 48.0938795 ], [ 11.5854243, 48.0935285 ], [ 11.5882977, 48.0946304 ], [ 11.585167, 48.0997108 ], [ 11.5819792, 48.0983407 ], [ 11.5816815, 48.0986466 ], [ 11.5821544, 48.1032454 ], [ 11.5815487, 48.1043306 ], [ 11.5822317, 48.104525 ], [ 11.5789692, 48.109323899999985 ], [ 11.5772951, 48.111125 ], [ 11.5736898, 48.1122146 ] ] ] } },
{ "type": "Feature", "properties": { "Jarak": "2000m", "Kelas": "Dekat", "name": "Trudering-Riem" }, "geometry": { "type": "Polygon", "coordinates": [ [ [ 11.6438786, 48.1151398 ], [ 11.6464527, 48.114460699999988 ], [ 11.6494333, 48.119193 ], [ 11.6500164, 48.1198759 ], [ 11.6507234, 48.11964170000001 ], [ 11.6518179, 48.121152 ], [ 11.6565257, 48.1285182 ], [ 11.6551137, 48.1301005 ], [ 11.6536499, 48.1341265 ], [ 11.6654504, 48.140346 ], [ 11.6636897, 48.1405642 ], [ 11.6651477, 48.1442077 ], [ 11.6648238, 48.1458617 ], [ 11.6670245, 48.1528327 ], [ 11.6670145, 48.1591827 ], [ 11.6709292, 48.1584537 ], [ 11.6798009, 48.1532533 ], [ 11.6781624, 48.144285 ], [ 11.710117, 48.14818 ], [ 11.7134632, 48.1455237 ], [ 11.7109481, 48.1446123 ], [ 11.7127796, 48.143193599999989 ], [ 11.7101299, 48.141854 ], [ 11.7141843, 48.1386774 ], [ 11.7179981, 48.1377062 ], [ 11.720463, 48.13906750000001 ], [ 11.7229099, 48.137117 ], [ 11.7196799, 48.135540599999985 ], [ 11.7204373, 48.134335 ], [ 11.7152706, 48.1327982 ], [ 11.7144568, 48.1340328 ], [ 11.7122674, 48.1333845 ], [ 11.7143702, 48.131365700000011 ], [ 11.7117067, 48.1300689 ], [ 11.7133971, 48.1291073 ], [ 11.7145197, 48.1296081 ], [ 11.7161672, 48.12817410000001 ], [ 11.7139429, 48.124264 ], [ 11.7119885, 48.1229767 ], [ 11.7107359, 48.1240348 ], [ 11.70885, 48.1226348 ], [ 11.7086252, 48.1229634 ], [ 11.7060649, 48.1223646 ], [ 11.7042695, 48.1214437 ], [ 11.6977398, 48.1253464 ], [ 11.6941881, 48.1231033 ], [ 11.6975662, 48.12118 ], [ 11.6960577, 48.119862500000011 ], [ 11.6951246, 48.1203408 ], [ 11.6940418, 48.1193471 ], [ 11.6984629, 48.1179705 ], [ 11.710668, 48.1155572 ], [ 11.708916, 48.1142371 ], [ 11.7145946, 48.1108471 ], [ 11.7127047, 48.10486920000001 ], [ 11.7093428, 48.1025744 ], [ 11.6966424, 48.0974342 ], [ 11.6942302, 48.0971188 ], [ 11.6888833, 48.0949278 ], [ 11.6890564, 48.094008799999976 ], [ 11.6871126, 48.0935434 ], [ 11.683746, 48.0967772 ], [ 11.6811855, 48.0968826 ], [ 11.6650742, 48.1009382 ], [ 11.6649248, 48.1021872 ], [ 11.6668866, 48.1044826 ], [ 11.6611361, 48.1084744 ], [ 11.6575451, 48.1094435 ], [ 11.6550775, 48.1108075 ], [ 11.6495813, 48.1111265 ], [ 11.6438786, 48.1151398 ] ] ] } },
{ "type": "Feature", "properties": { "Jarak": "2000m", "Kelas": "Dekat", "name": "Thalkirchen-Obersendling-Forstenried-Fürstenried-Solln" }, "geometry": { "type": "MultiPolygon", "coordinates": [ [ [ [ 11.4909805, 48.0741023 ], [ 11.4902263, 48.073821 ], [ 11.490724, 48.0742575 ], [ 11.4909805, 48.0741023 ] ] ], [ [ [ 11.4710381, 48.0833143 ], [ 11.4736262, 48.0866661 ], [ 11.4747255, 48.0869866 ], [ 11.476342, 48.0887657 ], [ 11.4747322, 48.0888762 ], [ 11.4720742, 48.0901146 ], [ 11.4734694, 48.092711 ], [ 11.4739679, 48.0957768 ], [ 11.4801135, 48.0975603 ], [ 11.4806425, 48.0964872 ], [ 11.4821496, 48.0953944 ], [ 11.4870363, 48.0960621 ], [ 11.4945725, 48.099265099999982 ], [ 11.4996345, 48.1021588 ], [ 11.5015674, 48.102666 ], [ 11.5063557, 48.0990709 ], [ 11.5085063, 48.0989968 ], [ 11.5088525, 48.1010472 ], [ 11.5101659, 48.1012348 ], [ 11.5101267, 48.1016809 ], [ 11.5121483, 48.10168620000001 ], [ 11.5175268, 48.1045473 ], [ 11.5189167, 48.103103599999983 ], [ 11.5294695, 48.1039414 ], [ 11.5306705, 48.1036338 ], [ 11.5310218, 48.10406420000001 ], [ 11.5335371, 48.1042534 ], [ 11.5336395, 48.105052 ], [ 11.5352966, 48.1052001 ], [ 11.5356209, 48.1035192 ], [ 11.5405922, 48.1039592 ], [ 11.5412849, 48.1018819 ], [ 11.5413613, 48.1031391 ], [ 11.5441241, 48.1054171 ], [ 11.547627, 48.105004 ], [ 11.5480535, 48.1057239 ], [ 11.5509153, 48.1045509 ], [ 11.5515989, 48.1066347 ], [ 11.5520058, 48.1067604 ], [ 11.5524791, 48.1064771 ], [ 11.5523348, 48.1059463 ], [ 11.5551263, 48.1046804 ], [ 11.5505725, 48.101432 ], [ 11.5500778, 48.0997666 ], [ 11.5504119, 48.0913646 ], [ 11.5442369, 48.0838314 ], [ 11.5413264, 48.0778866 ], [ 11.53686, 48.078003899999985 ], [ 11.5330259, 48.077479899999986 ], [ 11.5315304, 48.0761553 ], [ 11.5290508, 48.07194 ], [ 11.5282499, 48.0689844 ], [ 11.5262944, 48.0689891 ], [ 11.5262498, 48.0683357 ], [ 11.5238869, 48.0683743 ], [ 11.5230971, 48.0676607 ], [ 11.5229583, 48.0664605 ], [ 11.5221, 48.0665384 ], [ 11.5221162, 48.0673467 ], [ 11.5188177, 48.0673262 ], [ 11.5190033, 48.0670298 ], [ 11.517575, 48.066269 ], [ 11.5170141, 48.0663671 ], [ 11.5156035, 48.0633629 ], [ 11.5115038, 48.0643994 ], [ 11.5087578, 48.061624399999985 ], [ 11.5042105, 48.0623947 ], [ 11.5036726, 48.0654734 ], [ 11.5030423, 48.065703 ], [ 11.5025769, 48.0669437 ], [ 11.5030212, 48.0669886 ], [ 11.5027329, 48.0681078 ], [ 11.503558, 48.069294199999987 ], [ 11.4872351, 48.0762576 ], [ 11.4866484, 48.0753802 ], [ 11.488005, 48.074964 ], [ 11.4871308, 48.0737735 ], [ 11.4857966, 48.0742165 ], [ 11.4870344, 48.076351099999989 ], [ 11.4733659, 48.0821506 ], [ 11.4729244, 48.0812229 ], [ 11.4719421, 48.0818083 ], [ 11.472374, 48.0822666 ], [ 11.4732555, 48.0821942 ], [ 11.4710381, 48.0833143 ] ] ] ] } },
{ "type": "Feature", "properties": { "Jarak": "2000m", "Kelas": "Dekat", "name": "Sendling-Westpark" }, "geometry": { "type": "Polygon", "coordinates": [ [ [ 11.5014953, 48.1029282 ], [ 11.5021655, 48.1058698 ], [ 11.5026893, 48.125818 ], [ 11.5086301, 48.1252228 ], [ 11.5097548, 48.1265216 ], [ 11.5169679, 48.1298382 ], [ 11.5203745, 48.1327144 ], [ 11.5260961, 48.1364471 ], [ 11.5368342, 48.1284529 ], [ 11.5378242, 48.1256407 ], [ 11.5358932, 48.116642 ], [ 11.5360485, 48.1036113 ], [ 11.5356209, 48.1035192 ], [ 11.5352966, 48.1052001 ], [ 11.5336395, 48.105052 ], [ 11.5335371, 48.1042534 ], [ 11.5310218, 48.10406420000001 ], [ 11.5306705, 48.1036338 ], [ 11.5294695, 48.1039414 ], [ 11.5189167, 48.103103599999983 ], [ 11.5175268, 48.1045473 ], [ 11.5121483, 48.10168620000001 ], [ 11.5101267, 48.1016809 ], [ 11.5101659, 48.1012348 ], [ 11.5088525, 48.1010472 ], [ 11.5085063, 48.0989968 ], [ 11.5063557, 48.0990709 ], [ 11.5023159, 48.1017302 ], [ 11.5014953, 48.1029282 ] ] ] } },
{ "type": "Feature", "properties": { "Jarak": "2000m", "Kelas": "Dekat", "name": "Hadern" }, "geometry": { "type": "Polygon", "coordinates": [ [ [ 11.4630085, 48.1054311 ], [ 11.4636007, 48.1086455 ], [ 11.4631838, 48.1111136 ], [ 11.4633954, 48.1145011 ], [ 11.4650608, 48.1147058 ], [ 11.4656448, 48.1179577 ], [ 11.4655645, 48.120325 ], [ 11.4647654, 48.1230888 ], [ 11.4649715, 48.1282282 ], [ 11.4730181, 48.1294152 ], [ 11.4739049, 48.1300644 ], [ 11.477895, 48.1308367 ], [ 11.4786577, 48.1293154 ], [ 11.4836144, 48.1301689 ], [ 11.4910321, 48.1298177 ], [ 11.4956055, 48.1278116 ], [ 11.4979751, 48.1253976 ], [ 11.5026893, 48.125818 ], [ 11.5021655, 48.1058698 ], [ 11.5015674, 48.102666 ], [ 11.4996345, 48.1021588 ], [ 11.4945725, 48.099265099999982 ], [ 11.4870363, 48.0960621 ], [ 11.4821496, 48.0953944 ], [ 11.4806425, 48.0964872 ], [ 11.4801135, 48.0975603 ], [ 11.4739679, 48.0957768 ], [ 11.470851, 48.0993754 ], [ 11.4748504, 48.1046058 ], [ 11.4696902, 48.1058319 ], [ 11.4696285, 48.1052066 ], [ 11.4630085, 48.1054311 ] ] ] } },
{ "type": "Feature", "properties": { "Jarak": "2000m", "Kelas": "Dekat", "name": "Pasing-Obermenzing" }, "geometry": { "type": "Polygon", "coordinates": [ [ [ 11.4330313, 48.1631112 ], [ 11.4339298, 48.1637622 ], [ 11.4338028, 48.1642596 ], [ 11.4351368, 48.165778599999989 ], [ 11.4403769, 48.1694663 ], [ 11.4381315, 48.1713036 ], [ 11.4394494, 48.1723173 ], [ 11.4379805, 48.1736251 ], [ 11.4375406, 48.1747171 ], [ 11.4427873, 48.1756505 ], [ 11.446209, 48.1752226 ], [ 11.4485228, 48.173787 ], [ 11.4607469, 48.1765221 ], [ 11.4605426, 48.1744827 ], [ 11.4631883, 48.1747968 ], [ 11.4641044, 48.1744261 ], [ 11.4719226, 48.1765744 ], [ 11.4746755, 48.17574290000001 ], [ 11.481866, 48.1708525 ], [ 11.4841272, 48.1722701 ], [ 11.4901697, 48.172565 ], [ 11.490795, 48.1689158 ], [ 11.4912959, 48.168465 ], [ 11.4907366, 48.1677389 ], [ 11.4915416, 48.1676335 ], [ 11.4920034, 48.1652882 ], [ 11.4897391, 48.163993 ], [ 11.4888751, 48.1627437 ], [ 11.4859326, 48.1623007 ], [ 11.4833941, 48.1626848 ], [ 11.482044, 48.1609781 ], [ 11.4812984, 48.1588837 ], [ 11.4817313, 48.1555583 ], [ 11.482679, 48.1534372 ], [ 11.4850844, 48.150467 ], [ 11.4892234, 48.1473789 ], [ 11.4884691, 48.1447048 ], [ 11.4896205, 48.144236 ], [ 11.4880405, 48.1404631 ], [ 11.4857148, 48.1377807 ], [ 11.4834936, 48.1337326 ], [ 11.4827704, 48.131668 ], [ 11.4829761, 48.1301192 ], [ 11.4786577, 48.1293154 ], [ 11.477895, 48.1308367 ], [ 11.4739049, 48.1300644 ], [ 11.4730181, 48.1294152 ], [ 11.4649715, 48.1282282 ], [ 11.4636931, 48.129926 ], [ 11.4620216, 48.1300002 ], [ 11.4621018, 48.1302968 ], [ 11.4594724, 48.1308994 ], [ 11.4601384, 48.1320449 ], [ 11.4513653, 48.1332754 ], [ 11.4511498, 48.1324851 ], [ 11.4497754, 48.1329213 ], [ 11.4481179, 48.1311538 ], [ 11.447041, 48.1330838 ], [ 11.4474667, 48.1335873 ], [ 11.4381326, 48.134613700000024 ], [ 11.4385662, 48.135373 ], [ 11.4363741, 48.1366581 ], [ 11.4438426, 48.1486459 ], [ 11.4475682, 48.1507361 ], [ 11.4532736, 48.1516928 ], [ 11.4535582, 48.1526682 ], [ 11.4476104, 48.1541239 ], [ 11.4403872, 48.158955 ], [ 11.4330313, 48.1631112 ] ] ] } },
{ "type": "Feature", "properties": { "Jarak": "2000m", "Kelas": "Dekat", "name": "Aubing-Lochhausen-Langwied" }, "geometry": { "type": "MultiPolygon", "coordinates": [ [ [ [ 11.396598210878038, 48.125607208073028 ], [ 11.393729909339442, 48.126905705164042 ], [ 11.3930053, 48.1285263 ], [ 11.391471860939319, 48.128199190309715 ], [ 11.388859028921445, 48.130105239014661 ], [ 11.3894088, 48.1316766 ], [ 11.3881907, 48.13457720000001 ], [ 11.3901684, 48.1354416 ], [ 11.3899751, 48.1359786 ], [ 11.3921849, 48.1366638 ], [ 11.3895295, 48.1412227 ], [ 11.3912725, 48.1418913 ], [ 11.3894055, 48.1457461 ], [ 11.3902615, 48.1459832 ], [ 11.389144, 48.1479327 ], [ 11.3872366, 48.1473301 ], [ 11.3855294, 48.1496533 ], [ 11.3840216, 48.1490191 ], [ 11.384282545048428, 48.150254105139091 ], [ 11.387298309013927, 48.15435293740083 ], [ 11.38804787514596, 48.15616373780756 ], [ 11.386603186182498, 48.16083742455703 ], [ 11.386856921914394, 48.164696416422395 ], [ 11.384166353786343, 48.167077496467272 ], [ 11.381826843836018, 48.170237216433264 ], [ 11.379758467743963, 48.175482372975736 ], [ 11.379420904193653, 48.179138339408475 ], [ 11.3810841, 48.1793421 ], [ 11.3831458, 48.1780236 ], [ 11.3853011, 48.177571 ], [ 11.38744, 48.1788823 ], [ 11.3883609, 48.1801284 ], [ 11.3909586, 48.1814875 ], [ 11.3932585, 48.1844601 ], [ 11.3912683, 48.1855524 ], [ 11.3920119, 48.1867844 ], [ 11.3922842, 48.189555399999989 ], [ 11.3905496, 48.1902715 ], [ 11.3907007, 48.1905799 ], [ 11.3885404, 48.1908446 ], [ 11.388703733356023, 48.192025058534355 ], [ 11.392046984341523, 48.193700654561475 ], [ 11.399285505431459, 48.195807634646762 ], [ 11.404487685061637, 48.196387111331489 ], [ 11.412357103993195, 48.195963029309432 ], [ 11.417848050908068, 48.194740523243198 ], [ 11.424488149513884, 48.191885625716687 ], [ 11.42960205007345, 48.187864638984387 ], [ 11.432749474438225, 48.183024070543169 ], [ 11.433822712547792, 48.177404318833354 ], [ 11.434589337039855, 48.177627241693394 ], [ 11.435265629181233, 48.182745196380942 ], [ 11.434162941429349, 48.185109157479296 ], [ 11.4375365, 48.1835935 ], [ 11.4365456, 48.1823548 ], [ 11.4365731, 48.1794343 ], [ 11.4376111, 48.1782087 ], [ 11.4418876, 48.17539810000001 ], [ 11.4375406, 48.1747171 ], [ 11.4379805, 48.1736251 ], [ 11.4394494, 48.1723173 ], [ 11.4381315, 48.1713036 ], [ 11.4403769, 48.1694663 ], [ 11.4351368, 48.165778599999989 ], [ 11.4338028, 48.1642596 ], [ 11.4339298, 48.1637622 ], [ 11.4329268, 48.1630326 ], [ 11.4403872, 48.158955 ], [ 11.4476104, 48.1541239 ], [ 11.4535582, 48.1526682 ], [ 11.4532736, 48.1516928 ], [ 11.4475682, 48.1507361 ], [ 11.4440887, 48.1488718 ], [ 11.4423578, 48.1467098 ], [ 11.4360395, 48.1361104 ], [ 11.4346193, 48.1368894 ], [ 11.4299801, 48.13755590000001 ], [ 11.4276252, 48.1369359 ], [ 11.4262618, 48.136538 ], [ 11.4247077, 48.1353412 ], [ 11.4233438, 48.133017700000011 ], [ 11.42237, 48.1323143 ], [ 11.4128816, 48.127491 ], [ 11.4089641, 48.1261967 ], [ 11.4022722, 48.1251677 ], [ 11.396598210878038, 48.125607208073028 ] ] ], [ [ [ 11.43282741238702, 48.189209712516231 ], [ 11.432810110144381, 48.194427983156238 ], [ 11.434970010213972, 48.199504954982785 ], [ 11.439216415297723, 48.203922442664926 ], [ 11.4424273, 48.203869 ], [ 11.438731, 48.202066699999989 ], [ 11.4368118, 48.19952450000001 ], [ 11.4365463, 48.197911 ], [ 11.4376111, 48.1925669 ], [ 11.4375126, 48.189887400000011 ], [ 11.43282741238702, 48.189209712516231 ] ] ] ] } },
{ "type": "Feature", "properties": { "Jarak": "2000m", "Kelas": "Dekat", "name": "Allach-Untermenzing" }, "geometry": { "type": "Polygon", "coordinates": [ [ [ 11.434162941429349, 48.185109157479296 ], [ 11.43282741238702, 48.189209712516231 ], [ 11.4375126, 48.189887400000011 ], [ 11.4376111, 48.1925669 ], [ 11.4365463, 48.197911 ], [ 11.4370479, 48.2000653 ], [ 11.4391802, 48.2023961 ], [ 11.4424273, 48.203869 ], [ 11.43924195464154, 48.203943997038387 ], [ 11.444464745085845, 48.206994772040744 ], [ 11.4576008, 48.2087996 ], [ 11.4590604, 48.2115776 ], [ 11.4605009, 48.2120246 ], [ 11.4604103, 48.213196099999983 ], [ 11.4627361, 48.2151068 ], [ 11.4723219, 48.2192144 ], [ 11.4770563, 48.219553799999986 ], [ 11.4845193, 48.2128558 ], [ 11.4846566, 48.2105606 ], [ 11.4822822, 48.2098806 ], [ 11.482865, 48.202885 ], [ 11.4816383, 48.2015707 ], [ 11.4816251, 48.2003152 ], [ 11.4661339, 48.2052107 ], [ 11.4656757, 48.2047073 ], [ 11.4726053, 48.2020821 ], [ 11.4752421, 48.1996539 ], [ 11.4777412, 48.198266 ], [ 11.4896169, 48.1947989 ], [ 11.4892716, 48.1947773 ], [ 11.4904641, 48.189561 ], [ 11.4898648, 48.187781 ], [ 11.4897921, 48.1796665 ], [ 11.4893659, 48.1793206 ], [ 11.4887394, 48.1750415 ], [ 11.4894385, 48.1751031 ], [ 11.4893453, 48.1742423 ], [ 11.4904508, 48.1741852 ], [ 11.4905496, 48.1726582 ], [ 11.4841272, 48.1722701 ], [ 11.481866, 48.1708525 ], [ 11.4746755, 48.17574290000001 ], [ 11.4719226, 48.1765744 ], [ 11.4641044, 48.1744261 ], [ 11.4631883, 48.1747968 ], [ 11.4605426, 48.1744827 ], [ 11.4607469, 48.1765221 ], [ 11.4485228, 48.173787 ], [ 11.4454708, 48.1754515 ], [ 11.4418876, 48.17539810000001 ], [ 11.4376111, 48.1782087 ], [ 11.4365731, 48.1794343 ], [ 11.4364806, 48.1802091 ], [ 11.4365456, 48.1823548 ], [ 11.4375365, 48.1835935 ], [ 11.434162941429349, 48.185109157479296 ] ] ] } },
{ "type": "Feature", "properties": { "Jarak": "2000m", "Kelas": "Dekat", "name": "Feldmoching-Hasenbergl" }, "geometry": { "type": "Polygon", "coordinates": [ [ [ 11.488510153450607, 48.229474447277155 ], [ 11.492342458016696, 48.226278021326273 ], [ 11.495486114015121, 48.221435825545399 ], [ 11.496390591142946, 48.216192335135133 ], [ 11.495380509445305, 48.211940552694429 ], [ 11.502098847619312, 48.214292084186042 ], [ 11.501615003321557, 48.218236993498962 ], [ 11.502302883660638, 48.221732781056481 ], [ 11.50399828862712, 48.225071694870856 ], [ 11.506636227774122, 48.228125377192079 ], [ 11.512129856471756, 48.231918366877792 ], [ 11.519035604190771, 48.234482160836585 ], [ 11.528187076902384, 48.235611218922642 ], [ 11.5298501, 48.2324408 ], [ 11.5311184, 48.2313437 ], [ 11.5340096, 48.2314164 ], [ 11.5339469, 48.2304904 ], [ 11.5417649, 48.2291812 ], [ 11.5416825, 48.2288405 ], [ 11.5432765, 48.2287567 ], [ 11.5435745, 48.2294385 ], [ 11.5442711, 48.229276 ], [ 11.5441915, 48.2287072 ], [ 11.5452022, 48.2277596 ], [ 11.5474284, 48.2269969 ], [ 11.5649439, 48.227242899999986 ], [ 11.5632438, 48.2248238 ], [ 11.5646145, 48.2228863 ], [ 11.564011, 48.222743 ], [ 11.5644909, 48.2218295 ], [ 11.5623047, 48.2200228 ], [ 11.5631203, 48.2197416 ], [ 11.5620171, 48.2166944 ], [ 11.5656138, 48.190576 ], [ 11.5493798, 48.1902164 ], [ 11.5379953, 48.1884864 ], [ 11.5342113, 48.188506499999988 ], [ 11.5117911, 48.1937104 ], [ 11.5055752, 48.196376799999989 ], [ 11.4944189, 48.1988135 ], [ 11.4883202, 48.1989196 ], [ 11.4816251, 48.2003152 ], [ 11.4816383, 48.2015707 ], [ 11.482865, 48.202885 ], [ 11.4822822, 48.2098806 ], [ 11.4846566, 48.2105606 ], [ 11.4845193, 48.2128558 ], [ 11.4770563, 48.219553799999986 ], [ 11.4774271, 48.2199989 ], [ 11.4910806, 48.2230962 ], [ 11.4888895, 48.2234665 ], [ 11.488066, 48.226256 ], [ 11.488510153450607, 48.229474447277155 ] ] ] } },
{ "type": "Feature", "properties": { "Jarak": "2000m", "Kelas": "Dekat", "name": "Moosach" }, "geometry": { "type": "Polygon", "coordinates": [ [ [ 11.481646, 48.2003084 ], [ 11.4883202, 48.1989196 ], [ 11.4944189, 48.1988135 ], [ 11.5055752, 48.196376799999989 ], [ 11.5117911, 48.1937104 ], [ 11.5342113, 48.188506499999988 ], [ 11.5415431, 48.1889348 ], [ 11.5399119, 48.1809504 ], [ 11.5404987, 48.1761675 ], [ 11.5386393, 48.17168370000001 ], [ 11.5380763, 48.1682125 ], [ 11.5352152, 48.1673367 ], [ 11.5348342, 48.1680317 ], [ 11.5324207, 48.1673931 ], [ 11.5318594, 48.167535399999984 ], [ 11.5309968, 48.1693706 ], [ 11.516338, 48.1677556 ], [ 11.5107303, 48.169913599999987 ], [ 11.5097372, 48.1675637 ], [ 11.4987311, 48.1676637 ], [ 11.4983534, 48.166657 ], [ 11.4967818, 48.1668264 ], [ 11.4964163, 48.1657041 ], [ 11.497146, 48.1655125 ], [ 11.4958861, 48.1653916 ], [ 11.4937256, 48.1660173 ], [ 11.4917641, 48.1655516 ], [ 11.4915416, 48.1676335 ], [ 11.4907366, 48.1677389 ], [ 11.4912959, 48.168465 ], [ 11.4904398, 48.1705299 ], [ 11.4901357, 48.1725998 ], [ 11.4905496, 48.1726582 ], [ 11.4904508, 48.1741852 ], [ 11.4893453, 48.1742423 ], [ 11.4894385, 48.1751031 ], [ 11.4887394, 48.1750415 ], [ 11.4893659, 48.1793206 ], [ 11.4897921, 48.1796665 ], [ 11.4898648, 48.187781 ], [ 11.4904641, 48.189561 ], [ 11.4892716, 48.1947773 ], [ 11.4896169, 48.1947989 ], [ 11.4777412, 48.198266 ], [ 11.4752421, 48.1996539 ], [ 11.4726053, 48.2020821 ], [ 11.4656757, 48.2047073 ], [ 11.4661339, 48.2052107 ], [ 11.481646, 48.2003084 ] ] ] } },
{ "type": "Feature", "properties": { "Jarak": "2000m", "Kelas": "Dekat", "name": "Neuhausen-Nymphenburg" }, "geometry": { "type": "Polygon", "coordinates": [ [ [ 11.4812644, 48.1576153 ], [ 11.4816866, 48.1602561 ], [ 11.4833941, 48.1626848 ], [ 11.4859326, 48.1623007 ], [ 11.4888751, 48.1627437 ], [ 11.4897391, 48.163993 ], [ 11.4920034, 48.1652882 ], [ 11.4917641, 48.1655516 ], [ 11.4937256, 48.1660173 ], [ 11.4958861, 48.1653916 ], [ 11.497146, 48.1655125 ], [ 11.4964163, 48.1657041 ], [ 11.4967818, 48.1668264 ], [ 11.4983534, 48.166657 ], [ 11.4987311, 48.1676637 ], [ 11.5097372, 48.1675637 ], [ 11.5107303, 48.169913599999987 ], [ 11.5165378, 48.1677464 ], [ 11.5309968, 48.1693706 ], [ 11.5318594, 48.167535399999984 ], [ 11.5348342, 48.1680317 ], [ 11.5352152, 48.1673367 ], [ 11.5444501, 48.1700236 ], [ 11.5455727, 48.1698942 ], [ 11.5481446, 48.1705981 ], [ 11.549809, 48.1684378 ], [ 11.5530778, 48.1683945 ], [ 11.5544974, 48.167737 ], [ 11.5531993, 48.1661672 ], [ 11.5529571, 48.1614903 ], [ 11.5514, 48.1614715 ], [ 11.5496329, 48.1606815 ], [ 11.5559883, 48.1554314 ], [ 11.5494704, 48.1518984 ], [ 11.5479676, 48.149576 ], [ 11.5467612, 48.1498163 ], [ 11.5389232, 48.1427959 ], [ 11.5355366, 48.1425378 ], [ 11.5196439, 48.1435858 ], [ 11.5114841, 48.143364599999984 ], [ 11.4924826, 48.1461131 ], [ 11.4879794, 48.1480652 ], [ 11.4842648, 48.1512565 ], [ 11.4825333, 48.153708899999984 ], [ 11.4812644, 48.1576153 ] ] ] } },
{ "type": "Feature", "properties": { "Jarak": "2000m", "Kelas": "Dekat", "name": "Laim" }, "geometry": { "type": "Polygon", "coordinates": [ [ [ 11.4829761, 48.1301192 ], [ 11.4828771, 48.1321852 ], [ 11.484627, 48.1359639 ], [ 11.4888185, 48.1420644 ], [ 11.4896205, 48.144236 ], [ 11.4884691, 48.1447048 ], [ 11.4892234, 48.1473789 ], [ 11.4924826, 48.1461131 ], [ 11.4966336, 48.1452428 ], [ 11.5102658, 48.1434747 ], [ 11.5196439, 48.1435858 ], [ 11.534393, 48.1428022 ], [ 11.5341677, 48.14138650000001 ], [ 11.5311356, 48.1416484 ], [ 11.527221, 48.1404852 ], [ 11.5263647, 48.1392711 ], [ 11.5265195, 48.1368679 ], [ 11.5260961, 48.1364471 ], [ 11.5203745, 48.1327144 ], [ 11.5169679, 48.1298382 ], [ 11.5097548, 48.1265216 ], [ 11.5086301, 48.1252228 ], [ 11.5026893, 48.125818 ], [ 11.4979751, 48.1253976 ], [ 11.4965548, 48.1271219 ], [ 11.4925593, 48.129401199999982 ], [ 11.4882502, 48.130076 ], [ 11.4829761, 48.1301192 ] ] ] } },
{ "type": "Feature", "properties": { "Jarak": "2000m", "Kelas": "Dekat", "name": "Munchen" }, "geometry": { "type": "Polygon", "coordinates": [ [ [ 11.5260254, 48.1365154 ], [ 11.5265195, 48.1368679 ], [ 11.5261927, 48.1385266 ], [ 11.5270008, 48.1403287 ], [ 11.5308742, 48.1416114 ], [ 11.5341677, 48.14138650000001 ], [ 11.534393, 48.1428022 ], [ 11.5484296, 48.1420785 ], [ 11.5481329, 48.1404132 ], [ 11.5469829, 48.139267099999984 ], [ 11.5497884, 48.1388534 ], [ 11.5494795, 48.136570499999983 ], [ 11.5475018, 48.1349299 ], [ 11.5471013, 48.1328926 ], [ 11.5461886, 48.1316542 ], [ 11.5465712, 48.1304925 ], [ 11.5455058, 48.129388199999987 ], [ 11.5441974, 48.1263733 ], [ 11.5409242, 48.1280417 ], [ 11.5354245, 48.1298569 ], [ 11.5260254, 48.1365154 ] ] ] } },
{ "type": "Feature", "properties": { "Jarak": "2000m", "Kelas": "Dekat", "name": "Ludwigsvorstadt-Isarvorstadt" }, "geometry": { "type": "Polygon", "coordinates": [ [ [ 11.5442511, 48.1264158 ], [ 11.5455058, 48.129388199999987 ], [ 11.5465712, 48.1304925 ], [ 11.5461886, 48.1316542 ], [ 11.5471013, 48.1328926 ], [ 11.5475018, 48.1349299 ], [ 11.5497252, 48.137139500000011 ], [ 11.5497884, 48.1388534 ], [ 11.5469829, 48.139267099999984 ], [ 11.5481329, 48.1404132 ], [ 11.5484813, 48.1436281 ], [ 11.5607382, 48.1411604 ], [ 11.5656152, 48.1396028 ], [ 11.5648391, 48.1363834 ], [ 11.5673026, 48.1326527 ], [ 11.5670503, 48.1323885 ], [ 11.5682906, 48.1314018 ], [ 11.570566, 48.1308958 ], [ 11.5748376, 48.1333083 ], [ 11.5796828, 48.133961 ], [ 11.5828351, 48.1338978 ], [ 11.5835343, 48.1329773 ], [ 11.5874224, 48.131568799999982 ], [ 11.5838952, 48.128481 ], [ 11.5808716, 48.1281174 ], [ 11.5783283, 48.1271279 ], [ 11.5650238, 48.1199265 ], [ 11.5625129, 48.117857 ], [ 11.5442511, 48.1264158 ] ] ] } },
{ "type": "Feature", "properties": { "Jarak": "2000m", "Kelas": "Dekat", "name": "Sendling" }, "geometry": { "type": "Polygon", "coordinates": [ [ [ 11.5356656, 48.1298819 ], [ 11.5412254, 48.1279166 ], [ 11.5625129, 48.117857 ], [ 11.5608807, 48.1158649 ], [ 11.5609237, 48.1131599 ], [ 11.561671, 48.1099468 ], [ 11.5608331, 48.1080122 ], [ 11.5556324, 48.1044558 ], [ 11.5523348, 48.1059463 ], [ 11.5524791, 48.1064771 ], [ 11.5520058, 48.1067604 ], [ 11.5515989, 48.1066347 ], [ 11.5509153, 48.1045509 ], [ 11.5480535, 48.1057239 ], [ 11.547627, 48.105004 ], [ 11.5441241, 48.1054171 ], [ 11.5413613, 48.1031391 ], [ 11.5412849, 48.1018819 ], [ 11.5405922, 48.1039592 ], [ 11.5360485, 48.1036113 ], [ 11.5358932, 48.116642 ], [ 11.5378285, 48.1258066 ], [ 11.5372806, 48.1277571 ], [ 11.5356656, 48.1298819 ] ] ] } },
{ "type": "Feature", "properties": { "Jarak": "2000m", "Kelas": "Dekat", "name": "Milbertshofen-Am Hart" }, "geometry": { "type": "Polygon", "coordinates": [ [ [ 11.581737619433566, 48.228513862030375 ], [ 11.584353054018857, 48.223845982516757 ], [ 11.587439075193906, 48.221997294231848 ], [ 11.5876881, 48.2131632 ], [ 11.5853029, 48.2009623 ], [ 11.5906096, 48.2014387 ], [ 11.5897468, 48.196776299999989 ], [ 11.5890963, 48.196862899999985 ], [ 11.5892565, 48.1948349 ], [ 11.5888191, 48.1933775 ], [ 11.5840129, 48.1930204 ], [ 11.5852675, 48.1776424 ], [ 11.5733961, 48.1780331 ], [ 11.5653739, 48.1760897 ], [ 11.5584545, 48.1761013 ], [ 11.5603963, 48.174118 ], [ 11.5615827, 48.1684342 ], [ 11.556883, 48.1685091 ], [ 11.5544974, 48.167737 ], [ 11.5530778, 48.1683945 ], [ 11.5502062, 48.1682746 ], [ 11.5481446, 48.1705981 ], [ 11.5380763, 48.1682125 ], [ 11.5386393, 48.17168370000001 ], [ 11.5404987, 48.1761675 ], [ 11.5399119, 48.1809504 ], [ 11.5415431, 48.1889348 ], [ 11.5493798, 48.1902164 ], [ 11.5656138, 48.190576 ], [ 11.5620171, 48.2166944 ], [ 11.5631203, 48.2197416 ], [ 11.5623047, 48.2200228 ], [ 11.5644909, 48.2218295 ], [ 11.564011, 48.222743 ], [ 11.5646145, 48.2228863 ], [ 11.5632438, 48.2248238 ], [ 11.5649439, 48.227242899999986 ], [ 11.581737619433566, 48.228513862030375 ] ] ] } },
{ "type": "Feature", "properties": { "Jarak": "2000m", "Kelas": "Dekat", "name": "Maxvorstadt" }, "geometry": { "type": "Polygon", "coordinates": [ [ [ 11.538996, 48.1429203 ], [ 11.5467612, 48.1498163 ], [ 11.5479676, 48.149576 ], [ 11.5494704, 48.1518984 ], [ 11.5600429, 48.1576343 ], [ 11.5637736, 48.1569453 ], [ 11.5701136, 48.1565971 ], [ 11.575357, 48.155158299999989 ], [ 11.5826803, 48.15414950000001 ], [ 11.5817542, 48.152409199999987 ], [ 11.5820592, 48.1521077 ], [ 11.5852603, 48.1517017 ], [ 11.5876976, 48.1532788 ], [ 11.5881922, 48.1528542 ], [ 11.5860859, 48.1500915 ], [ 11.5848407, 48.149874499999989 ], [ 11.5850954, 48.14723510000001 ], [ 11.5834446, 48.1431869 ], [ 11.5783692, 48.1442706 ], [ 11.5775925, 48.1426122 ], [ 11.5737805, 48.1434077 ], [ 11.5693452, 48.1417194 ], [ 11.5656152, 48.1396028 ], [ 11.5607382, 48.1411604 ], [ 11.5484813, 48.1436281 ], [ 11.5484296, 48.1420785 ], [ 11.538996, 48.1429203 ] ] ] } },
{ "type": "Feature", "properties": { "Jarak": "2000m", "Kelas": "Dekat", "name": "Schwabing-West" }, "geometry": { "type": "Polygon", "coordinates": [ [ [ 11.5496329, 48.1606815 ], [ 11.5514, 48.1614715 ], [ 11.5529571, 48.1614903 ], [ 11.5531993, 48.1661672 ], [ 11.5544974, 48.167737 ], [ 11.556883, 48.1685091 ], [ 11.5615827, 48.1684342 ], [ 11.5603963, 48.174118 ], [ 11.5584545, 48.1761013 ], [ 11.5653739, 48.1760897 ], [ 11.5733961, 48.1780331 ], [ 11.5852675, 48.1776424 ], [ 11.5853638, 48.1765821 ], [ 11.5816337, 48.1762682 ], [ 11.5831478, 48.1693203 ], [ 11.5826236, 48.1671446 ], [ 11.5791683, 48.167113200000017 ], [ 11.579054, 48.1666795 ], [ 11.579937, 48.1628756 ], [ 11.5796673, 48.1611367 ], [ 11.5803956, 48.1610771 ], [ 11.5792853, 48.1546807 ], [ 11.575357, 48.155158299999989 ], [ 11.5701136, 48.1565971 ], [ 11.5637736, 48.1569453 ], [ 11.5600429, 48.1576343 ], [ 11.5559883, 48.1554314 ], [ 11.5496329, 48.1606815 ] ] ] } },
{ "type": "Feature", "properties": { "Jarak": "2000m", "Kelas": "Dekat", "name": "Schwabing-Freimann" }, "geometry": { "type": "Polygon", "coordinates": [ [ [ 11.610806919053335, 48.220227486240681 ], [ 11.617350276940646, 48.218899975849254 ], [ 11.623981874240457, 48.216033704771455 ], [ 11.629082110307868, 48.212004097010976 ], [ 11.63166233775018, 48.208567512621563 ], [ 11.639701900393634, 48.204626654202151 ], [ 11.6386897, 48.2028854 ], [ 11.6385162, 48.2001565 ], [ 11.6377992, 48.1978661 ], [ 11.6327349, 48.1890134 ], [ 11.6292562, 48.1843291 ], [ 11.6315335, 48.1830639 ], [ 11.630186, 48.1820887 ], [ 11.6283684, 48.179466399999988 ], [ 11.6263643, 48.1806396 ], [ 11.5981671, 48.1493472 ], [ 11.59408, 48.1516584 ], [ 11.5912749, 48.1564912 ], [ 11.5894224, 48.1565684 ], [ 11.5900234, 48.1544856 ], [ 11.5881922, 48.1528542 ], [ 11.5876976, 48.1532788 ], [ 11.5852603, 48.1517017 ], [ 11.5819851, 48.152122 ], [ 11.5817542, 48.152409199999987 ], [ 11.5826803, 48.15414950000001 ], [ 11.5792853, 48.1546807 ], [ 11.5803956, 48.1610771 ], [ 11.5796673, 48.1611367 ], [ 11.579937, 48.1628756 ], [ 11.579054, 48.1666795 ], [ 11.5791683, 48.167113200000017 ], [ 11.5826236, 48.1671446 ], [ 11.5831478, 48.1693203 ], [ 11.5816337, 48.1762682 ], [ 11.5853638, 48.1765821 ], [ 11.5840129, 48.1930204 ], [ 11.5888191, 48.1933775 ], [ 11.5892565, 48.1948349 ], [ 11.5890963, 48.196862899999985 ], [ 11.5897468, 48.196776299999989 ], [ 11.5903301, 48.1987267 ], [ 11.5898877, 48.1987772 ], [ 11.5906096, 48.2014387 ], [ 11.5853029, 48.2009623 ], [ 11.5877192, 48.21348110000001 ], [ 11.6018342, 48.2133525 ], [ 11.6015143, 48.2149446 ], [ 11.6020336, 48.215108 ], [ 11.6018313, 48.2168632 ], [ 11.6049988, 48.2174771 ], [ 11.604813, 48.2183323 ], [ 11.606269, 48.218402 ], [ 11.6061897, 48.2191897 ], [ 11.6108532, 48.2189434 ], [ 11.6115803, 48.2191392 ], [ 11.610806919053335, 48.220227486240681 ] ] ] } },
{ "type": "Feature", "properties": { "Jarak": "2000m", "Kelas": "Dekat", "name": "Altstadt-Lehel" }, "geometry": { "type": "Polygon", "coordinates": [ [ [ 11.5651736, 48.1387495 ], [ 11.5664281, 48.1402437 ], [ 11.5737805, 48.1434077 ], [ 11.5775925, 48.1426122 ], [ 11.5783692, 48.1442706 ], [ 11.5834446, 48.1431869 ], [ 11.5850954, 48.14723510000001 ], [ 11.5848407, 48.149874499999989 ], [ 11.5860859, 48.1500915 ], [ 11.5883307, 48.1530181 ], [ 11.5896074, 48.1538429 ], [ 11.5900572, 48.15482260000001 ], [ 11.5894224, 48.1565684 ], [ 11.5916737, 48.1563443 ], [ 11.59408, 48.1516584 ], [ 11.5981671, 48.1493472 ], [ 11.5962983, 48.1469073 ], [ 11.594218, 48.140395 ], [ 11.5929647, 48.1390123 ], [ 11.5901875, 48.1372656 ], [ 11.5924418, 48.1380932 ], [ 11.5905446, 48.1356189 ], [ 11.588538, 48.1347803 ], [ 11.5874736, 48.1335406 ], [ 11.5880507, 48.1333753 ], [ 11.586525, 48.131746 ], [ 11.5835343, 48.1329773 ], [ 11.5828351, 48.1338978 ], [ 11.5795816, 48.1339597 ], [ 11.5748376, 48.1333083 ], [ 11.570566, 48.1308958 ], [ 11.5682906, 48.1314018 ], [ 11.5670503, 48.1323885 ], [ 11.5673026, 48.1326527 ], [ 11.5648391, 48.1363834 ], [ 11.5651736, 48.1387495 ] ] ] } },
{ "type": "Feature", "properties": { "Jarak": "2000m", "Kelas": "Dekat", "name": "Bogenhausen" }, "geometry": { "type": "Polygon", "coordinates": [ [ [ 11.668032638550358, 48.182497400719448 ], [ 11.676278260750138, 48.178491794777152 ], [ 11.680755326764215, 48.174145566813969 ], [ 11.683152754295635, 48.169117181948216 ], [ 11.683455995050016, 48.165360268331142 ], [ 11.6742158, 48.156714 ], [ 11.6707721, 48.1585213 ], [ 11.6670145, 48.1591827 ], [ 11.6670245, 48.1528327 ], [ 11.6648238, 48.1458617 ], [ 11.6651477, 48.1442077 ], [ 11.6636897, 48.1405642 ], [ 11.6654504, 48.140346 ], [ 11.6618825, 48.1383364 ], [ 11.6536499, 48.1341265 ], [ 11.6531266, 48.1354075 ], [ 11.6400327, 48.13650160000001 ], [ 11.6358549, 48.1362455 ], [ 11.6329566, 48.1352472 ], [ 11.6293475, 48.1358722 ], [ 11.6237608, 48.1359544 ], [ 11.6186693, 48.13504420000001 ], [ 11.618003, 48.1367312 ], [ 11.6198523, 48.1369737 ], [ 11.6193453, 48.1380893 ], [ 11.6130096, 48.1382549 ], [ 11.6065245, 48.1391697 ], [ 11.6064728, 48.138719899999984 ], [ 11.6048818, 48.1382131 ], [ 11.6047535, 48.137672799999983 ], [ 11.6040417, 48.1377561 ], [ 11.6026865, 48.1381362 ], [ 11.6030617, 48.140094199999986 ], [ 11.5972021, 48.1411092 ], [ 11.5958645, 48.1403129 ], [ 11.5955871, 48.1415421 ], [ 11.5947898, 48.1417059 ], [ 11.5968686, 48.1478513 ], [ 11.6263643, 48.1806396 ], [ 11.6283684, 48.179466399999988 ], [ 11.627706, 48.177304399999983 ], [ 11.6304297, 48.1771078 ], [ 11.6314002, 48.1778753 ], [ 11.6372115, 48.1764448 ], [ 11.6358903, 48.174917 ], [ 11.6410058, 48.1733964 ], [ 11.6413408, 48.1739388 ], [ 11.6458544, 48.1736881 ], [ 11.6457021, 48.1739785 ], [ 11.6482684, 48.1741321 ], [ 11.6482612, 48.1745231 ], [ 11.6509888, 48.1745453 ], [ 11.6509408, 48.1749964 ], [ 11.6655252, 48.1761816 ], [ 11.6655143, 48.1770181 ], [ 11.6610878, 48.1796436 ], [ 11.6610123, 48.181687599999989 ], [ 11.6616288, 48.1818785 ], [ 11.6622045, 48.1828884 ], [ 11.668032638550358, 48.182497400719448 ] ] ] } },
{ "type": "Feature", "properties": { "Jarak": "2000m", "Kelas": "Dekat", "name": "Au-Haidhausen" }, "geometry": { "type": "Polygon", "coordinates": [ [ [ 11.5694778, 48.1223204 ], [ 11.5786773, 48.1272801 ], [ 11.5841514, 48.12865 ], [ 11.5872839, 48.1312901 ], [ 11.5874224, 48.131568799999982 ], [ 11.586568, 48.1319001 ], [ 11.5880507, 48.1333753 ], [ 11.5874736, 48.1335406 ], [ 11.588538, 48.1347803 ], [ 11.5905446, 48.1356189 ], [ 11.5924418, 48.1380932 ], [ 11.5901875, 48.1372656 ], [ 11.5932111, 48.1392221 ], [ 11.5947898, 48.1417059 ], [ 11.5955871, 48.1415421 ], [ 11.5958645, 48.1403129 ], [ 11.5972021, 48.1411092 ], [ 11.6030617, 48.140094199999986 ], [ 11.6026865, 48.1381362 ], [ 11.6040417, 48.1377561 ], [ 11.6047535, 48.137672799999983 ], [ 11.6048818, 48.1382131 ], [ 11.6064728, 48.138719899999984 ], [ 11.6065245, 48.1391697 ], [ 11.6130096, 48.1382549 ], [ 11.6193453, 48.1380893 ], [ 11.6194717, 48.1371607 ], [ 11.6198028, 48.1371901 ], [ 11.618003, 48.1367312 ], [ 11.6190103, 48.1338664 ], [ 11.6160548, 48.1336377 ], [ 11.6131584, 48.1325542 ], [ 11.6089803, 48.128553 ], [ 11.6033146, 48.1247969 ], [ 11.6014909, 48.124665899999982 ], [ 11.5980486, 48.1225959 ], [ 11.5774899, 48.1185823 ], [ 11.5695863, 48.121654 ], [ 11.5694778, 48.1223204 ] ] ] } },
{ "type": "Feature", "properties": { "Jarak": "2000m", "Kelas": "Dekat", "name": "Berg am Laim" }, "geometry": { "type": "Polygon", "coordinates": [ [ [ 11.6011678, 48.1244481 ], [ 11.6033146, 48.1247969 ], [ 11.6087116, 48.1283615 ], [ 11.6131584, 48.1325542 ], [ 11.6160548, 48.1336377 ], [ 11.6190103, 48.1338664 ], [ 11.6186693, 48.13504420000001 ], [ 11.6237608, 48.1359544 ], [ 11.6293475, 48.1358722 ], [ 11.6329566, 48.1352472 ], [ 11.6358549, 48.1362455 ], [ 11.6396624, 48.136511199999987 ], [ 11.6531266, 48.1354075 ], [ 11.6551137, 48.1301005 ], [ 11.6565257, 48.1285182 ], [ 11.6518179, 48.121152 ], [ 11.6507234, 48.11964170000001 ], [ 11.6500164, 48.1198759 ], [ 11.6494333, 48.119193 ], [ 11.6464527, 48.114460699999988 ], [ 11.6436919, 48.1150839 ], [ 11.6380586, 48.1174677 ], [ 11.6258278, 48.119829 ], [ 11.6103619, 48.12101 ], [ 11.6060842, 48.1208409 ], [ 11.6011678, 48.1244481 ] ] ] } },
{ "type": "Feature", "properties": { "Jarak": "2000m", "Kelas": "Dekat", "name": "Untergiesing-Harlaching" }, "geometry": { "type": "MultiPolygon", "coordinates": [ [ [ [ 11.5560672, 48.0799449 ], [ 11.5563954, 48.0804318 ], [ 11.5577562, 48.0795803 ], [ 11.5569527, 48.0793801 ], [ 11.5560672, 48.0799449 ] ] ], [ [ [ 11.5413264, 48.0778866 ], [ 11.5442369, 48.0838314 ], [ 11.5504119, 48.0913646 ], [ 11.5500778, 48.0997666 ], [ 11.5506255, 48.1015233 ], [ 11.5551263, 48.1046804 ], [ 11.5556324, 48.1044558 ], [ 11.5596875, 48.1069933 ], [ 11.5613381, 48.1087743 ], [ 11.5616668, 48.1101541 ], [ 11.5608533, 48.1151921 ], [ 11.5611972, 48.1164938 ], [ 11.5645454, 48.1196145 ], [ 11.5693244, 48.1222148 ], [ 11.5695863, 48.121654 ], [ 11.5769887, 48.118762 ], [ 11.5767484, 48.1158834 ], [ 11.5757155, 48.1151696 ], [ 11.5736898, 48.1122146 ], [ 11.5764092, 48.1115218 ], [ 11.5780146, 48.1105831 ], [ 11.5822317, 48.104525 ], [ 11.5815487, 48.1043306 ], [ 11.5821544, 48.1032454 ], [ 11.5816815, 48.0986466 ], [ 11.5819792, 48.0983407 ], [ 11.585167, 48.0997108 ], [ 11.5882977, 48.0946304 ], [ 11.5744301, 48.0893368 ], [ 11.5743819, 48.0888153 ], [ 11.5732319, 48.0888993 ], [ 11.5629144, 48.0851799 ], [ 11.5624875, 48.0836047 ], [ 11.5539743, 48.0850231 ], [ 11.5491556, 48.0748689 ], [ 11.5499136, 48.0746572 ], [ 11.5490322, 48.0746059 ], [ 11.5454241, 48.0681278 ], [ 11.5440667, 48.0683123 ], [ 11.5439683, 48.0719453 ], [ 11.5431318, 48.0730499 ], [ 11.5436028, 48.0735282 ], [ 11.5426646, 48.0745128 ], [ 11.5417552, 48.0745914 ], [ 11.541585, 48.0755009 ], [ 11.5423719, 48.0778567 ], [ 11.5413264, 48.0778866 ] ] ] ] } },
{ "type": "Feature", "properties": { "Jarak": "2000m", "Kelas": "Dekat", "name": "Ramersdorf-Perlach" }, "geometry": { "type": "Polygon", "coordinates": [ [ [ 11.5981361, 48.12265330000001 ], [ 11.6010786, 48.124374199999984 ], [ 11.6060842, 48.1208409 ], [ 11.6103619, 48.12101 ], [ 11.6241951, 48.1200522 ], [ 11.6380586, 48.1174677 ], [ 11.6424881, 48.1158047 ], [ 11.6495813, 48.1111265 ], [ 11.6550775, 48.1108075 ], [ 11.6575451, 48.1094435 ], [ 11.6611361, 48.1084744 ], [ 11.6668866, 48.1044826 ], [ 11.6649248, 48.1021872 ], [ 11.6650742, 48.1009382 ], [ 11.6811855, 48.0968826 ], [ 11.683746, 48.0967772 ], [ 11.6887349, 48.0922119 ], [ 11.6856927, 48.0925076 ], [ 11.68304, 48.0920884 ], [ 11.6823549, 48.08819960000001 ], [ 11.6809631, 48.0841034 ], [ 11.681313, 48.0829658 ], [ 11.6835162, 48.0814904 ], [ 11.6840698, 48.079155 ], [ 11.685651, 48.0774915 ], [ 11.6737148, 48.0787812 ], [ 11.6734504, 48.0782127 ], [ 11.6717534, 48.0780549 ], [ 11.6655716, 48.0782116 ], [ 11.6634758, 48.0789937 ], [ 11.6330367, 48.0842769 ], [ 11.633041, 48.0859672 ], [ 11.6237095, 48.0873266 ], [ 11.6237531, 48.08811 ], [ 11.616311, 48.0884342 ], [ 11.6147979, 48.0943861 ], [ 11.6082532, 48.0946198 ], [ 11.6059379, 48.0952795 ], [ 11.6042458, 48.0967255 ], [ 11.5999028, 48.1031161 ], [ 11.5958244, 48.1125174 ], [ 11.5952542, 48.1151612 ], [ 11.5963876, 48.1206867 ], [ 11.5981361, 48.12265330000001 ] ] ] } },
{ "type": "Feature", "properties": { "Jarak": "2000m", "Kelas": "Dekat", "name": "Obergiesing-Fasangarten" }, "geometry": { "type": "Polygon", "coordinates": [ [ [ 11.5736898, 48.1122146 ], [ 11.5757155, 48.1151696 ], [ 11.5767484, 48.1158834 ], [ 11.5770952, 48.1185937 ], [ 11.5950184, 48.121931399999987 ], [ 11.5978378, 48.1228143 ], [ 11.5963876, 48.1206867 ], [ 11.5952542, 48.1151612 ], [ 11.5958244, 48.1125174 ], [ 11.5999028, 48.1031161 ], [ 11.6042458, 48.0967255 ], [ 11.6059379, 48.0952795 ], [ 11.6082532, 48.0946198 ], [ 11.6147979, 48.0943861 ], [ 11.616311, 48.0884342 ], [ 11.615151, 48.0884248 ], [ 11.6151817, 48.0880168 ], [ 11.6116855, 48.0881107 ], [ 11.6118972, 48.0870288 ], [ 11.6064974, 48.086808 ], [ 11.6035253, 48.0850642 ], [ 11.6017741, 48.0873456 ], [ 11.5983569, 48.0865858 ], [ 11.5976965, 48.0858711 ], [ 11.5950305, 48.085429599999983 ], [ 11.5947192, 48.085819099999988 ], [ 11.5945095, 48.0852642 ], [ 11.5926218, 48.0850713 ], [ 11.5918167, 48.0875241 ], [ 11.588558, 48.0934318 ], [ 11.5869189, 48.0938795 ], [ 11.5854243, 48.0935285 ], [ 11.5882977, 48.0946304 ], [ 11.585167, 48.0997108 ], [ 11.5819792, 48.0983407 ], [ 11.5816815, 48.0986466 ], [ 11.5821544, 48.1032454 ], [ 11.5815487, 48.1043306 ], [ 11.5822317, 48.104525 ], [ 11.5789692, 48.109323899999985 ], [ 11.5772951, 48.111125 ], [ 11.5736898, 48.1122146 ] ] ] } },
{ "type": "Feature", "properties": { "Jarak": "3000m", "Kelas": "Sedang", "name": "Trudering-Riem" }, "geometry": { "type": "Polygon", "coordinates": [ [ [ 11.6438786, 48.1151398 ], [ 11.6464527, 48.114460699999988 ], [ 11.6494333, 48.119193 ], [ 11.6500164, 48.1198759 ], [ 11.6507234, 48.11964170000001 ], [ 11.6518179, 48.121152 ], [ 11.6565257, 48.1285182 ], [ 11.6551137, 48.1301005 ], [ 11.6536499, 48.1341265 ], [ 11.6654504, 48.140346 ], [ 11.6636897, 48.1405642 ], [ 11.6651477, 48.1442077 ], [ 11.6648238, 48.1458617 ], [ 11.6670245, 48.1528327 ], [ 11.6670145, 48.1591827 ], [ 11.6709292, 48.1584537 ], [ 11.6798009, 48.1532533 ], [ 11.6781624, 48.144285 ], [ 11.710117, 48.14818 ], [ 11.7134632, 48.1455237 ], [ 11.7109481, 48.1446123 ], [ 11.7127796, 48.143193599999989 ], [ 11.7101299, 48.141854 ], [ 11.7141843, 48.1386774 ], [ 11.7179981, 48.1377062 ], [ 11.720463, 48.13906750000001 ], [ 11.7229099, 48.137117 ], [ 11.7196799, 48.135540599999985 ], [ 11.7204373, 48.134335 ], [ 11.7152706, 48.1327982 ], [ 11.7144568, 48.1340328 ], [ 11.7122674, 48.1333845 ], [ 11.7143702, 48.131365700000011 ], [ 11.7117067, 48.1300689 ], [ 11.7133971, 48.1291073 ], [ 11.7145197, 48.1296081 ], [ 11.7161672, 48.12817410000001 ], [ 11.7139429, 48.124264 ], [ 11.7119885, 48.1229767 ], [ 11.7107359, 48.1240348 ], [ 11.70885, 48.1226348 ], [ 11.7086252, 48.1229634 ], [ 11.7060649, 48.1223646 ], [ 11.7042695, 48.1214437 ], [ 11.6977398, 48.1253464 ], [ 11.6941881, 48.1231033 ], [ 11.6975662, 48.12118 ], [ 11.6960577, 48.119862500000011 ], [ 11.6951246, 48.1203408 ], [ 11.6940418, 48.1193471 ], [ 11.6984629, 48.1179705 ], [ 11.710668, 48.1155572 ], [ 11.708916, 48.1142371 ], [ 11.7145946, 48.1108471 ], [ 11.7127047, 48.10486920000001 ], [ 11.7093428, 48.1025744 ], [ 11.6966424, 48.0974342 ], [ 11.6942302, 48.0971188 ], [ 11.6888833, 48.0949278 ], [ 11.6890564, 48.094008799999976 ], [ 11.6871126, 48.0935434 ], [ 11.683746, 48.0967772 ], [ 11.6811855, 48.0968826 ], [ 11.6650742, 48.1009382 ], [ 11.6649248, 48.1021872 ], [ 11.6668866, 48.1044826 ], [ 11.6611361, 48.1084744 ], [ 11.6575451, 48.1094435 ], [ 11.6550775, 48.1108075 ], [ 11.6495813, 48.1111265 ], [ 11.6438786, 48.1151398 ] ] ] } },
{ "type": "Feature", "properties": { "Jarak": "3000m", "Kelas": "Sedang", "name": "Thalkirchen-Obersendling-Forstenried-Fürstenried-Solln" }, "geometry": { "type": "MultiPolygon", "coordinates": [ [ [ [ 11.4909805, 48.0741023 ], [ 11.4902263, 48.073821 ], [ 11.490724, 48.0742575 ], [ 11.4909805, 48.0741023 ] ] ], [ [ [ 11.4710381, 48.0833143 ], [ 11.4736262, 48.0866661 ], [ 11.4747255, 48.0869866 ], [ 11.476342, 48.0887657 ], [ 11.4747322, 48.0888762 ], [ 11.4720742, 48.0901146 ], [ 11.4734694, 48.092711 ], [ 11.4739679, 48.0957768 ], [ 11.4801135, 48.0975603 ], [ 11.4806425, 48.0964872 ], [ 11.4821496, 48.0953944 ], [ 11.4870363, 48.0960621 ], [ 11.4945725, 48.099265099999982 ], [ 11.4996345, 48.1021588 ], [ 11.5015674, 48.102666 ], [ 11.5063557, 48.0990709 ], [ 11.5085063, 48.0989968 ], [ 11.5088525, 48.1010472 ], [ 11.5101659, 48.1012348 ], [ 11.5101267, 48.1016809 ], [ 11.5121483, 48.10168620000001 ], [ 11.5175268, 48.1045473 ], [ 11.5189167, 48.103103599999983 ], [ 11.5294695, 48.1039414 ], [ 11.5306705, 48.1036338 ], [ 11.5310218, 48.10406420000001 ], [ 11.5335371, 48.1042534 ], [ 11.5336395, 48.105052 ], [ 11.5352966, 48.1052001 ], [ 11.5356209, 48.1035192 ], [ 11.5405922, 48.1039592 ], [ 11.5412849, 48.1018819 ], [ 11.5413613, 48.1031391 ], [ 11.5441241, 48.1054171 ], [ 11.547627, 48.105004 ], [ 11.5480535, 48.1057239 ], [ 11.5509153, 48.1045509 ], [ 11.5515989, 48.1066347 ], [ 11.5520058, 48.1067604 ], [ 11.5524791, 48.1064771 ], [ 11.5523348, 48.1059463 ], [ 11.5551263, 48.1046804 ], [ 11.5505725, 48.101432 ], [ 11.5500778, 48.0997666 ], [ 11.5504119, 48.0913646 ], [ 11.5442369, 48.0838314 ], [ 11.5413264, 48.0778866 ], [ 11.53686, 48.078003899999985 ], [ 11.5330259, 48.077479899999986 ], [ 11.5315304, 48.0761553 ], [ 11.5290508, 48.07194 ], [ 11.5282499, 48.0689844 ], [ 11.5262944, 48.0689891 ], [ 11.5262498, 48.0683357 ], [ 11.5238869, 48.0683743 ], [ 11.5230971, 48.0676607 ], [ 11.5229583, 48.0664605 ], [ 11.5221, 48.0665384 ], [ 11.5221162, 48.0673467 ], [ 11.5188177, 48.0673262 ], [ 11.5190033, 48.0670298 ], [ 11.517575, 48.066269 ], [ 11.5170141, 48.0663671 ], [ 11.5156035, 48.0633629 ], [ 11.5115038, 48.0643994 ], [ 11.5087578, 48.061624399999985 ], [ 11.5042105, 48.0623947 ], [ 11.5036726, 48.0654734 ], [ 11.5030423, 48.065703 ], [ 11.5025769, 48.0669437 ], [ 11.5030212, 48.0669886 ], [ 11.5027329, 48.0681078 ], [ 11.503558, 48.069294199999987 ], [ 11.4872351, 48.0762576 ], [ 11.4866484, 48.0753802 ], [ 11.488005, 48.074964 ], [ 11.4871308, 48.0737735 ], [ 11.4857966, 48.0742165 ], [ 11.4870344, 48.076351099999989 ], [ 11.4733659, 48.0821506 ], [ 11.4729244, 48.0812229 ], [ 11.4719421, 48.0818083 ], [ 11.472374, 48.0822666 ], [ 11.4732555, 48.0821942 ], [ 11.4710381, 48.0833143 ] ] ] ] } },
{ "type": "Feature", "properties": { "Jarak": "3000m", "Kelas": "Sedang", "name": "Sendling-Westpark" }, "geometry": { "type": "Polygon", "coordinates": [ [ [ 11.5014953, 48.1029282 ], [ 11.5021655, 48.1058698 ], [ 11.5026893, 48.125818 ], [ 11.5086301, 48.1252228 ], [ 11.5097548, 48.1265216 ], [ 11.5169679, 48.1298382 ], [ 11.5203745, 48.1327144 ], [ 11.5260961, 48.1364471 ], [ 11.5368342, 48.1284529 ], [ 11.5378242, 48.1256407 ], [ 11.5358932, 48.116642 ], [ 11.5360485, 48.1036113 ], [ 11.5356209, 48.1035192 ], [ 11.5352966, 48.1052001 ], [ 11.5336395, 48.105052 ], [ 11.5335371, 48.1042534 ], [ 11.5310218, 48.10406420000001 ], [ 11.5306705, 48.1036338 ], [ 11.5294695, 48.1039414 ], [ 11.5189167, 48.103103599999983 ], [ 11.5175268, 48.1045473 ], [ 11.5121483, 48.10168620000001 ], [ 11.5101267, 48.1016809 ], [ 11.5101659, 48.1012348 ], [ 11.5088525, 48.1010472 ], [ 11.5085063, 48.0989968 ], [ 11.5063557, 48.0990709 ], [ 11.5023159, 48.1017302 ], [ 11.5014953, 48.1029282 ] ] ] } },
{ "type": "Feature", "properties": { "Jarak": "3000m", "Kelas": "Sedang", "name": "Hadern" }, "geometry": { "type": "Polygon", "coordinates": [ [ [ 11.4630085, 48.1054311 ], [ 11.4636007, 48.1086455 ], [ 11.4631838, 48.1111136 ], [ 11.4633954, 48.1145011 ], [ 11.4650608, 48.1147058 ], [ 11.4656448, 48.1179577 ], [ 11.4655645, 48.120325 ], [ 11.4647654, 48.1230888 ], [ 11.4649715, 48.1282282 ], [ 11.4730181, 48.1294152 ], [ 11.4739049, 48.1300644 ], [ 11.477895, 48.1308367 ], [ 11.4786577, 48.1293154 ], [ 11.4836144, 48.1301689 ], [ 11.4910321, 48.1298177 ], [ 11.4956055, 48.1278116 ], [ 11.4979751, 48.1253976 ], [ 11.5026893, 48.125818 ], [ 11.5021655, 48.1058698 ], [ 11.5015674, 48.102666 ], [ 11.4996345, 48.1021588 ], [ 11.4945725, 48.099265099999982 ], [ 11.4870363, 48.0960621 ], [ 11.4821496, 48.0953944 ], [ 11.4806425, 48.0964872 ], [ 11.4801135, 48.0975603 ], [ 11.4739679, 48.0957768 ], [ 11.470851, 48.0993754 ], [ 11.4748504, 48.1046058 ], [ 11.4696902, 48.1058319 ], [ 11.4696285, 48.1052066 ], [ 11.4630085, 48.1054311 ] ] ] } },
{ "type": "Feature", "properties": { "Jarak": "3000m", "Kelas": "Sedang", "name": "Pasing-Obermenzing" }, "geometry": { "type": "Polygon", "coordinates": [ [ [ 11.4330313, 48.1631112 ], [ 11.4339298, 48.1637622 ], [ 11.4338028, 48.1642596 ], [ 11.4351368, 48.165778599999989 ], [ 11.4403769, 48.1694663 ], [ 11.4381315, 48.1713036 ], [ 11.4394494, 48.1723173 ], [ 11.4379805, 48.1736251 ], [ 11.4375406, 48.1747171 ], [ 11.4427873, 48.1756505 ], [ 11.446209, 48.1752226 ], [ 11.4485228, 48.173787 ], [ 11.4607469, 48.1765221 ], [ 11.4605426, 48.1744827 ], [ 11.4631883, 48.1747968 ], [ 11.4641044, 48.1744261 ], [ 11.4719226, 48.1765744 ], [ 11.4746755, 48.17574290000001 ], [ 11.481866, 48.1708525 ], [ 11.4841272, 48.1722701 ], [ 11.4901697, 48.172565 ], [ 11.490795, 48.1689158 ], [ 11.4912959, 48.168465 ], [ 11.4907366, 48.1677389 ], [ 11.4915416, 48.1676335 ], [ 11.4920034, 48.1652882 ], [ 11.4897391, 48.163993 ], [ 11.4888751, 48.1627437 ], [ 11.4859326, 48.1623007 ], [ 11.4833941, 48.1626848 ], [ 11.482044, 48.1609781 ], [ 11.4812984, 48.1588837 ], [ 11.4817313, 48.1555583 ], [ 11.482679, 48.1534372 ], [ 11.4850844, 48.150467 ], [ 11.4892234, 48.1473789 ], [ 11.4884691, 48.1447048 ], [ 11.4896205, 48.144236 ], [ 11.4880405, 48.1404631 ], [ 11.4857148, 48.1377807 ], [ 11.4834936, 48.1337326 ], [ 11.4827704, 48.131668 ], [ 11.4829761, 48.1301192 ], [ 11.4786577, 48.1293154 ], [ 11.477895, 48.1308367 ], [ 11.4739049, 48.1300644 ], [ 11.4730181, 48.1294152 ], [ 11.4649715, 48.1282282 ], [ 11.4636931, 48.129926 ], [ 11.4620216, 48.1300002 ], [ 11.4621018, 48.1302968 ], [ 11.4594724, 48.1308994 ], [ 11.4601384, 48.1320449 ], [ 11.4513653, 48.1332754 ], [ 11.4511498, 48.1324851 ], [ 11.4497754, 48.1329213 ], [ 11.4481179, 48.1311538 ], [ 11.447041, 48.1330838 ], [ 11.4474667, 48.1335873 ], [ 11.4381326, 48.134613700000024 ], [ 11.4385662, 48.135373 ], [ 11.4363741, 48.1366581 ], [ 11.4438426, 48.1486459 ], [ 11.4475682, 48.1507361 ], [ 11.4532736, 48.1516928 ], [ 11.4535582, 48.1526682 ], [ 11.4476104, 48.1541239 ], [ 11.4403872, 48.158955 ], [ 11.4330313, 48.1631112 ] ] ] } },
{ "type": "Feature", "properties": { "Jarak": "3000m", "Kelas": "Sedang", "name": "Aubing-Lochhausen-Langwied" }, "geometry": { "type": "Polygon", "coordinates": [ [ [ 11.373913948712396, 48.156795804200065 ], [ 11.373144631964349, 48.16194721118358 ], [ 11.370833967666137, 48.164626634399347 ], [ 11.368195006693931, 48.169241899250586 ], [ 11.3688606, 48.1726736 ], [ 11.3696669, 48.174332 ], [ 11.369049, 48.1764125 ], [ 11.3711875, 48.1783358 ], [ 11.3736819, 48.1784768 ], [ 11.3750821, 48.1790691 ], [ 11.3810841, 48.1793421 ], [ 11.3831458, 48.1780236 ], [ 11.3853011, 48.177571 ], [ 11.38744, 48.1788823 ], [ 11.3883609, 48.1801284 ], [ 11.3908722, 48.181389 ], [ 11.3932585, 48.1844601 ], [ 11.3912683, 48.1855524 ], [ 11.3920119, 48.1867844 ], [ 11.3922842, 48.189555399999989 ], [ 11.3905496, 48.1902715 ], [ 11.3907007, 48.1905799 ], [ 11.3885404, 48.1908446 ], [ 11.3908298, 48.2004624 ], [ 11.4015412, 48.200948699999984 ], [ 11.4024401, 48.2013933 ], [ 11.4046319, 48.201352199999988 ], [ 11.4168667, 48.2031454 ], [ 11.4188322, 48.2027723 ], [ 11.4194546, 48.2035059 ], [ 11.420631264206191, 48.203661566637237 ], [ 11.422662770342342, 48.203126806845944 ], [ 11.42335243612464, 48.204045612093033 ], [ 11.4320937, 48.2051937 ], [ 11.4319046, 48.2043084 ], [ 11.4424273, 48.203869 ], [ 11.438731, 48.202066699999989 ], [ 11.4368118, 48.19952450000001 ], [ 11.4365463, 48.197911 ], [ 11.4376111, 48.1925669 ], [ 11.4375126, 48.189887400000011 ], [ 11.4303891, 48.1887703 ], [ 11.4314927, 48.18606710000001 ], [ 11.4375365, 48.1835935 ], [ 11.4365456, 48.1823548 ], [ 11.4365731, 48.1794343 ], [ 11.4376111, 48.1782087 ], [ 11.4418876, 48.17539810000001 ], [ 11.4375406, 48.1747171 ], [ 11.4379805, 48.1736251 ], [ 11.4394494, 48.1723173 ], [ 11.4381315, 48.1713036 ], [ 11.4403769, 48.1694663 ], [ 11.4351368, 48.165778599999989 ], [ 11.4338028, 48.1642596 ], [ 11.4339298, 48.1637622 ], [ 11.4329268, 48.1630326 ], [ 11.4403872, 48.158955 ], [ 11.4476104, 48.1541239 ], [ 11.4535582, 48.1526682 ], [ 11.4532736, 48.1516928 ], [ 11.4475682, 48.1507361 ], [ 11.4438426, 48.1486459 ], [ 11.4360395, 48.1361104 ], [ 11.4346193, 48.1368894 ], [ 11.4299801, 48.13755590000001 ], [ 11.4262618, 48.136538 ], [ 11.4247077, 48.1353412 ], [ 11.4233438, 48.133017700000011 ], [ 11.42237, 48.1323143 ], [ 11.4144823, 48.1281938 ], [ 11.4089641, 48.1261967 ], [ 11.4022722, 48.1251677 ], [ 11.3944236, 48.1255105 ], [ 11.3930053, 48.1285263 ], [ 11.3896186, 48.127865599999986 ], [ 11.388724, 48.129742400000012 ], [ 11.3894088, 48.1316766 ], [ 11.3881907, 48.13457720000001 ], [ 11.3901684, 48.1354416 ], [ 11.3899751, 48.1359786 ], [ 11.3921849, 48.1366638 ], [ 11.3895295, 48.1412227 ], [ 11.3912725, 48.1418913 ], [ 11.3894055, 48.1457461 ], [ 11.3902615, 48.1459832 ], [ 11.389144, 48.1479327 ], [ 11.3872366, 48.1473301 ], [ 11.3855294, 48.1496533 ], [ 11.3840216, 48.1490191 ], [ 11.3840156, 48.1497672 ], [ 11.3831771, 48.1496722 ], [ 11.3828857, 48.1530762 ], [ 11.3795223, 48.1538312 ], [ 11.3780394, 48.1538371 ], [ 11.3780223, 48.1532215 ], [ 11.3739109, 48.1535523 ], [ 11.3735834, 48.1541884 ], [ 11.3744215, 48.1540883 ], [ 11.3738626, 48.1555401 ], [ 11.3751552, 48.1554886 ], [ 11.3749147, 48.155983 ], [ 11.373368613989587, 48.15608218361011 ], [ 11.373913948712396, 48.156795804200065 ] ] ] } },
{ "type": "Feature", "properties": { "Jarak": "3000m", "Kelas": "Sedang", "name": "Allach-Untermenzing" }, "geometry": { "type": "Polygon", "coordinates": [ [ [ 11.4303891, 48.1887703 ], [ 11.4375126, 48.189887400000011 ], [ 11.4376111, 48.1925669 ], [ 11.4365463, 48.197911 ], [ 11.4368118, 48.19952450000001 ], [ 11.438731, 48.202066699999989 ], [ 11.4424273, 48.203869 ], [ 11.4319046, 48.2043084 ], [ 11.4323665, 48.2057585 ], [ 11.4435089, 48.2063668 ], [ 11.4440659, 48.2069387 ], [ 11.4576008, 48.2087996 ], [ 11.4590604, 48.2115776 ], [ 11.4605009, 48.2120246 ], [ 11.4604103, 48.213196099999983 ], [ 11.4627361, 48.2151068 ], [ 11.4723219, 48.2192144 ], [ 11.4770563, 48.219553799999986 ], [ 11.4845193, 48.2128558 ], [ 11.4846566, 48.2105606 ], [ 11.4822822, 48.2098806 ], [ 11.482865, 48.202885 ], [ 11.4816383, 48.2015707 ], [ 11.4816251, 48.2003152 ], [ 11.4661339, 48.2052107 ], [ 11.4656757, 48.2047073 ], [ 11.4726053, 48.2020821 ], [ 11.4752421, 48.1996539 ], [ 11.4777412, 48.198266 ], [ 11.4896169, 48.1947989 ], [ 11.4892716, 48.1947773 ], [ 11.4904641, 48.189561 ], [ 11.4898648, 48.187781 ], [ 11.4897921, 48.1796665 ], [ 11.4893659, 48.1793206 ], [ 11.4887394, 48.1750415 ], [ 11.4894385, 48.1751031 ], [ 11.4893453, 48.1742423 ], [ 11.4904508, 48.1741852 ], [ 11.4905496, 48.1726582 ], [ 11.4841272, 48.1722701 ], [ 11.481866, 48.1708525 ], [ 11.4746755, 48.17574290000001 ], [ 11.4719226, 48.1765744 ], [ 11.4641044, 48.1744261 ], [ 11.4631883, 48.1747968 ], [ 11.4605426, 48.1744827 ], [ 11.4607469, 48.1765221 ], [ 11.4485228, 48.173787 ], [ 11.4454708, 48.1754515 ], [ 11.4418876, 48.17539810000001 ], [ 11.4376111, 48.1782087 ], [ 11.4365731, 48.1794343 ], [ 11.4365456, 48.1823548 ], [ 11.4375365, 48.1835935 ], [ 11.4314927, 48.18606710000001 ], [ 11.4303891, 48.1887703 ] ] ] } },
{ "type": "Feature", "properties": { "Jarak": "3000m", "Kelas": "Sedang", "name": "Feldmoching-Hasenbergl" }, "geometry": { "type": "Polygon", "coordinates": [ [ [ 11.491761314032587, 48.239242252134019 ], [ 11.498381632897315, 48.235591747099271 ], [ 11.507193221573456, 48.240559572533776 ], [ 11.514294192005044, 48.242898871978944 ], [ 11.518620377776882, 48.243788333315365 ], [ 11.5253855, 48.2413177 ], [ 11.5296105, 48.2328517 ], [ 11.5311184, 48.2313437 ], [ 11.5340096, 48.2314164 ], [ 11.5339469, 48.2304904 ], [ 11.5417649, 48.2291812 ], [ 11.5416825, 48.2288405 ], [ 11.5432765, 48.2287567 ], [ 11.5435745, 48.2294385 ], [ 11.5442711, 48.229276 ], [ 11.5441915, 48.2287072 ], [ 11.5452022, 48.2277596 ], [ 11.5474284, 48.2269969 ], [ 11.5649439, 48.227242899999986 ], [ 11.5632438, 48.2248238 ], [ 11.5646145, 48.2228863 ], [ 11.564011, 48.222743 ], [ 11.5644909, 48.2218295 ], [ 11.5623047, 48.2200228 ], [ 11.5631203, 48.2197416 ], [ 11.5620171, 48.2166944 ], [ 11.5656138, 48.190576 ], [ 11.5493798, 48.1902164 ], [ 11.5379953, 48.1884864 ], [ 11.5342113, 48.188506499999988 ], [ 11.5117911, 48.1937104 ], [ 11.5055752, 48.196376799999989 ], [ 11.4944189, 48.1988135 ], [ 11.4883202, 48.1989196 ], [ 11.4816251, 48.2003152 ], [ 11.4816383, 48.2015707 ], [ 11.482865, 48.202885 ], [ 11.4822822, 48.2098806 ], [ 11.4846566, 48.2105606 ], [ 11.4845193, 48.2128558 ], [ 11.4770563, 48.219553799999986 ], [ 11.4774271, 48.2199989 ], [ 11.4910806, 48.2230962 ], [ 11.4888895, 48.2234665 ], [ 11.488066, 48.226256 ], [ 11.4885583, 48.229337 ], [ 11.4877521, 48.2320807 ], [ 11.4900386, 48.234826 ], [ 11.4895372, 48.2379692 ], [ 11.4915039, 48.238204699999983 ], [ 11.491761314032587, 48.239242252134019 ] ] ] } },
{ "type": "Feature", "properties": { "Jarak": "3000m", "Kelas": "Sedang", "name": "Moosach" }, "geometry": { "type": "Polygon", "coordinates": [ [ [ 11.481646, 48.2003084 ], [ 11.4883202, 48.1989196 ], [ 11.4944189, 48.1988135 ], [ 11.5055752, 48.196376799999989 ], [ 11.5117911, 48.1937104 ], [ 11.5342113, 48.188506499999988 ], [ 11.5415431, 48.1889348 ], [ 11.5399119, 48.1809504 ], [ 11.5404987, 48.1761675 ], [ 11.5386393, 48.17168370000001 ], [ 11.5380763, 48.1682125 ], [ 11.5352152, 48.1673367 ], [ 11.5348342, 48.1680317 ], [ 11.5324207, 48.1673931 ], [ 11.5318594, 48.167535399999984 ], [ 11.5309968, 48.1693706 ], [ 11.516338, 48.1677556 ], [ 11.5107303, 48.169913599999987 ], [ 11.5097372, 48.1675637 ], [ 11.4987311, 48.1676637 ], [ 11.4983534, 48.166657 ], [ 11.4967818, 48.1668264 ], [ 11.4964163, 48.1657041 ], [ 11.497146, 48.1655125 ], [ 11.4958861, 48.1653916 ], [ 11.4937256, 48.1660173 ], [ 11.4917641, 48.1655516 ], [ 11.4915416, 48.1676335 ], [ 11.4907366, 48.1677389 ], [ 11.4912959, 48.168465 ], [ 11.4904398, 48.1705299 ], [ 11.4901357, 48.1725998 ], [ 11.4905496, 48.1726582 ], [ 11.4904508, 48.1741852 ], [ 11.4893453, 48.1742423 ], [ 11.4894385, 48.1751031 ], [ 11.4887394, 48.1750415 ], [ 11.4893659, 48.1793206 ], [ 11.4897921, 48.1796665 ], [ 11.4898648, 48.187781 ], [ 11.4904641, 48.189561 ], [ 11.4892716, 48.1947773 ], [ 11.4896169, 48.1947989 ], [ 11.4777412, 48.198266 ], [ 11.4752421, 48.1996539 ], [ 11.4726053, 48.2020821 ], [ 11.4656757, 48.2047073 ], [ 11.4661339, 48.2052107 ], [ 11.481646, 48.2003084 ] ] ] } },
{ "type": "Feature", "properties": { "Jarak": "3000m", "Kelas": "Sedang", "name": "Neuhausen-Nymphenburg" }, "geometry": { "type": "Polygon", "coordinates": [ [ [ 11.4812644, 48.1576153 ], [ 11.4816866, 48.1602561 ], [ 11.4833941, 48.1626848 ], [ 11.4859326, 48.1623007 ], [ 11.4888751, 48.1627437 ], [ 11.4897391, 48.163993 ], [ 11.4920034, 48.1652882 ], [ 11.4917641, 48.1655516 ], [ 11.4937256, 48.1660173 ], [ 11.4958861, 48.1653916 ], [ 11.497146, 48.1655125 ], [ 11.4964163, 48.1657041 ], [ 11.4967818, 48.1668264 ], [ 11.4983534, 48.166657 ], [ 11.4987311, 48.1676637 ], [ 11.5097372, 48.1675637 ], [ 11.5107303, 48.169913599999987 ], [ 11.5165378, 48.1677464 ], [ 11.5309968, 48.1693706 ], [ 11.5318594, 48.167535399999984 ], [ 11.5348342, 48.1680317 ], [ 11.5352152, 48.1673367 ], [ 11.5444501, 48.1700236 ], [ 11.5455727, 48.1698942 ], [ 11.5481446, 48.1705981 ], [ 11.549809, 48.1684378 ], [ 11.5530778, 48.1683945 ], [ 11.5544974, 48.167737 ], [ 11.5531993, 48.1661672 ], [ 11.5529571, 48.1614903 ], [ 11.5514, 48.1614715 ], [ 11.5496329, 48.1606815 ], [ 11.5559883, 48.1554314 ], [ 11.5494704, 48.1518984 ], [ 11.5479676, 48.149576 ], [ 11.5467612, 48.1498163 ], [ 11.5389232, 48.1427959 ], [ 11.5355366, 48.1425378 ], [ 11.5196439, 48.1435858 ], [ 11.5114841, 48.143364599999984 ], [ 11.4924826, 48.1461131 ], [ 11.4879794, 48.1480652 ], [ 11.4842648, 48.1512565 ], [ 11.4825333, 48.153708899999984 ], [ 11.4812644, 48.1576153 ] ] ] } },
{ "type": "Feature", "properties": { "Jarak": "3000m", "Kelas": "Sedang", "name": "Laim" }, "geometry": { "type": "Polygon", "coordinates": [ [ [ 11.4829761, 48.1301192 ], [ 11.4828771, 48.1321852 ], [ 11.484627, 48.1359639 ], [ 11.4888185, 48.1420644 ], [ 11.4896205, 48.144236 ], [ 11.4884691, 48.1447048 ], [ 11.4892234, 48.1473789 ], [ 11.4924826, 48.1461131 ], [ 11.4966336, 48.1452428 ], [ 11.5102658, 48.1434747 ], [ 11.5196439, 48.1435858 ], [ 11.534393, 48.1428022 ], [ 11.5341677, 48.14138650000001 ], [ 11.5311356, 48.1416484 ], [ 11.527221, 48.1404852 ], [ 11.5263647, 48.1392711 ], [ 11.5265195, 48.1368679 ], [ 11.5260961, 48.1364471 ], [ 11.5203745, 48.1327144 ], [ 11.5169679, 48.1298382 ], [ 11.5097548, 48.1265216 ], [ 11.5086301, 48.1252228 ], [ 11.5026893, 48.125818 ], [ 11.4979751, 48.1253976 ], [ 11.4965548, 48.1271219 ], [ 11.4925593, 48.129401199999982 ], [ 11.4882502, 48.130076 ], [ 11.4829761, 48.1301192 ] ] ] } },
{ "type": "Feature", "properties": { "Jarak": "3000m", "Kelas": "Sedang", "name": "Munchen" }, "geometry": { "type": "Polygon", "coordinates": [ [ [ 11.5260254, 48.1365154 ], [ 11.5265195, 48.1368679 ], [ 11.5261927, 48.1385266 ], [ 11.5270008, 48.1403287 ], [ 11.5308742, 48.1416114 ], [ 11.5341677, 48.14138650000001 ], [ 11.534393, 48.1428022 ], [ 11.5484296, 48.1420785 ], [ 11.5481329, 48.1404132 ], [ 11.5469829, 48.139267099999984 ], [ 11.5497884, 48.1388534 ], [ 11.5494795, 48.136570499999983 ], [ 11.5475018, 48.1349299 ], [ 11.5471013, 48.1328926 ], [ 11.5461886, 48.1316542 ], [ 11.5465712, 48.1304925 ], [ 11.5455058, 48.129388199999987 ], [ 11.5441974, 48.1263733 ], [ 11.5409242, 48.1280417 ], [ 11.5354245, 48.1298569 ], [ 11.5260254, 48.1365154 ] ] ] } },
{ "type": "Feature", "properties": { "Jarak": "3000m", "Kelas": "Sedang", "name": "Ludwigsvorstadt-Isarvorstadt" }, "geometry": { "type": "Polygon", "coordinates": [ [ [ 11.5442511, 48.1264158 ], [ 11.5455058, 48.129388199999987 ], [ 11.5465712, 48.1304925 ], [ 11.5461886, 48.1316542 ], [ 11.5471013, 48.1328926 ], [ 11.5475018, 48.1349299 ], [ 11.5497252, 48.137139500000011 ], [ 11.5497884, 48.1388534 ], [ 11.5469829, 48.139267099999984 ], [ 11.5481329, 48.1404132 ], [ 11.5484813, 48.1436281 ], [ 11.5607382, 48.1411604 ], [ 11.5656152, 48.1396028 ], [ 11.5648391, 48.1363834 ], [ 11.5673026, 48.1326527 ], [ 11.5670503, 48.1323885 ], [ 11.5682906, 48.1314018 ], [ 11.570566, 48.1308958 ], [ 11.5748376, 48.1333083 ], [ 11.5796828, 48.133961 ], [ 11.5828351, 48.1338978 ], [ 11.5835343, 48.1329773 ], [ 11.5874224, 48.131568799999982 ], [ 11.5838952, 48.128481 ], [ 11.5808716, 48.1281174 ], [ 11.5783283, 48.1271279 ], [ 11.5650238, 48.1199265 ], [ 11.5625129, 48.117857 ], [ 11.5442511, 48.1264158 ] ] ] } },
{ "type": "Feature", "properties": { "Jarak": "3000m", "Kelas": "Sedang", "name": "Sendling" }, "geometry": { "type": "Polygon", "coordinates": [ [ [ 11.5356656, 48.1298819 ], [ 11.5412254, 48.1279166 ], [ 11.5625129, 48.117857 ], [ 11.5608807, 48.1158649 ], [ 11.5609237, 48.1131599 ], [ 11.561671, 48.1099468 ], [ 11.5608331, 48.1080122 ], [ 11.5556324, 48.1044558 ], [ 11.5523348, 48.1059463 ], [ 11.5524791, 48.1064771 ], [ 11.5520058, 48.1067604 ], [ 11.5515989, 48.1066347 ], [ 11.5509153, 48.1045509 ], [ 11.5480535, 48.1057239 ], [ 11.547627, 48.105004 ], [ 11.5441241, 48.1054171 ], [ 11.5413613, 48.1031391 ], [ 11.5412849, 48.1018819 ], [ 11.5405922, 48.1039592 ], [ 11.5360485, 48.1036113 ], [ 11.5358932, 48.116642 ], [ 11.5378285, 48.1258066 ], [ 11.5372806, 48.1277571 ], [ 11.5356656, 48.1298819 ] ] ] } },
{ "type": "Feature", "properties": { "Jarak": "3000m", "Kelas": "Sedang", "name": "Milbertshofen-Am Hart" }, "geometry": { "type": "Polygon", "coordinates": [ [ [ 11.5380763, 48.1682125 ], [ 11.5386393, 48.17168370000001 ], [ 11.5404987, 48.1761675 ], [ 11.5399119, 48.1809504 ], [ 11.5415431, 48.1889348 ], [ 11.5493798, 48.1902164 ], [ 11.5656138, 48.190576 ], [ 11.5620171, 48.2166944 ], [ 11.5631203, 48.2197416 ], [ 11.5623047, 48.2200228 ], [ 11.5644909, 48.2218295 ], [ 11.564011, 48.222743 ], [ 11.5646145, 48.2228863 ], [ 11.5632438, 48.2248238 ], [ 11.5649439, 48.227242899999986 ], [ 11.5823007, 48.2285636 ], [ 11.5870234, 48.2243485 ], [ 11.5874962, 48.222137 ], [ 11.5876881, 48.2131632 ], [ 11.5853029, 48.2009623 ], [ 11.5906096, 48.2014387 ], [ 11.5897468, 48.196776299999989 ], [ 11.5890963, 48.196862899999985 ], [ 11.5892565, 48.1948349 ], [ 11.5888191, 48.1933775 ], [ 11.5840129, 48.1930204 ], [ 11.5852675, 48.1776424 ], [ 11.5733961, 48.1780331 ], [ 11.5653739, 48.1760897 ], [ 11.5584545, 48.1761013 ], [ 11.5603963, 48.174118 ], [ 11.5615827, 48.1684342 ], [ 11.556883, 48.1685091 ], [ 11.5544974, 48.167737 ], [ 11.5530778, 48.1683945 ], [ 11.5502062, 48.1682746 ], [ 11.5481446, 48.1705981 ], [ 11.5380763, 48.1682125 ] ] ] } },
{ "type": "Feature", "properties": { "Jarak": "3000m", "Kelas": "Sedang", "name": "Maxvorstadt" }, "geometry": { "type": "Polygon", "coordinates": [ [ [ 11.538996, 48.1429203 ], [ 11.5467612, 48.1498163 ], [ 11.5479676, 48.149576 ], [ 11.5494704, 48.1518984 ], [ 11.5600429, 48.1576343 ], [ 11.5637736, 48.1569453 ], [ 11.5701136, 48.1565971 ], [ 11.575357, 48.155158299999989 ], [ 11.5826803, 48.15414950000001 ], [ 11.5817542, 48.152409199999987 ], [ 11.5820592, 48.1521077 ], [ 11.5852603, 48.1517017 ], [ 11.5876976, 48.1532788 ], [ 11.5881922, 48.1528542 ], [ 11.5860859, 48.1500915 ], [ 11.5848407, 48.149874499999989 ], [ 11.5850954, 48.14723510000001 ], [ 11.5834446, 48.1431869 ], [ 11.5783692, 48.1442706 ], [ 11.5775925, 48.1426122 ], [ 11.5737805, 48.1434077 ], [ 11.5693452, 48.1417194 ], [ 11.5656152, 48.1396028 ], [ 11.5607382, 48.1411604 ], [ 11.5484813, 48.1436281 ], [ 11.5484296, 48.1420785 ], [ 11.538996, 48.1429203 ] ] ] } },
{ "type": "Feature", "properties": { "Jarak": "3000m", "Kelas": "Sedang", "name": "Schwabing-West" }, "geometry": { "type": "Polygon", "coordinates": [ [ [ 11.5496329, 48.1606815 ], [ 11.5514, 48.1614715 ], [ 11.5529571, 48.1614903 ], [ 11.5531993, 48.1661672 ], [ 11.5544974, 48.167737 ], [ 11.556883, 48.1685091 ], [ 11.5615827, 48.1684342 ], [ 11.5603963, 48.174118 ], [ 11.5584545, 48.1761013 ], [ 11.5653739, 48.1760897 ], [ 11.5733961, 48.1780331 ], [ 11.5852675, 48.1776424 ], [ 11.5853638, 48.1765821 ], [ 11.5816337, 48.1762682 ], [ 11.5831478, 48.1693203 ], [ 11.5826236, 48.1671446 ], [ 11.5791683, 48.167113200000017 ], [ 11.579054, 48.1666795 ], [ 11.579937, 48.1628756 ], [ 11.5796673, 48.1611367 ], [ 11.5803956, 48.1610771 ], [ 11.5792853, 48.1546807 ], [ 11.575357, 48.155158299999989 ], [ 11.5701136, 48.1565971 ], [ 11.5637736, 48.1569453 ], [ 11.5600429, 48.1576343 ], [ 11.5559883, 48.1554314 ], [ 11.5496329, 48.1606815 ] ] ] } },
{ "type": "Feature", "properties": { "Jarak": "3000m", "Kelas": "Sedang", "name": "Schwabing-Freimann" }, "geometry": { "type": "Polygon", "coordinates": [ [ [ 11.620987479756684, 48.227598615563394 ], [ 11.632869482028022, 48.222785851414663 ], [ 11.638270260519556, 48.21892017191859 ], [ 11.642246011635127, 48.214666754429516 ], [ 11.649071258916994, 48.211064861068401 ], [ 11.64678, 48.2088498 ], [ 11.64129, 48.2060798 ], [ 11.6391181, 48.2037657 ], [ 11.6377992, 48.1978661 ], [ 11.6327349, 48.1890134 ], [ 11.6292562, 48.1843291 ], [ 11.6315335, 48.1830639 ], [ 11.630186, 48.1820887 ], [ 11.6283684, 48.179466399999988 ], [ 11.6263643, 48.1806396 ], [ 11.5982549, 48.1494162 ], [ 11.5952533, 48.1506681 ], [ 11.59408, 48.1516584 ], [ 11.5912749, 48.1564912 ], [ 11.5894224, 48.1565684 ], [ 11.5900234, 48.1544856 ], [ 11.5881922, 48.1528542 ], [ 11.5876976, 48.1532788 ], [ 11.5852603, 48.1517017 ], [ 11.5819851, 48.152122 ], [ 11.5817542, 48.152409199999987 ], [ 11.5826803, 48.15414950000001 ], [ 11.5792853, 48.1546807 ], [ 11.5803956, 48.1610771 ], [ 11.5796673, 48.1611367 ], [ 11.579937, 48.1628756 ], [ 11.579054, 48.1666795 ], [ 11.5791683, 48.167113200000017 ], [ 11.5826236, 48.1671446 ], [ 11.5831478, 48.1693203 ], [ 11.5816337, 48.1762682 ], [ 11.5853638, 48.1765821 ], [ 11.5840129, 48.1930204 ], [ 11.5888191, 48.1933775 ], [ 11.5892565, 48.1948349 ], [ 11.5890963, 48.196862899999985 ], [ 11.5897468, 48.196776299999989 ], [ 11.5903301, 48.1987267 ], [ 11.5898877, 48.1987772 ], [ 11.5906096, 48.2014387 ], [ 11.5853029, 48.2009623 ], [ 11.5877192, 48.21348110000001 ], [ 11.6018342, 48.2133525 ], [ 11.6015143, 48.2149446 ], [ 11.6020336, 48.215108 ], [ 11.6018313, 48.2168632 ], [ 11.6049988, 48.2174771 ], [ 11.604813, 48.2183323 ], [ 11.606269, 48.218402 ], [ 11.6061897, 48.2191897 ], [ 11.6115803, 48.2191392 ], [ 11.6057154, 48.2267704 ], [ 11.6075009, 48.2273276 ], [ 11.6070763, 48.2281597 ], [ 11.6088775, 48.228416 ], [ 11.6090824, 48.2276135 ], [ 11.6075414, 48.2273 ], [ 11.6081407, 48.2256627 ], [ 11.609395, 48.2255504 ], [ 11.6129485, 48.2255761 ], [ 11.6141709, 48.2279305 ], [ 11.620987479756684, 48.227598615563394 ] ] ] } },
{ "type": "Feature", "properties": { "Jarak": "3000m", "Kelas": "Sedang", "name": "Altstadt-Lehel" }, "geometry": { "type": "Polygon", "coordinates": [ [ [ 11.5651736, 48.1387495 ], [ 11.5664281, 48.1402437 ], [ 11.5737805, 48.1434077 ], [ 11.5775925, 48.1426122 ], [ 11.5783692, 48.1442706 ], [ 11.5834446, 48.1431869 ], [ 11.5850954, 48.14723510000001 ], [ 11.5848407, 48.149874499999989 ], [ 11.5860859, 48.1500915 ], [ 11.5883307, 48.1530181 ], [ 11.5896074, 48.1538429 ], [ 11.5900572, 48.15482260000001 ], [ 11.5894224, 48.1565684 ], [ 11.5916737, 48.1563443 ], [ 11.59408, 48.1516584 ], [ 11.5981671, 48.1493472 ], [ 11.5962983, 48.1469073 ], [ 11.594218, 48.140395 ], [ 11.5929647, 48.1390123 ], [ 11.5901875, 48.1372656 ], [ 11.5924418, 48.1380932 ], [ 11.5905446, 48.1356189 ], [ 11.588538, 48.1347803 ], [ 11.5874736, 48.1335406 ], [ 11.5880507, 48.1333753 ], [ 11.586525, 48.131746 ], [ 11.5835343, 48.1329773 ], [ 11.5828351, 48.1338978 ], [ 11.5795816, 48.1339597 ], [ 11.5748376, 48.1333083 ], [ 11.570566, 48.1308958 ], [ 11.5682906, 48.1314018 ], [ 11.5670503, 48.1323885 ], [ 11.5673026, 48.1326527 ], [ 11.5648391, 48.1363834 ], [ 11.5651736, 48.1387495 ] ] ] } },
{ "type": "Feature", "properties": { "Jarak": "3000m", "Kelas": "Sedang", "name": "Bogenhausen" }, "geometry": { "type": "Polygon", "coordinates": [ [ [ 11.688986614153139, 48.18229142591705 ], [ 11.692288487727581, 48.178756365999114 ], [ 11.6907035, 48.1781596 ], [ 11.6935138, 48.17650410000001 ], [ 11.695446331561776, 48.173462740751063 ], [ 11.6932605, 48.1705663 ], [ 11.6857938, 48.1717565 ], [ 11.6867422, 48.1697065 ], [ 11.685728, 48.168323699999988 ], [ 11.6856558, 48.1674893 ], [ 11.6742158, 48.156714 ], [ 11.6707721, 48.1585213 ], [ 11.6670145, 48.1591827 ], [ 11.6670245, 48.1528327 ], [ 11.6648238, 48.1458617 ], [ 11.6651477, 48.1442077 ], [ 11.6636897, 48.1405642 ], [ 11.6654504, 48.140346 ], [ 11.6536499, 48.1341265 ], [ 11.6531266, 48.1354075 ], [ 11.6400327, 48.13650160000001 ], [ 11.6358549, 48.1362455 ], [ 11.6329566, 48.1352472 ], [ 11.6293475, 48.1358722 ], [ 11.6237608, 48.1359544 ], [ 11.6186693, 48.13504420000001 ], [ 11.618003, 48.1367312 ], [ 11.6198523, 48.1369737 ], [ 11.6193453, 48.1380893 ], [ 11.6130096, 48.1382549 ], [ 11.6065245, 48.1391697 ], [ 11.6064728, 48.138719899999984 ], [ 11.6048818, 48.1382131 ], [ 11.6047535, 48.137672799999983 ], [ 11.6040417, 48.1377561 ], [ 11.6026865, 48.1381362 ], [ 11.6030617, 48.140094199999986 ], [ 11.5972021, 48.1411092 ], [ 11.5958645, 48.1403129 ], [ 11.5955871, 48.1415421 ], [ 11.5947898, 48.1417059 ], [ 11.5968686, 48.1478513 ], [ 11.6263643, 48.1806396 ], [ 11.6283684, 48.179466399999988 ], [ 11.627706, 48.177304399999983 ], [ 11.6304297, 48.1771078 ], [ 11.6314002, 48.1778753 ], [ 11.6372115, 48.1764448 ], [ 11.6358903, 48.174917 ], [ 11.6410058, 48.1733964 ], [ 11.6413408, 48.1739388 ], [ 11.6458544, 48.1736881 ], [ 11.6457021, 48.1739785 ], [ 11.6482684, 48.1741321 ], [ 11.6482612, 48.1745231 ], [ 11.6509888, 48.1745453 ], [ 11.6509408, 48.1749964 ], [ 11.6655252, 48.1761816 ], [ 11.6655143, 48.1770181 ], [ 11.6610541, 48.17970050000001 ], [ 11.6610123, 48.181687599999989 ], [ 11.6616288, 48.1818785 ], [ 11.6622045, 48.1828884 ], [ 11.6785744, 48.1815952 ], [ 11.6868297, 48.180373 ], [ 11.6890044, 48.1818191 ], [ 11.688986614153139, 48.18229142591705 ] ] ] } },
{ "type": "Feature", "properties": { "Jarak": "3000m", "Kelas": "Sedang", "name": "Au-Haidhausen" }, "geometry": { "type": "Polygon", "coordinates": [ [ [ 11.5694778, 48.1223204 ], [ 11.5786773, 48.1272801 ], [ 11.5841514, 48.12865 ], [ 11.5872839, 48.1312901 ], [ 11.5874224, 48.131568799999982 ], [ 11.586568, 48.1319001 ], [ 11.5880507, 48.1333753 ], [ 11.5874736, 48.1335406 ], [ 11.588538, 48.1347803 ], [ 11.5905446, 48.1356189 ], [ 11.5924418, 48.1380932 ], [ 11.5901875, 48.1372656 ], [ 11.5932111, 48.1392221 ], [ 11.5947898, 48.1417059 ], [ 11.5955871, 48.1415421 ], [ 11.5958645, 48.1403129 ], [ 11.5972021, 48.1411092 ], [ 11.6030617, 48.140094199999986 ], [ 11.6026865, 48.1381362 ], [ 11.6040417, 48.1377561 ], [ 11.6047535, 48.137672799999983 ], [ 11.6048818, 48.1382131 ], [ 11.6064728, 48.138719899999984 ], [ 11.6065245, 48.1391697 ], [ 11.6130096, 48.1382549 ], [ 11.6193453, 48.1380893 ], [ 11.6194717, 48.1371607 ], [ 11.6198028, 48.1371901 ], [ 11.618003, 48.1367312 ], [ 11.6190103, 48.1338664 ], [ 11.6160548, 48.1336377 ], [ 11.6131584, 48.1325542 ], [ 11.6089803, 48.128553 ], [ 11.6033146, 48.1247969 ], [ 11.6014909, 48.124665899999982 ], [ 11.5980486, 48.1225959 ], [ 11.5774899, 48.1185823 ], [ 11.5695863, 48.121654 ], [ 11.5694778, 48.1223204 ] ] ] } },
{ "type": "Feature", "properties": { "Jarak": "3000m", "Kelas": "Sedang", "name": "Berg am Laim" }, "geometry": { "type": "Polygon", "coordinates": [ [ [ 11.6011678, 48.1244481 ], [ 11.6033146, 48.1247969 ], [ 11.6087116, 48.1283615 ], [ 11.6131584, 48.1325542 ], [ 11.6160548, 48.1336377 ], [ 11.6190103, 48.1338664 ], [ 11.6186693, 48.13504420000001 ], [ 11.6237608, 48.1359544 ], [ 11.6293475, 48.1358722 ], [ 11.6329566, 48.1352472 ], [ 11.6358549, 48.1362455 ], [ 11.6396624, 48.136511199999987 ], [ 11.6531266, 48.1354075 ], [ 11.6551137, 48.1301005 ], [ 11.6565257, 48.1285182 ], [ 11.6518179, 48.121152 ], [ 11.6507234, 48.11964170000001 ], [ 11.6500164, 48.1198759 ], [ 11.6494333, 48.119193 ], [ 11.6464527, 48.114460699999988 ], [ 11.6436919, 48.1150839 ], [ 11.6380586, 48.1174677 ], [ 11.6258278, 48.119829 ], [ 11.6103619, 48.12101 ], [ 11.6060842, 48.1208409 ], [ 11.6011678, 48.1244481 ] ] ] } },
{ "type": "Feature", "properties": { "Jarak": "3000m", "Kelas": "Sedang", "name": "Untergiesing-Harlaching" }, "geometry": { "type": "MultiPolygon", "coordinates": [ [ [ [ 11.5560672, 48.0799449 ], [ 11.5563954, 48.0804318 ], [ 11.5577562, 48.0795803 ], [ 11.5569527, 48.0793801 ], [ 11.5560672, 48.0799449 ] ] ], [ [ [ 11.5413264, 48.0778866 ], [ 11.5442369, 48.0838314 ], [ 11.5504119, 48.0913646 ], [ 11.5500778, 48.0997666 ], [ 11.5506255, 48.1015233 ], [ 11.5551263, 48.1046804 ], [ 11.5556324, 48.1044558 ], [ 11.5596875, 48.1069933 ], [ 11.5613381, 48.1087743 ], [ 11.5616668, 48.1101541 ], [ 11.5608533, 48.1151921 ], [ 11.5611972, 48.1164938 ], [ 11.5645454, 48.1196145 ], [ 11.5693244, 48.1222148 ], [ 11.5695863, 48.121654 ], [ 11.5769887, 48.118762 ], [ 11.5767484, 48.1158834 ], [ 11.5757155, 48.1151696 ], [ 11.5736898, 48.1122146 ], [ 11.5764092, 48.1115218 ], [ 11.5780146, 48.1105831 ], [ 11.5822317, 48.104525 ], [ 11.5815487, 48.1043306 ], [ 11.5821544, 48.1032454 ], [ 11.5816815, 48.0986466 ], [ 11.5819792, 48.0983407 ], [ 11.585167, 48.0997108 ], [ 11.5882977, 48.0946304 ], [ 11.5744301, 48.0893368 ], [ 11.5743819, 48.0888153 ], [ 11.5732319, 48.0888993 ], [ 11.5629144, 48.0851799 ], [ 11.5624875, 48.0836047 ], [ 11.5539743, 48.0850231 ], [ 11.5491556, 48.0748689 ], [ 11.5499136, 48.0746572 ], [ 11.5490322, 48.0746059 ], [ 11.5454241, 48.0681278 ], [ 11.5440667, 48.0683123 ], [ 11.5439683, 48.0719453 ], [ 11.5431318, 48.0730499 ], [ 11.5436028, 48.0735282 ], [ 11.5426646, 48.0745128 ], [ 11.5417552, 48.0745914 ], [ 11.541585, 48.0755009 ], [ 11.5423719, 48.0778567 ], [ 11.5413264, 48.0778866 ] ] ] ] } },
{ "type": "Feature", "properties": { "Jarak": "3000m", "Kelas": "Sedang", "name": "Ramersdorf-Perlach" }, "geometry": { "type": "Polygon", "coordinates": [ [ [ 11.5981361, 48.12265330000001 ], [ 11.6010786, 48.124374199999984 ], [ 11.6060842, 48.1208409 ], [ 11.6103619, 48.12101 ], [ 11.6241951, 48.1200522 ], [ 11.6380586, 48.1174677 ], [ 11.6424881, 48.1158047 ], [ 11.6495813, 48.1111265 ], [ 11.6550775, 48.1108075 ], [ 11.6575451, 48.1094435 ], [ 11.6611361, 48.1084744 ], [ 11.6668866, 48.1044826 ], [ 11.6649248, 48.1021872 ], [ 11.6650742, 48.1009382 ], [ 11.6811855, 48.0968826 ], [ 11.683746, 48.0967772 ], [ 11.6887349, 48.0922119 ], [ 11.6856927, 48.0925076 ], [ 11.68304, 48.0920884 ], [ 11.6823549, 48.08819960000001 ], [ 11.6809631, 48.0841034 ], [ 11.681313, 48.0829658 ], [ 11.6835162, 48.0814904 ], [ 11.6840698, 48.079155 ], [ 11.685651, 48.0774915 ], [ 11.6737148, 48.0787812 ], [ 11.6734504, 48.0782127 ], [ 11.6717534, 48.0780549 ], [ 11.6655716, 48.0782116 ], [ 11.6634758, 48.0789937 ], [ 11.6330367, 48.0842769 ], [ 11.633041, 48.0859672 ], [ 11.6237095, 48.0873266 ], [ 11.6237531, 48.08811 ], [ 11.616311, 48.0884342 ], [ 11.6147979, 48.0943861 ], [ 11.6082532, 48.0946198 ], [ 11.6059379, 48.0952795 ], [ 11.6042458, 48.0967255 ], [ 11.5999028, 48.1031161 ], [ 11.5958244, 48.1125174 ], [ 11.5952542, 48.1151612 ], [ 11.5963876, 48.1206867 ], [ 11.5981361, 48.12265330000001 ] ] ] } },
{ "type": "Feature", "properties": { "Jarak": "3000m", "Kelas": "Sedang", "name": "Obergiesing-Fasangarten" }, "geometry": { "type": "Polygon", "coordinates": [ [ [ 11.5736898, 48.1122146 ], [ 11.5757155, 48.1151696 ], [ 11.5767484, 48.1158834 ], [ 11.5770952, 48.1185937 ], [ 11.5950184, 48.121931399999987 ], [ 11.5978378, 48.1228143 ], [ 11.5963876, 48.1206867 ], [ 11.5952542, 48.1151612 ], [ 11.5958244, 48.1125174 ], [ 11.5999028, 48.1031161 ], [ 11.6042458, 48.0967255 ], [ 11.6059379, 48.0952795 ], [ 11.6082532, 48.0946198 ], [ 11.6147979, 48.0943861 ], [ 11.616311, 48.0884342 ], [ 11.615151, 48.0884248 ], [ 11.6151817, 48.0880168 ], [ 11.6116855, 48.0881107 ], [ 11.6118972, 48.0870288 ], [ 11.6064974, 48.086808 ], [ 11.6035253, 48.0850642 ], [ 11.6017741, 48.0873456 ], [ 11.5983569, 48.0865858 ], [ 11.5976965, 48.0858711 ], [ 11.5950305, 48.085429599999983 ], [ 11.5947192, 48.085819099999988 ], [ 11.5945095, 48.0852642 ], [ 11.5926218, 48.0850713 ], [ 11.5918167, 48.0875241 ], [ 11.588558, 48.0934318 ], [ 11.5869189, 48.0938795 ], [ 11.5854243, 48.0935285 ], [ 11.5882977, 48.0946304 ], [ 11.585167, 48.0997108 ], [ 11.5819792, 48.0983407 ], [ 11.5816815, 48.0986466 ], [ 11.5821544, 48.1032454 ], [ 11.5815487, 48.1043306 ], [ 11.5822317, 48.104525 ], [ 11.5789692, 48.109323899999985 ], [ 11.5772951, 48.111125 ], [ 11.5736898, 48.1122146 ] ] ] } }
]
}
